--------------------------------------------------------
--  파일이 생성됨 - 목요일-1월-12-2023   
--------------------------------------------------------
DROP SEQUENCE "LEARN"."CALL_COMM_NO_SEQ";
DROP SEQUENCE "LEARN"."LECTURE_COMMENT_NO";
DROP SEQUENCE "LEARN"."LECTURE_COMMENT_REPLY_SEQ";
DROP SEQUENCE "LEARN"."LECTURE_LIKE_NO_SEQ";
DROP SEQUENCE "LEARN"."SEQ_TIMETABLE";
DROP SEQUENCE "LEARN"."USER_UNKOWN_SEQ";
DROP TABLE "LEARN"."ALRAM_LIST" cascade constraints;
DROP TABLE "LEARN"."BOARD_COMMENT" cascade constraints;
DROP TABLE "LEARN"."BOARD_COMMENT2" cascade constraints;
DROP TABLE "LEARN"."BOARD_REPORT" cascade constraints;
DROP TABLE "LEARN"."CALLCENTER_COMMENT" cascade constraints;
DROP TABLE "LEARN"."CALL_CENTER" cascade constraints;
DROP TABLE "LEARN"."CART" cascade constraints;
DROP TABLE "LEARN"."CATEGORY" cascade constraints;
DROP TABLE "LEARN"."CHATTING_CONTENTLIST" cascade constraints;
DROP TABLE "LEARN"."CHATTING_LIST" cascade constraints;
DROP TABLE "LEARN"."CLASS" cascade constraints;
DROP TABLE "LEARN"."FAQ" cascade constraints;
DROP TABLE "LEARN"."FREE_BOARD" cascade constraints;
DROP TABLE "LEARN"."FREE_BOOKMARK" cascade constraints;
DROP TABLE "LEARN"."FREE_LIKE" cascade constraints;
DROP TABLE "LEARN"."GRADE" cascade constraints;
DROP TABLE "LEARN"."LECTURE" cascade constraints;
DROP TABLE "LEARN"."LECTURE_LIKE" cascade constraints;
DROP TABLE "LEARN"."LECTURE_NEWS" cascade constraints;
DROP TABLE "LEARN"."LECTURE_REVIEW" cascade constraints;
DROP TABLE "LEARN"."LECTURE_REVIEW_COMMENT" cascade constraints;
DROP TABLE "LEARN"."MEMBER_CHAT_CONTENTS" cascade constraints;
DROP TABLE "LEARN"."MEMBER_CHAT_ROOM_LIST" cascade constraints;
DROP TABLE "LEARN"."MYROADMAP" cascade constraints;
DROP TABLE "LEARN"."NOTICE_BOARD" cascade constraints;
DROP TABLE "LEARN"."OFF_TIMETABLE" cascade constraints;
DROP TABLE "LEARN"."ORDERS" cascade constraints;
DROP TABLE "LEARN"."ORDER_DETAIL" cascade constraints;
DROP TABLE "LEARN"."POINT_LOG" cascade constraints;
DROP TABLE "LEARN"."QNA_BOOKMARK" cascade constraints;
DROP TABLE "LEARN"."QNA_LIKE" cascade constraints;
DROP TABLE "LEARN"."QUESTION_ANSWER" cascade constraints;
DROP TABLE "LEARN"."QUESTION_ANSWER_COMMENT" cascade constraints;
DROP TABLE "LEARN"."QUESTION_BOARD" cascade constraints;
DROP TABLE "LEARN"."REPORT_RESULT" cascade constraints;
DROP TABLE "LEARN"."RESUME" cascade constraints;
DROP TABLE "LEARN"."ROADMAP" cascade constraints;
DROP TABLE "LEARN"."USERS" cascade constraints;
DROP TABLE "LEARN"."VOTE" cascade constraints;
DROP TABLE "LEARN"."VOTE_LOG" cascade constraints;
DROP TABLE "LEARN"."USERS" cascade constraints;
DROP TABLE "LEARN"."FREE_BOARD" cascade constraints;
DROP TABLE "LEARN"."GRADE" cascade constraints;
DROP TABLE "LEARN"."BOARD_COMMENT" cascade constraints;
DROP TABLE "LEARN"."CALL_CENTER" cascade constraints;
DROP TABLE "LEARN"."LECTURE" cascade constraints;
DROP TABLE "LEARN"."CHATTING_LIST" cascade constraints;
DROP TABLE "LEARN"."CATEGORY" cascade constraints;
DROP TABLE "LEARN"."LECTURE_REVIEW" cascade constraints;
DROP TABLE "LEARN"."ROADMAP" cascade constraints;
DROP TABLE "LEARN"."ORDERS" cascade constraints;
DROP TABLE "LEARN"."QUESTION_BOARD" cascade constraints;
DROP TABLE "LEARN"."QUESTION_ANSWER" cascade constraints;
DROP TABLE "LEARN"."VOTE" cascade constraints;
DROP TABLE "LEARN"."ORDER_DETAIL" cascade constraints;
DROP TABLE "LEARN"."CART" cascade constraints;
DROP TABLE "LEARN"."OFF_TIMETABLE" cascade constraints;
DROP TABLE "LEARN"."LECTURE_LIKE" cascade constraints;
DROP TABLE "LEARN"."POINT_LOG" cascade constraints;
DROP TABLE "LEARN"."ALRAM_LIST" cascade constraints;
DROP TABLE "LEARN"."BOARD_COMMENT2" cascade constraints;
DROP TABLE "LEARN"."CALLCENTER_COMMENT" cascade constraints;
DROP TABLE "LEARN"."CHATTING_CONTENTLIST" cascade constraints;
DROP TABLE "LEARN"."CLASS" cascade constraints;
DROP TABLE "LEARN"."FAQ" cascade constraints;
DROP TABLE "LEARN"."FREE_BOOKMARK" cascade constraints;
DROP TABLE "LEARN"."LECTURE_NEWS" cascade constraints;
DROP TABLE "LEARN"."LECTURE_REVIEW_COMMENT" cascade constraints;
DROP TABLE "LEARN"."MEMBER_CHAT_ROOM_LIST" cascade constraints;
DROP TABLE "LEARN"."NOTICE_BOARD" cascade constraints;
DROP TABLE "LEARN"."QNA_BOOKMARK" cascade constraints;
DROP TABLE "LEARN"."QUESTION_ANSWER_COMMENT" cascade constraints;
DROP TABLE "LEARN"."REPORT_RESULT" cascade constraints;
DROP TABLE "LEARN"."RESUME" cascade constraints;
DROP TABLE "LEARN"."VOTE_LOG" cascade constraints;
DROP VIEW "LEARN"."ADMIN_REVENUE";
DROP VIEW "LEARN"."ADMIN_REVENUE_DETAIL";
DROP VIEW "LEARN"."CART_VIEW";
DROP VIEW "LEARN"."LIKE_VIEW";
DROP VIEW "LEARN"."ORDER_VIEW";
DROP PROCEDURE "LEARN"."CHECK_LECTURE_SALE";
--------------------------------------------------------
--  DDL for Sequence CALL_COMM_NO_SEQ
--------------------------------------------------------

   CREATE SEQUENCE  "LEARN"."CALL_COMM_NO_SEQ"  MINVALUE 1 MAXVALUE 9999999999999999999999999999 INCREMENT BY 1 START WITH 2 NOCACHE  NOORDER  NOCYCLE ;
--------------------------------------------------------
--  DDL for Sequence LECTURE_COMMENT_NO
--------------------------------------------------------

   CREATE SEQUENCE  "LEARN"."LECTURE_COMMENT_NO"  MINVALUE 1 MAXVALUE 9999999999999999999999999999 INCREMENT BY 1 START WITH 21 CACHE 20 NOORDER  NOCYCLE ;
--------------------------------------------------------
--  DDL for Sequence LECTURE_COMMENT_REPLY_SEQ
--------------------------------------------------------

   CREATE SEQUENCE  "LEARN"."LECTURE_COMMENT_REPLY_SEQ"  MINVALUE 1 MAXVALUE 9999999999999999999999999999 INCREMENT BY 1 START WITH 101 CACHE 20 NOORDER  NOCYCLE ;
--------------------------------------------------------
--  DDL for Sequence LECTURE_LIKE_NO_SEQ
--------------------------------------------------------

   CREATE SEQUENCE  "LEARN"."LECTURE_LIKE_NO_SEQ"  MINVALUE 1 MAXVALUE 9999999999999999999999999999 INCREMENT BY 1 START WITH 161 CACHE 20 NOORDER  NOCYCLE ;
--------------------------------------------------------
--  DDL for Sequence SEQ_TIMETABLE
--------------------------------------------------------

   CREATE SEQUENCE  "LEARN"."SEQ_TIMETABLE"  MINVALUE 1 MAXVALUE 9999999999999999999999999999 INCREMENT BY 1 START WITH 21 CACHE 20 NOORDER  NOCYCLE ;
--------------------------------------------------------
--  DDL for Sequence USER_UNKOWN_SEQ
--------------------------------------------------------

   CREATE SEQUENCE  "LEARN"."USER_UNKOWN_SEQ"  MINVALUE 1 MAXVALUE 9999999999999999999999999999 INCREMENT BY 1 START WITH 3 NOCACHE  NOORDER  NOCYCLE ;
--------------------------------------------------------
--  DDL for Table ALRAM_LIST
--------------------------------------------------------

  CREATE TABLE "LEARN"."ALRAM_LIST" 
   (	"A_NO" NUMBER, 
	"TO_ID" VARCHAR2(50 BYTE), 
	"FROM_ID" VARCHAR2(1000 BYTE), 
	"TITLE" VARCHAR2(1000 BYTE), 
	"B_NO" NUMBER, 
	"CATEGORI" VARCHAR2(1000 BYTE)
   ) SEGMENT CREATION IMMEDIATE 
  PCTFREE 10 PCTUSED 40 INITRANS 1 MAXTRANS 255 NOCOMPRESS LOGGING
  STORAGE(INITIAL 65536 NEXT 1048576 MINEXTENTS 1 MAXEXTENTS 2147483645
  PCTINCREASE 0 FREELISTS 1 FREELIST GROUPS 1 BUFFER_POOL DEFAULT FLASH_CACHE DEFAULT CELL_FLASH_CACHE DEFAULT)
  TABLESPACE "USERS" ;
--------------------------------------------------------
--  DDL for Table BOARD_COMMENT
--------------------------------------------------------

  CREATE TABLE "LEARN"."BOARD_COMMENT" 
   (	"COMMENT_NO" NUMBER, 
	"BOARD_NO" NUMBER, 
	"USER_ID" VARCHAR2(50 BYTE), 
	"GRADE" VARCHAR2(50 BYTE), 
	"COMMENT_CONTENT" VARCHAR2(4000 BYTE), 
	"COMMENT_REGDATE" DATE DEFAULT SYSDATE
   ) SEGMENT CREATION IMMEDIATE 
  PCTFREE 10 PCTUSED 40 INITRANS 1 MAXTRANS 255 NOCOMPRESS LOGGING
  STORAGE(INITIAL 65536 NEXT 1048576 MINEXTENTS 1 MAXEXTENTS 2147483645
  PCTINCREASE 0 FREELISTS 1 FREELIST GROUPS 1 BUFFER_POOL DEFAULT FLASH_CACHE DEFAULT CELL_FLASH_CACHE DEFAULT)
  TABLESPACE "USERS" ;

   COMMENT ON COLUMN "LEARN"."BOARD_COMMENT"."GRADE" IS '일반회원, 강의자, 관리자, 탈퇴';
--------------------------------------------------------
--  DDL for Table BOARD_COMMENT2
--------------------------------------------------------

  CREATE TABLE "LEARN"."BOARD_COMMENT2" 
   (	"COMMENT2_NO" NUMBER, 
	"COMMENT_NO" NUMBER, 
	"USER_ID" VARCHAR2(50 BYTE), 
	"GRADE" VARCHAR2(50 BYTE), 
	"COMMENT2_CONTENT" VARCHAR2(4000 BYTE), 
	"COMMENT2_REGDATE" DATE DEFAULT SYSDATE
   ) SEGMENT CREATION IMMEDIATE 
  PCTFREE 10 PCTUSED 40 INITRANS 1 MAXTRANS 255 NOCOMPRESS LOGGING
  STORAGE(INITIAL 65536 NEXT 1048576 MINEXTENTS 1 MAXEXTENTS 2147483645
  PCTINCREASE 0 FREELISTS 1 FREELIST GROUPS 1 BUFFER_POOL DEFAULT FLASH_CACHE DEFAULT CELL_FLASH_CACHE DEFAULT)
  TABLESPACE "USERS" ;
--------------------------------------------------------
--  DDL for Table BOARD_REPORT
--------------------------------------------------------

  CREATE TABLE "LEARN"."BOARD_REPORT" 
   (	"REPORT_REASON" VARCHAR2(4000 BYTE), 
	"REPORT_DATE" DATE DEFAULT SYSDATE, 
	"REPORT_STATUS" VARCHAR2(100 BYTE) DEFAULT 0, 
	"BOARD_TYPE" VARCHAR2(100 BYTE), 
	"BOARD_NO" NUMBER(10,0), 
	"REPORTER" VARCHAR2(50 BYTE), 
	"REPPERSON" VARCHAR2(50 BYTE)
   ) SEGMENT CREATION IMMEDIATE 
  PCTFREE 10 PCTUSED 40 INITRANS 1 MAXTRANS 255 NOCOMPRESS LOGGING
  STORAGE(INITIAL 65536 NEXT 1048576 MINEXTENTS 1 MAXEXTENTS 2147483645
  PCTINCREASE 0 FREELISTS 1 FREELIST GROUPS 1 BUFFER_POOL DEFAULT FLASH_CACHE DEFAULT CELL_FLASH_CACHE DEFAULT)
  TABLESPACE "USERS" ;

   COMMENT ON COLUMN "LEARN"."BOARD_REPORT"."REPORT_STATUS" IS '0미해결/1해결';
--------------------------------------------------------
--  DDL for Table CALLCENTER_COMMENT
--------------------------------------------------------

  CREATE TABLE "LEARN"."CALLCENTER_COMMENT" 
   (	"COMMENT_NO" NUMBER, 
	"QNA_NO" NUMBER, 
	"USER_ID" VARCHAR2(50 BYTE), 
	"GRADE" VARCHAR2(50 BYTE), 
	"COMMENT_CONTENT" VARCHAR2(4000 BYTE), 
	"COMMENT_REGDATE" DATE DEFAULT SYSDATE, 
	"COMMENT_FILE" VARCHAR2(500 BYTE)
   ) SEGMENT CREATION IMMEDIATE 
  PCTFREE 10 PCTUSED 40 INITRANS 1 MAXTRANS 255 NOCOMPRESS LOGGING
  STORAGE(INITIAL 65536 NEXT 1048576 MINEXTENTS 1 MAXEXTENTS 2147483645
  PCTINCREASE 0 FREELISTS 1 FREELIST GROUPS 1 BUFFER_POOL DEFAULT FLASH_CACHE DEFAULT CELL_FLASH_CACHE DEFAULT)
  TABLESPACE "USERS" ;

   COMMENT ON COLUMN "LEARN"."CALLCENTER_COMMENT"."GRADE" IS '일반회원, 강의자, 관리자, 탈퇴';
--------------------------------------------------------
--  DDL for Table CALL_CENTER
--------------------------------------------------------

  CREATE TABLE "LEARN"."CALL_CENTER" 
   (	"QNA_NO" NUMBER, 
	"USER_ID" VARCHAR2(50 BYTE), 
	"GRADE" VARCHAR2(50 BYTE), 
	"QNA_TITLE" VARCHAR2(500 BYTE), 
	"QNA_CONTENT" VARCHAR2(4000 BYTE), 
	"QNA_REGDATE" DATE DEFAULT SYSDATE, 
	"QNA_ADOPT" VARCHAR2(50 BYTE) DEFAULT 'FALSE', 
	"QNA_FILE" VARCHAR2(500 BYTE)
   ) SEGMENT CREATION IMMEDIATE 
  PCTFREE 10 PCTUSED 40 INITRANS 1 MAXTRANS 255 NOCOMPRESS LOGGING
  STORAGE(INITIAL 65536 NEXT 1048576 MINEXTENTS 1 MAXEXTENTS 2147483645
  PCTINCREASE 0 FREELISTS 1 FREELIST GROUPS 1 BUFFER_POOL DEFAULT FLASH_CACHE DEFAULT CELL_FLASH_CACHE DEFAULT)
  TABLESPACE "USERS" ;

   COMMENT ON COLUMN "LEARN"."CALL_CENTER"."GRADE" IS '일반회원, 강의자, 관리자, 탈퇴';
--------------------------------------------------------
--  DDL for Table CART
--------------------------------------------------------

  CREATE TABLE "LEARN"."CART" 
   (	"CART_NO" NUMBER(4,0), 
	"USER_ID" VARCHAR2(50 BYTE), 
	"TIMETABLE_NO" NUMBER(4,0), 
	"LECTURE_NO" NUMBER(4,0)
   ) SEGMENT CREATION IMMEDIATE 
  PCTFREE 10 PCTUSED 40 INITRANS 1 MAXTRANS 255 NOCOMPRESS LOGGING
  STORAGE(INITIAL 65536 NEXT 1048576 MINEXTENTS 1 MAXEXTENTS 2147483645
  PCTINCREASE 0 FREELISTS 1 FREELIST GROUPS 1 BUFFER_POOL DEFAULT FLASH_CACHE DEFAULT CELL_FLASH_CACHE DEFAULT)
  TABLESPACE "USERS" ;

   COMMENT ON COLUMN "LEARN"."CART"."CART_NO" IS '바로 결제시 장바구니번호 NULL';
--------------------------------------------------------
--  DDL for Table CATEGORY
--------------------------------------------------------

  CREATE TABLE "LEARN"."CATEGORY" 
   (	"CATEGORY_NAME" VARCHAR2(30 BYTE), 
	"CATEGORY_NO" NUMBER(30,0) DEFAULT 0
   ) SEGMENT CREATION IMMEDIATE 
  PCTFREE 10 PCTUSED 40 INITRANS 1 MAXTRANS 255 NOCOMPRESS LOGGING
  STORAGE(INITIAL 65536 NEXT 1048576 MINEXTENTS 1 MAXEXTENTS 2147483645
  PCTINCREASE 0 FREELISTS 1 FREELIST GROUPS 1 BUFFER_POOL DEFAULT FLASH_CACHE DEFAULT CELL_FLASH_CACHE DEFAULT)
  TABLESPACE "USERS" ;
--------------------------------------------------------
--  DDL for Table CHATTING_CONTENTLIST
--------------------------------------------------------

  CREATE TABLE "LEARN"."CHATTING_CONTENTLIST" 
   (	"CONTENT_NO" NUMBER, 
	"CHAT_NO" NUMBER, 
	"SEND_ID" VARCHAR2(100 BYTE), 
	"CONTENT" VARCHAR2(4000 BYTE), 
	"REGDATE" DATE DEFAULT sysdate
   ) SEGMENT CREATION IMMEDIATE 
  PCTFREE 10 PCTUSED 40 INITRANS 1 MAXTRANS 255 NOCOMPRESS LOGGING
  STORAGE(INITIAL 65536 NEXT 1048576 MINEXTENTS 1 MAXEXTENTS 2147483645
  PCTINCREASE 0 FREELISTS 1 FREELIST GROUPS 1 BUFFER_POOL DEFAULT FLASH_CACHE DEFAULT CELL_FLASH_CACHE DEFAULT)
  TABLESPACE "USERS" ;
--------------------------------------------------------
--  DDL for Table CHATTING_LIST
--------------------------------------------------------

  CREATE TABLE "LEARN"."CHATTING_LIST" 
   (	"CHAT_NO" NUMBER, 
	"USER_ID" VARCHAR2(50 BYTE), 
	"CHAT_CONTENTS" VARCHAR2(4000 BYTE), 
	"CHAT_REGDATE" DATE DEFAULT SYSDATE, 
	"CHAT_OK" NUMBER DEFAULT 1
   ) SEGMENT CREATION IMMEDIATE 
  PCTFREE 10 PCTUSED 40 INITRANS 1 MAXTRANS 255 NOCOMPRESS LOGGING
  STORAGE(INITIAL 65536 NEXT 1048576 MINEXTENTS 1 MAXEXTENTS 2147483645
  PCTINCREASE 0 FREELISTS 1 FREELIST GROUPS 1 BUFFER_POOL DEFAULT FLASH_CACHE DEFAULT CELL_FLASH_CACHE DEFAULT)
  TABLESPACE "USERS" ;

   COMMENT ON COLUMN "LEARN"."CHATTING_LIST"."CHAT_OK" IS '0=미응답,1=응답';
--------------------------------------------------------
--  DDL for Table CLASS
--------------------------------------------------------

  CREATE TABLE "LEARN"."CLASS" 
   (	"CLASS_NO" NUMBER(3,0), 
	"LECTURE_NO" NUMBER(4,0), 
	"CATEGORY_NAME" VARCHAR2(30 BYTE), 
	"SECTION_NO" NUMBER(3,0), 
	"CLASS_NAME" VARCHAR2(50 BYTE), 
	"CLASS_URL" VARCHAR2(100 BYTE), 
	"PREVIEW" VARCHAR2(255 BYTE), 
	"FILENAME" VARCHAR2(4000 BYTE), 
	"ORINAME" VARCHAR2(4000 BYTE), 
	"VIDEONAME" VARCHAR2(4000 BYTE)
   ) SEGMENT CREATION IMMEDIATE 
  PCTFREE 10 PCTUSED 40 INITRANS 1 MAXTRANS 255 NOCOMPRESS LOGGING
  STORAGE(INITIAL 65536 NEXT 1048576 MINEXTENTS 1 MAXEXTENTS 2147483645
  PCTINCREASE 0 FREELISTS 1 FREELIST GROUPS 1 BUFFER_POOL DEFAULT FLASH_CACHE DEFAULT CELL_FLASH_CACHE DEFAULT)
  TABLESPACE "USERS" ;

   COMMENT ON COLUMN "LEARN"."CLASS"."CLASS_URL" IS 'NULL 가능';
   COMMENT ON COLUMN "LEARN"."CLASS"."PREVIEW" IS '0:무료/1유료';
   COMMENT ON COLUMN "LEARN"."CLASS"."FILENAME" IS '강의자료 저장이름';
   COMMENT ON COLUMN "LEARN"."CLASS"."ORINAME" IS '강의자료 원본이름';
   COMMENT ON COLUMN "LEARN"."CLASS"."VIDEONAME" IS '강의영상 파일';
--------------------------------------------------------
--  DDL for Table FAQ
--------------------------------------------------------

  CREATE TABLE "LEARN"."FAQ" 
   (	"FAQ_NO" NUMBER, 
	"FAQ_QUESTION" VARCHAR2(4000 BYTE), 
	"FAQ_ANSWER" VARCHAR2(4000 BYTE)
   ) SEGMENT CREATION IMMEDIATE 
  PCTFREE 10 PCTUSED 40 INITRANS 1 MAXTRANS 255 NOCOMPRESS LOGGING
  STORAGE(INITIAL 65536 NEXT 1048576 MINEXTENTS 1 MAXEXTENTS 2147483645
  PCTINCREASE 0 FREELISTS 1 FREELIST GROUPS 1 BUFFER_POOL DEFAULT FLASH_CACHE DEFAULT CELL_FLASH_CACHE DEFAULT)
  TABLESPACE "USERS" ;
--------------------------------------------------------
--  DDL for Table FREE_BOARD
--------------------------------------------------------

  CREATE TABLE "LEARN"."FREE_BOARD" 
   (	"FBOARD_NO" NUMBER, 
	"USER_ID" VARCHAR2(50 BYTE), 
	"GRADE" VARCHAR2(50 BYTE), 
	"BOARD_TITLE" VARCHAR2(500 BYTE), 
	"BOARD_CONTENT" VARCHAR2(4000 BYTE), 
	"BOARD_REGDATE" DATE DEFAULT SYSDATE, 
	"BOARD_HIT" NUMBER DEFAULT 0, 
	"BOARD_LIKE" NUMBER DEFAULT 0, 
	"BOARD_FILE" VARCHAR2(500 BYTE), 
	"COMMENT_CNT" NUMBER(5,0) DEFAULT 0
   ) SEGMENT CREATION IMMEDIATE 
  PCTFREE 10 PCTUSED 40 INITRANS 1 MAXTRANS 255 NOCOMPRESS LOGGING
  STORAGE(INITIAL 65536 NEXT 1048576 MINEXTENTS 1 MAXEXTENTS 2147483645
  PCTINCREASE 0 FREELISTS 1 FREELIST GROUPS 1 BUFFER_POOL DEFAULT FLASH_CACHE DEFAULT CELL_FLASH_CACHE DEFAULT)
  TABLESPACE "USERS" ;
--------------------------------------------------------
--  DDL for Table FREE_BOOKMARK
--------------------------------------------------------

  CREATE TABLE "LEARN"."FREE_BOOKMARK" 
   (	"BOOKNARK_NO" VARCHAR2(255 BYTE), 
	"USER_ID" VARCHAR2(50 BYTE), 
	"BOARD_NO" NUMBER, 
	"GRADE" VARCHAR2(50 BYTE)
   ) SEGMENT CREATION IMMEDIATE 
  PCTFREE 10 PCTUSED 40 INITRANS 1 MAXTRANS 255 NOCOMPRESS LOGGING
  STORAGE(INITIAL 65536 NEXT 1048576 MINEXTENTS 1 MAXEXTENTS 2147483645
  PCTINCREASE 0 FREELISTS 1 FREELIST GROUPS 1 BUFFER_POOL DEFAULT FLASH_CACHE DEFAULT CELL_FLASH_CACHE DEFAULT)
  TABLESPACE "USERS" ;
--------------------------------------------------------
--  DDL for Table FREE_LIKE
--------------------------------------------------------

  CREATE TABLE "LEARN"."FREE_LIKE" 
   (	"USER_ID" VARCHAR2(50 BYTE), 
	"BOARD_NO" NUMBER
   ) SEGMENT CREATION IMMEDIATE 
  PCTFREE 10 PCTUSED 40 INITRANS 1 MAXTRANS 255 NOCOMPRESS LOGGING
  STORAGE(INITIAL 65536 NEXT 1048576 MINEXTENTS 1 MAXEXTENTS 2147483645
  PCTINCREASE 0 FREELISTS 1 FREELIST GROUPS 1 BUFFER_POOL DEFAULT FLASH_CACHE DEFAULT CELL_FLASH_CACHE DEFAULT)
  TABLESPACE "USERS" ;
--------------------------------------------------------
--  DDL for Table GRADE
--------------------------------------------------------

  CREATE TABLE "LEARN"."GRADE" 
   (	"GRADE" VARCHAR2(50 BYTE) DEFAULT '일반회원'
   ) SEGMENT CREATION IMMEDIATE 
  PCTFREE 10 PCTUSED 40 INITRANS 1 MAXTRANS 255 NOCOMPRESS LOGGING
  STORAGE(INITIAL 65536 NEXT 1048576 MINEXTENTS 1 MAXEXTENTS 2147483645
  PCTINCREASE 0 FREELISTS 1 FREELIST GROUPS 1 BUFFER_POOL DEFAULT FLASH_CACHE DEFAULT CELL_FLASH_CACHE DEFAULT)
  TABLESPACE "USERS" ;

   COMMENT ON COLUMN "LEARN"."GRADE"."GRADE" IS '일반회원, 강의자, 관리자, 탈퇴';
--------------------------------------------------------
--  DDL for Table LECTURE
--------------------------------------------------------

  CREATE TABLE "LEARN"."LECTURE" 
   (	"LECTURE_NO" NUMBER(4,0), 
	"USER_ID" VARCHAR2(50 BYTE), 
	"CATEGORY_NAME" VARCHAR2(30 BYTE), 
	"LECTURE_TITLE" VARCHAR2(100 BYTE), 
	"LECTURE_WRITER" VARCHAR2(50 BYTE), 
	"LECTURE_URL" VARCHAR2(4000 BYTE), 
	"LECTURE_DUE" NUMBER(3,0), 
	"LECTURE_LEVEL" VARCHAR2(30 BYTE), 
	"LECTURE_CONTENT" VARCHAR2(4000 BYTE), 
	"LECTURE_SUMMARY" VARCHAR2(500 BYTE), 
	"LECTURE_SALERATE" NUMBER(3,0) DEFAULT 0, 
	"LECTURE_SALEDUE" DATE, 
	"LECTURE_PRICE" NUMBER(10,0) DEFAULT 0, 
	"LECTURE_REGDATE" DATE DEFAULT SYSDATE, 
	"LECTURE_COVERIMG" VARCHAR2(200 BYTE), 
	"LECTURE_SECTION" VARCHAR2(4000 BYTE), 
	"LECTURE_ON_OFF" NUMBER(3,0), 
	"STUDENT_COUNT" NUMBER(4,0) DEFAULT 0, 
	"QS_WEEKDAYS" NUMBER(1,0), 
	"QS_START" DATE, 
	"QS_END" DATE
   ) SEGMENT CREATION IMMEDIATE 
  PCTFREE 10 PCTUSED 40 INITRANS 1 MAXTRANS 255 NOCOMPRESS LOGGING
  STORAGE(INITIAL 65536 NEXT 1048576 MINEXTENTS 1 MAXEXTENTS 2147483645
  PCTINCREASE 0 FREELISTS 1 FREELIST GROUPS 1 BUFFER_POOL DEFAULT FLASH_CACHE DEFAULT CELL_FLASH_CACHE DEFAULT)
  TABLESPACE "USERS" ;

   COMMENT ON COLUMN "LEARN"."LECTURE"."LECTURE_URL" IS '강의공유URL';
   COMMENT ON COLUMN "LEARN"."LECTURE"."LECTURE_DUE" IS '오프라인은 NULL';
   COMMENT ON COLUMN "LEARN"."LECTURE"."LECTURE_CONTENT" IS '오프라인 강의시간 포함';
   COMMENT ON COLUMN "LEARN"."LECTURE"."LECTURE_SECTION" IS '/ 로 구분';
   COMMENT ON COLUMN "LEARN"."LECTURE"."LECTURE_ON_OFF" IS '0: 온라인 / 1: 오프라인';
--------------------------------------------------------
--  DDL for Table LECTURE_LIKE
--------------------------------------------------------

  CREATE TABLE "LEARN"."LECTURE_LIKE" 
   (	"LIKE_NO" NUMBER(4,0), 
	"LECTURE_NO" NUMBER(4,0), 
	"USER_ID" VARCHAR2(50 BYTE)
   ) SEGMENT CREATION IMMEDIATE 
  PCTFREE 10 PCTUSED 40 INITRANS 1 MAXTRANS 255 NOCOMPRESS LOGGING
  STORAGE(INITIAL 65536 NEXT 1048576 MINEXTENTS 1 MAXEXTENTS 2147483645
  PCTINCREASE 0 FREELISTS 1 FREELIST GROUPS 1 BUFFER_POOL DEFAULT FLASH_CACHE DEFAULT CELL_FLASH_CACHE DEFAULT)
  TABLESPACE "USERS" ;
--------------------------------------------------------
--  DDL for Table LECTURE_NEWS
--------------------------------------------------------

  CREATE TABLE "LEARN"."LECTURE_NEWS" 
   (	"BOARD_NO" NUMBER(4,0), 
	"LECTURE_NO" NUMBER(4,0), 
	"LECTURE_WRITER" VARCHAR2(50 BYTE), 
	"NEWS_CONTENT" VARCHAR2(4000 BYTE), 
	"BOARD_REGDATE" DATE DEFAULT SYSDATE, 
	"NEWS_TITLE" VARCHAR2(4000 BYTE)
   ) SEGMENT CREATION IMMEDIATE 
  PCTFREE 10 PCTUSED 40 INITRANS 1 MAXTRANS 255 NOCOMPRESS LOGGING
  STORAGE(INITIAL 65536 NEXT 1048576 MINEXTENTS 1 MAXEXTENTS 2147483645
  PCTINCREASE 0 FREELISTS 1 FREELIST GROUPS 1 BUFFER_POOL DEFAULT FLASH_CACHE DEFAULT CELL_FLASH_CACHE DEFAULT)
  TABLESPACE "USERS" ;
--------------------------------------------------------
--  DDL for Table LECTURE_REVIEW
--------------------------------------------------------

  CREATE TABLE "LEARN"."LECTURE_REVIEW" 
   (	"BOARD_NO" NUMBER(4,0), 
	"LECTURE_NO" NUMBER(4,0), 
	"USER_ID" VARCHAR2(50 BYTE), 
	"BOARD_RATE" NUMBER(2,0), 
	"BOARD_CONTENT" VARCHAR2(4000 BYTE), 
	"BOARD_REGDATE" DATE DEFAULT SYSDATE
   ) SEGMENT CREATION IMMEDIATE 
  PCTFREE 10 PCTUSED 40 INITRANS 1 MAXTRANS 255 NOCOMPRESS LOGGING
  STORAGE(INITIAL 65536 NEXT 1048576 MINEXTENTS 1 MAXEXTENTS 2147483645
  PCTINCREASE 0 FREELISTS 1 FREELIST GROUPS 1 BUFFER_POOL DEFAULT FLASH_CACHE DEFAULT CELL_FLASH_CACHE DEFAULT)
  TABLESPACE "USERS" ;
--------------------------------------------------------
--  DDL for Table LECTURE_REVIEW_COMMENT
--------------------------------------------------------

  CREATE TABLE "LEARN"."LECTURE_REVIEW_COMMENT" 
   (	"COMMENT_NO" NUMBER, 
	"BOARD_NO" NUMBER(4,0), 
	"LECTURE_NO" NUMBER(4,0), 
	"LECTURE_WRITER" VARCHAR2(50 BYTE), 
	"COMMENT_CONTENT" VARCHAR2(4000 BYTE), 
	"COMMENT_REGDATE" DATE DEFAULT SYSDATE
   ) SEGMENT CREATION IMMEDIATE 
  PCTFREE 10 PCTUSED 40 INITRANS 1 MAXTRANS 255 NOCOMPRESS LOGGING
  STORAGE(INITIAL 65536 NEXT 1048576 MINEXTENTS 1 MAXEXTENTS 2147483645
  PCTINCREASE 0 FREELISTS 1 FREELIST GROUPS 1 BUFFER_POOL DEFAULT FLASH_CACHE DEFAULT CELL_FLASH_CACHE DEFAULT)
  TABLESPACE "USERS" ;
--------------------------------------------------------
--  DDL for Table MEMBER_CHAT_CONTENTS
--------------------------------------------------------

  CREATE TABLE "LEARN"."MEMBER_CHAT_CONTENTS" 
   (	"CHATROOM_NO" NUMBER, 
	"SENDER_ID" VARCHAR2(50 BYTE), 
	"CHAT_CONTENT" VARCHAR2(4000 BYTE), 
	"CHAT_REGDATE" DATE DEFAULT SYSDATE, 
	"CHAT_STATUS" VARCHAR2(20 BYTE) DEFAULT 'FALSE'
   ) SEGMENT CREATION IMMEDIATE 
  PCTFREE 10 PCTUSED 40 INITRANS 1 MAXTRANS 255 NOCOMPRESS LOGGING
  STORAGE(INITIAL 65536 NEXT 1048576 MINEXTENTS 1 MAXEXTENTS 2147483645
  PCTINCREASE 0 FREELISTS 1 FREELIST GROUPS 1 BUFFER_POOL DEFAULT FLASH_CACHE DEFAULT CELL_FLASH_CACHE DEFAULT)
  TABLESPACE "USERS" ;

   COMMENT ON COLUMN "LEARN"."MEMBER_CHAT_CONTENTS"."CHAT_STATUS" IS '무슨 행동을 하던 마지막 상대 상태를 TRUE로 바꿔줘야 하나';
--------------------------------------------------------
--  DDL for Table MEMBER_CHAT_ROOM_LIST
--------------------------------------------------------

  CREATE TABLE "LEARN"."MEMBER_CHAT_ROOM_LIST" 
   (	"CHATROOM_NO" NUMBER, 
	"SENDER_ID" VARCHAR2(50 BYTE), 
	"RECEIVER_ID" VARCHAR2(50 BYTE), 
	"SENDER_NAME" VARCHAR2(50 BYTE), 
	"RECEIVER_NAME" VARCHAR2(50 BYTE), 
	"CHAT_CONTENTS" VARCHAR2(4000 BYTE), 
	"CHAT_REGDATE" DATE DEFAULT SYSDATE, 
	"LAST_CHATER" VARCHAR2(50 BYTE)
   ) SEGMENT CREATION IMMEDIATE 
  PCTFREE 10 PCTUSED 40 INITRANS 1 MAXTRANS 255 NOCOMPRESS LOGGING
  STORAGE(INITIAL 65536 NEXT 1048576 MINEXTENTS 1 MAXEXTENTS 2147483645
  PCTINCREASE 0 FREELISTS 1 FREELIST GROUPS 1 BUFFER_POOL DEFAULT FLASH_CACHE DEFAULT CELL_FLASH_CACHE DEFAULT)
  TABLESPACE "USERS" ;
--------------------------------------------------------
--  DDL for Table MYROADMAP
--------------------------------------------------------

  CREATE TABLE "LEARN"."MYROADMAP" 
   (	"RBOARD_NO" VARCHAR2(255 BYTE), 
	"USER_ID" VARCHAR2(50 BYTE), 
	"ROADMAP_START" DATE, 
	"ROADMAP_RATE" NUMBER(3,0)
   ) SEGMENT CREATION IMMEDIATE 
  PCTFREE 10 PCTUSED 40 INITRANS 1 MAXTRANS 255 NOCOMPRESS LOGGING
  STORAGE(INITIAL 65536 NEXT 1048576 MINEXTENTS 1 MAXEXTENTS 2147483645
  PCTINCREASE 0 FREELISTS 1 FREELIST GROUPS 1 BUFFER_POOL DEFAULT FLASH_CACHE DEFAULT CELL_FLASH_CACHE DEFAULT)
  TABLESPACE "USERS" ;
--------------------------------------------------------
--  DDL for Table NOTICE_BOARD
--------------------------------------------------------

  CREATE TABLE "LEARN"."NOTICE_BOARD" 
   (	"BOARD_NO" NUMBER, 
	"USER_ID" VARCHAR2(50 BYTE), 
	"GRADE" VARCHAR2(50 BYTE), 
	"BOARD_TITLE" VARCHAR2(500 BYTE), 
	"BOARD_CONTENT" VARCHAR2(4000 BYTE), 
	"BOARD_REGDATE" DATE DEFAULT SYSDATE
   ) SEGMENT CREATION IMMEDIATE 
  PCTFREE 10 PCTUSED 40 INITRANS 1 MAXTRANS 255 NOCOMPRESS LOGGING
  STORAGE(INITIAL 65536 NEXT 1048576 MINEXTENTS 1 MAXEXTENTS 2147483645
  PCTINCREASE 0 FREELISTS 1 FREELIST GROUPS 1 BUFFER_POOL DEFAULT FLASH_CACHE DEFAULT CELL_FLASH_CACHE DEFAULT)
  TABLESPACE "USERS" ;
--------------------------------------------------------
--  DDL for Table OFF_TIMETABLE
--------------------------------------------------------

  CREATE TABLE "LEARN"."OFF_TIMETABLE" 
   (	"TIMETABLE_NO" NUMBER(4,0), 
	"LECTURE_NO" NUMBER(4,0), 
	"LECTURE_ADDRESS" VARCHAR2(500 BYTE), 
	"MAX_SEAT" NUMBER(4,0), 
	"TIMETABLE_START" DATE, 
	"TIMETABLE_END" DATE, 
	"LECTURE_PAST_ADDRESS" VARCHAR2(500 BYTE)
   ) SEGMENT CREATION IMMEDIATE 
  PCTFREE 10 PCTUSED 40 INITRANS 1 MAXTRANS 255 NOCOMPRESS LOGGING
  STORAGE(INITIAL 65536 NEXT 1048576 MINEXTENTS 1 MAXEXTENTS 2147483645
  PCTINCREASE 0 FREELISTS 1 FREELIST GROUPS 1 BUFFER_POOL DEFAULT FLASH_CACHE DEFAULT CELL_FLASH_CACHE DEFAULT)
  TABLESPACE "USERS" ;
--------------------------------------------------------
--  DDL for Table ORDERS
--------------------------------------------------------

  CREATE TABLE "LEARN"."ORDERS" 
   (	"ORDER_NO" NUMBER(4,0), 
	"USER_ID" VARCHAR2(50 BYTE), 
	"ORDER_PRICE" NUMBER(38,0), 
	"ORDER_REGDATE" DATE, 
	"ORDER_PAYMENT" VARCHAR2(100 BYTE)
   ) SEGMENT CREATION IMMEDIATE 
  PCTFREE 10 PCTUSED 40 INITRANS 1 MAXTRANS 255 NOCOMPRESS LOGGING
  STORAGE(INITIAL 65536 NEXT 1048576 MINEXTENTS 1 MAXEXTENTS 2147483645
  PCTINCREASE 0 FREELISTS 1 FREELIST GROUPS 1 BUFFER_POOL DEFAULT FLASH_CACHE DEFAULT CELL_FLASH_CACHE DEFAULT)
  TABLESPACE "USERS" ;

   COMMENT ON COLUMN "LEARN"."ORDERS"."ORDER_PAYMENT" IS '(보류)';
--------------------------------------------------------
--  DDL for Table ORDER_DETAIL
--------------------------------------------------------

  CREATE TABLE "LEARN"."ORDER_DETAIL" 
   (	"ORDER_DETAIL_NO" NUMBER(4,0), 
	"ORDER_NO" NUMBER(4,0), 
	"USER_ID" VARCHAR2(50 BYTE), 
	"LECTURE_NO" NUMBER(4,0), 
	"TIMETABLE_NO" NUMBER(4,0), 
	"ORDER_STATUS" VARCHAR2(50 BYTE), 
	"LECTURE_RATE" NUMBER(3,0) DEFAULT 0
   ) SEGMENT CREATION IMMEDIATE 
  PCTFREE 10 PCTUSED 40 INITRANS 1 MAXTRANS 255 NOCOMPRESS LOGGING
  STORAGE(INITIAL 65536 NEXT 1048576 MINEXTENTS 1 MAXEXTENTS 2147483645
  PCTINCREASE 0 FREELISTS 1 FREELIST GROUPS 1 BUFFER_POOL DEFAULT FLASH_CACHE DEFAULT CELL_FLASH_CACHE DEFAULT)
  TABLESPACE "USERS" ;

   COMMENT ON COLUMN "LEARN"."ORDER_DETAIL"."ORDER_STATUS" IS '0: 주문완료 /  1:  결제취소';
   COMMENT ON COLUMN "LEARN"."ORDER_DETAIL"."LECTURE_RATE" IS '진도율';
--------------------------------------------------------
--  DDL for Table POINT_LOG
--------------------------------------------------------

  CREATE TABLE "LEARN"."POINT_LOG" 
   (	"LOG_NUM" VARCHAR2(255 BYTE), 
	"USER_ID" VARCHAR2(50 BYTE), 
	"ORDER_NO" NUMBER(4,0), 
	"USEPOINT_LOG" NUMBER, 
	"POINT_DATE" DATE, 
	"EARN_POINT" NUMBER
   ) SEGMENT CREATION IMMEDIATE 
  PCTFREE 10 PCTUSED 40 INITRANS 1 MAXTRANS 255 NOCOMPRESS LOGGING
  STORAGE(INITIAL 65536 NEXT 1048576 MINEXTENTS 1 MAXEXTENTS 2147483645
  PCTINCREASE 0 FREELISTS 1 FREELIST GROUPS 1 BUFFER_POOL DEFAULT FLASH_CACHE DEFAULT CELL_FLASH_CACHE DEFAULT)
  TABLESPACE "USERS" ;

   COMMENT ON COLUMN "LEARN"."POINT_LOG"."USEPOINT_LOG" IS 'USER테이블에 트리거로';
   COMMENT ON COLUMN "LEARN"."POINT_LOG"."POINT_DATE" IS 'SYSDATE';
--------------------------------------------------------
--  DDL for Table QNA_BOOKMARK
--------------------------------------------------------

  CREATE TABLE "LEARN"."QNA_BOOKMARK" 
   (	"BOOKMARK_NO" NUMBER, 
	"USER_ID" VARCHAR2(50 BYTE), 
	"BOARD_NO" NUMBER, 
	"LECTURE_NO" NUMBER(4,0), 
	"GRADE" VARCHAR2(50 BYTE), 
	"CATEGORY_NAME" VARCHAR2(30 BYTE)
   ) SEGMENT CREATION IMMEDIATE 
  PCTFREE 10 PCTUSED 40 INITRANS 1 MAXTRANS 255 NOCOMPRESS LOGGING
  STORAGE(INITIAL 65536 NEXT 1048576 MINEXTENTS 1 MAXEXTENTS 2147483645
  PCTINCREASE 0 FREELISTS 1 FREELIST GROUPS 1 BUFFER_POOL DEFAULT FLASH_CACHE DEFAULT CELL_FLASH_CACHE DEFAULT)
  TABLESPACE "USERS" ;
--------------------------------------------------------
--  DDL for Table QNA_LIKE
--------------------------------------------------------

  CREATE TABLE "LEARN"."QNA_LIKE" 
   (	"USER_ID" VARCHAR2(50 BYTE), 
	"BOARD_NO" NUMBER
   ) SEGMENT CREATION IMMEDIATE 
  PCTFREE 10 PCTUSED 40 INITRANS 1 MAXTRANS 255 NOCOMPRESS LOGGING
  STORAGE(INITIAL 65536 NEXT 1048576 MINEXTENTS 1 MAXEXTENTS 2147483645
  PCTINCREASE 0 FREELISTS 1 FREELIST GROUPS 1 BUFFER_POOL DEFAULT FLASH_CACHE DEFAULT CELL_FLASH_CACHE DEFAULT)
  TABLESPACE "USERS" ;
--------------------------------------------------------
--  DDL for Table QUESTION_ANSWER
--------------------------------------------------------

  CREATE TABLE "LEARN"."QUESTION_ANSWER" 
   (	"COMMENT_NO" NUMBER, 
	"USER_ID" VARCHAR2(50 BYTE), 
	"BOARD_NO" NUMBER, 
	"GRADE" VARCHAR2(50 BYTE), 
	"CATEGORY_NAME" VARCHAR2(30 BYTE), 
	"COMMENT_CONTENT" VARCHAR2(4000 BYTE), 
	"COMMENT_REGDATE" DATE DEFAULT SYSDATE, 
	"ANSWER_ADOPT" VARCHAR2(50 BYTE) DEFAULT 'FALSE', 
	"COMMENT_FILE" VARCHAR2(4000 BYTE)
   ) SEGMENT CREATION IMMEDIATE 
  PCTFREE 10 PCTUSED 40 INITRANS 1 MAXTRANS 255 NOCOMPRESS LOGGING
  STORAGE(INITIAL 65536 NEXT 1048576 MINEXTENTS 1 MAXEXTENTS 2147483645
  PCTINCREASE 0 FREELISTS 1 FREELIST GROUPS 1 BUFFER_POOL DEFAULT FLASH_CACHE DEFAULT CELL_FLASH_CACHE DEFAULT)
  TABLESPACE "USERS" ;
--------------------------------------------------------
--  DDL for Table QUESTION_ANSWER_COMMENT
--------------------------------------------------------

  CREATE TABLE "LEARN"."QUESTION_ANSWER_COMMENT" 
   (	"COMMENT2_NO" NUMBER, 
	"COMMENT_NO" NUMBER, 
	"USER_ID" VARCHAR2(50 BYTE), 
	"GRADE" VARCHAR2(50 BYTE), 
	"CATEGORY_NAME" VARCHAR2(30 BYTE), 
	"COMMENT2_CONTENT" VARCHAR2(4000 BYTE), 
	"COMMENT2_REGDATE" DATE DEFAULT SYSDATE
   ) SEGMENT CREATION IMMEDIATE 
  PCTFREE 10 PCTUSED 40 INITRANS 1 MAXTRANS 255 NOCOMPRESS LOGGING
  STORAGE(INITIAL 65536 NEXT 1048576 MINEXTENTS 1 MAXEXTENTS 2147483645
  PCTINCREASE 0 FREELISTS 1 FREELIST GROUPS 1 BUFFER_POOL DEFAULT FLASH_CACHE DEFAULT CELL_FLASH_CACHE DEFAULT)
  TABLESPACE "USERS" ;
--------------------------------------------------------
--  DDL for Table QUESTION_BOARD
--------------------------------------------------------

  CREATE TABLE "LEARN"."QUESTION_BOARD" 
   (	"QBOARD_NO" NUMBER, 
	"LECTURE_NO" NUMBER(4,0) DEFAULT 0, 
	"USER_ID" VARCHAR2(50 BYTE), 
	"GRADE" VARCHAR2(50 BYTE), 
	"CATEGORY_NAME" VARCHAR2(30 BYTE), 
	"BOARD_TITLE" VARCHAR2(500 BYTE), 
	"BOARD_CONTENT" VARCHAR2(4000 BYTE), 
	"BOARD_REGDATE" DATE DEFAULT SYSDATE, 
	"BOARD_ADOPT" VARCHAR2(50 BYTE) DEFAULT 'FALSE', 
	"BOARD_HIT" NUMBER DEFAULT 0, 
	"BOARD_LIKE" NUMBER DEFAULT 0, 
	"BOARD_FILE" VARCHAR2(500 BYTE), 
	"COMMENT_CNT" NUMBER(5,0) DEFAULT 0
   ) SEGMENT CREATION IMMEDIATE 
  PCTFREE 10 PCTUSED 40 INITRANS 1 MAXTRANS 255 NOCOMPRESS LOGGING
  STORAGE(INITIAL 65536 NEXT 1048576 MINEXTENTS 1 MAXEXTENTS 2147483645
  PCTINCREASE 0 FREELISTS 1 FREELIST GROUPS 1 BUFFER_POOL DEFAULT FLASH_CACHE DEFAULT CELL_FLASH_CACHE DEFAULT)
  TABLESPACE "USERS" ;

   COMMENT ON COLUMN "LEARN"."QUESTION_BOARD"."LECTURE_NO" IS '0은 일반질문';
--------------------------------------------------------
--  DDL for Table REPORT_RESULT
--------------------------------------------------------

  CREATE TABLE "LEARN"."REPORT_RESULT" 
   (	"RESULT_NO" NUMBER, 
	"RESULT_ID" VARCHAR2(50 BYTE), 
	"RESULT_TITLE" VARCHAR2(1000 BYTE), 
	"RESULT_CONTENT" VARCHAR2(4000 BYTE), 
	"RESULT_REGDATE" DATE
   ) SEGMENT CREATION IMMEDIATE 
  PCTFREE 10 PCTUSED 40 INITRANS 1 MAXTRANS 255 NOCOMPRESS LOGGING
  STORAGE(INITIAL 65536 NEXT 1048576 MINEXTENTS 1 MAXEXTENTS 2147483645
  PCTINCREASE 0 FREELISTS 1 FREELIST GROUPS 1 BUFFER_POOL DEFAULT FLASH_CACHE DEFAULT CELL_FLASH_CACHE DEFAULT)
  TABLESPACE "USERS" ;
--------------------------------------------------------
--  DDL for Table RESUME
--------------------------------------------------------

  CREATE TABLE "LEARN"."RESUME" 
   (	"USER_ID" VARCHAR2(50 BYTE), 
	"CATEGORY_NAME" VARCHAR2(30 BYTE), 
	"USER_NAME" VARCHAR2(50 BYTE), 
	"USER_TEL" VARCHAR2(50 BYTE), 
	"USER_INTRODUCE" VARCHAR2(4000 BYTE), 
	"USER_LINK" VARCHAR2(4000 BYTE), 
	"RESUME_STATUS" VARCHAR2(50 BYTE), 
	"REGDATE" DATE DEFAULT SYSDATE
   ) SEGMENT CREATION IMMEDIATE 
  PCTFREE 10 PCTUSED 40 INITRANS 1 MAXTRANS 255 NOCOMPRESS LOGGING
  STORAGE(INITIAL 65536 NEXT 1048576 MINEXTENTS 1 MAXEXTENTS 2147483645
  PCTINCREASE 0 FREELISTS 1 FREELIST GROUPS 1 BUFFER_POOL DEFAULT FLASH_CACHE DEFAULT CELL_FLASH_CACHE DEFAULT)
  TABLESPACE "USERS" ;
--------------------------------------------------------
--  DDL for Table ROADMAP
--------------------------------------------------------

  CREATE TABLE "LEARN"."ROADMAP" 
   (	"RBOARD_NO" VARCHAR2(255 BYTE), 
	"USER_ID" VARCHAR2(50 BYTE), 
	"RBOARD_TITLE" VARCHAR2(500 BYTE), 
	"RBOARD_CONTENT" VARCHAR2(4000 BYTE), 
	"LECTURE_LIST" VARCHAR2(100 BYTE), 
	"CATEGORY_NAME" VARCHAR2(30 BYTE), 
	"RBOARD_COVERIMG" VARCHAR2(4000 BYTE), 
	"USER_COUNT" NUMBER(4,0) DEFAULT 0, 
	"USER_NAME" VARCHAR2(50 BYTE)
   ) SEGMENT CREATION IMMEDIATE 
  PCTFREE 10 PCTUSED 40 INITRANS 1 MAXTRANS 255 NOCOMPRESS LOGGING
  STORAGE(INITIAL 65536 NEXT 1048576 MINEXTENTS 1 MAXEXTENTS 2147483645
  PCTINCREASE 0 FREELISTS 1 FREELIST GROUPS 1 BUFFER_POOL DEFAULT FLASH_CACHE DEFAULT CELL_FLASH_CACHE DEFAULT)
  TABLESPACE "USERS" ;

   COMMENT ON COLUMN "LEARN"."ROADMAP"."LECTURE_LIST" IS '강의번호들 / 로 구분';
--------------------------------------------------------
--  DDL for Table USERS
--------------------------------------------------------

  CREATE TABLE "LEARN"."USERS" 
   (	"USER_ID" VARCHAR2(50 BYTE), 
	"GRADE" VARCHAR2(50 BYTE), 
	"USER_NAME" VARCHAR2(50 BYTE), 
	"USER_BIRTH" VARCHAR2(50 BYTE), 
	"USER_PWD" VARCHAR2(50 BYTE), 
	"USER_REGDATE" DATE DEFAULT SYSDATE, 
	"POINTS" NUMBER DEFAULT 0, 
	"SOCIAL_TYPE" VARCHAR2(10 BYTE), 
	"USER_INTRO" VARCHAR2(4000 BYTE)
   ) SEGMENT CREATION IMMEDIATE 
  PCTFREE 10 PCTUSED 40 INITRANS 1 MAXTRANS 255 NOCOMPRESS LOGGING
  STORAGE(INITIAL 65536 NEXT 1048576 MINEXTENTS 1 MAXEXTENTS 2147483645
  PCTINCREASE 0 FREELISTS 1 FREELIST GROUPS 1 BUFFER_POOL DEFAULT FLASH_CACHE DEFAULT CELL_FLASH_CACHE DEFAULT)
  TABLESPACE "USERS" ;

   COMMENT ON COLUMN "LEARN"."USERS"."GRADE" IS '일반회원, 강의자, 관리자, 탈퇴';
   COMMENT ON COLUMN "LEARN"."USERS"."SOCIAL_TYPE" IS 'naver / google';
--------------------------------------------------------
--  DDL for Table VOTE
--------------------------------------------------------

  CREATE TABLE "LEARN"."VOTE" 
   (	"VOTE_NO" NUMBER, 
	"VOTE_TITLE" VARCHAR2(50 BYTE), 
	"VOTE_LIST" VARCHAR2(100 BYTE), 
	"BOARD_TYPE" VARCHAR2(100 BYTE), 
	"BOARD_NO" NUMBER
   ) SEGMENT CREATION IMMEDIATE 
  PCTFREE 10 PCTUSED 40 INITRANS 1 MAXTRANS 255 NOCOMPRESS LOGGING
  STORAGE(INITIAL 65536 NEXT 1048576 MINEXTENTS 1 MAXEXTENTS 2147483645
  PCTINCREASE 0 FREELISTS 1 FREELIST GROUPS 1 BUFFER_POOL DEFAULT FLASH_CACHE DEFAULT CELL_FLASH_CACHE DEFAULT)
  TABLESPACE "USERS" ;

   COMMENT ON COLUMN "LEARN"."VOTE"."VOTE_LIST" IS '투표항목 문장(특정 문자로 끊을 것)';
   COMMENT ON COLUMN "LEARN"."VOTE"."BOARD_TYPE" IS '질문게시판: QUESTION / 자유게시판: FREE';
--------------------------------------------------------
--  DDL for Table VOTE_LOG
--------------------------------------------------------

  CREATE TABLE "LEARN"."VOTE_LOG" 
   (	"VOTE_NO" NUMBER, 
	"USER_ID" VARCHAR2(50 BYTE), 
	"VOTE_SELECT" NUMBER(38,0)
   ) SEGMENT CREATION IMMEDIATE 
  PCTFREE 10 PCTUSED 40 INITRANS 1 MAXTRANS 255 NOCOMPRESS LOGGING
  STORAGE(INITIAL 65536 NEXT 1048576 MINEXTENTS 1 MAXEXTENTS 2147483645
  PCTINCREASE 0 FREELISTS 1 FREELIST GROUPS 1 BUFFER_POOL DEFAULT FLASH_CACHE DEFAULT CELL_FLASH_CACHE DEFAULT)
  TABLESPACE "USERS" ;

   COMMENT ON COLUMN "LEARN"."VOTE_LOG"."VOTE_SELECT" IS '투표 테이블의 투표항목열의 순서번호이다';
--------------------------------------------------------
--  DDL for Table USERS
--------------------------------------------------------

  CREATE TABLE "LEARN"."USERS" 
   (	"USER_ID" VARCHAR2(50 BYTE), 
	"GRADE" VARCHAR2(50 BYTE), 
	"USER_NAME" VARCHAR2(50 BYTE), 
	"USER_BIRTH" VARCHAR2(50 BYTE), 
	"USER_PWD" VARCHAR2(50 BYTE), 
	"USER_REGDATE" DATE DEFAULT SYSDATE, 
	"POINTS" NUMBER DEFAULT 0, 
	"SOCIAL_TYPE" VARCHAR2(10 BYTE), 
	"USER_INTRO" VARCHAR2(4000 BYTE)
   ) SEGMENT CREATION IMMEDIATE 
  PCTFREE 10 PCTUSED 40 INITRANS 1 MAXTRANS 255 NOCOMPRESS LOGGING
  STORAGE(INITIAL 65536 NEXT 1048576 MINEXTENTS 1 MAXEXTENTS 2147483645
  PCTINCREASE 0 FREELISTS 1 FREELIST GROUPS 1 BUFFER_POOL DEFAULT FLASH_CACHE DEFAULT CELL_FLASH_CACHE DEFAULT)
  TABLESPACE "USERS" ;

   COMMENT ON COLUMN "LEARN"."USERS"."GRADE" IS '일반회원, 강의자, 관리자, 탈퇴';
   COMMENT ON COLUMN "LEARN"."USERS"."SOCIAL_TYPE" IS 'naver / google';
--------------------------------------------------------
--  DDL for Table FREE_BOARD
--------------------------------------------------------

  CREATE TABLE "LEARN"."FREE_BOARD" 
   (	"FBOARD_NO" NUMBER, 
	"USER_ID" VARCHAR2(50 BYTE), 
	"GRADE" VARCHAR2(50 BYTE), 
	"BOARD_TITLE" VARCHAR2(500 BYTE), 
	"BOARD_CONTENT" VARCHAR2(4000 BYTE), 
	"BOARD_REGDATE" DATE DEFAULT SYSDATE, 
	"BOARD_HIT" NUMBER DEFAULT 0, 
	"BOARD_LIKE" NUMBER DEFAULT 0, 
	"BOARD_FILE" VARCHAR2(500 BYTE), 
	"COMMENT_CNT" NUMBER(5,0) DEFAULT 0
   ) SEGMENT CREATION IMMEDIATE 
  PCTFREE 10 PCTUSED 40 INITRANS 1 MAXTRANS 255 NOCOMPRESS LOGGING
  STORAGE(INITIAL 65536 NEXT 1048576 MINEXTENTS 1 MAXEXTENTS 2147483645
  PCTINCREASE 0 FREELISTS 1 FREELIST GROUPS 1 BUFFER_POOL DEFAULT FLASH_CACHE DEFAULT CELL_FLASH_CACHE DEFAULT)
  TABLESPACE "USERS" ;
--------------------------------------------------------
--  DDL for Table GRADE
--------------------------------------------------------

  CREATE TABLE "LEARN"."GRADE" 
   (	"GRADE" VARCHAR2(50 BYTE) DEFAULT '일반회원'
   ) SEGMENT CREATION IMMEDIATE 
  PCTFREE 10 PCTUSED 40 INITRANS 1 MAXTRANS 255 NOCOMPRESS LOGGING
  STORAGE(INITIAL 65536 NEXT 1048576 MINEXTENTS 1 MAXEXTENTS 2147483645
  PCTINCREASE 0 FREELISTS 1 FREELIST GROUPS 1 BUFFER_POOL DEFAULT FLASH_CACHE DEFAULT CELL_FLASH_CACHE DEFAULT)
  TABLESPACE "USERS" ;

   COMMENT ON COLUMN "LEARN"."GRADE"."GRADE" IS '일반회원, 강의자, 관리자, 탈퇴';
--------------------------------------------------------
--  DDL for Table BOARD_COMMENT
--------------------------------------------------------

  CREATE TABLE "LEARN"."BOARD_COMMENT" 
   (	"COMMENT_NO" NUMBER, 
	"BOARD_NO" NUMBER, 
	"USER_ID" VARCHAR2(50 BYTE), 
	"GRADE" VARCHAR2(50 BYTE), 
	"COMMENT_CONTENT" VARCHAR2(4000 BYTE), 
	"COMMENT_REGDATE" DATE DEFAULT SYSDATE
   ) SEGMENT CREATION IMMEDIATE 
  PCTFREE 10 PCTUSED 40 INITRANS 1 MAXTRANS 255 NOCOMPRESS LOGGING
  STORAGE(INITIAL 65536 NEXT 1048576 MINEXTENTS 1 MAXEXTENTS 2147483645
  PCTINCREASE 0 FREELISTS 1 FREELIST GROUPS 1 BUFFER_POOL DEFAULT FLASH_CACHE DEFAULT CELL_FLASH_CACHE DEFAULT)
  TABLESPACE "USERS" ;

   COMMENT ON COLUMN "LEARN"."BOARD_COMMENT"."GRADE" IS '일반회원, 강의자, 관리자, 탈퇴';
--------------------------------------------------------
--  DDL for Table CALL_CENTER
--------------------------------------------------------

  CREATE TABLE "LEARN"."CALL_CENTER" 
   (	"QNA_NO" NUMBER, 
	"USER_ID" VARCHAR2(50 BYTE), 
	"GRADE" VARCHAR2(50 BYTE), 
	"QNA_TITLE" VARCHAR2(500 BYTE), 
	"QNA_CONTENT" VARCHAR2(4000 BYTE), 
	"QNA_REGDATE" DATE DEFAULT SYSDATE, 
	"QNA_ADOPT" VARCHAR2(50 BYTE) DEFAULT 'FALSE', 
	"QNA_FILE" VARCHAR2(500 BYTE)
   ) SEGMENT CREATION IMMEDIATE 
  PCTFREE 10 PCTUSED 40 INITRANS 1 MAXTRANS 255 NOCOMPRESS LOGGING
  STORAGE(INITIAL 65536 NEXT 1048576 MINEXTENTS 1 MAXEXTENTS 2147483645
  PCTINCREASE 0 FREELISTS 1 FREELIST GROUPS 1 BUFFER_POOL DEFAULT FLASH_CACHE DEFAULT CELL_FLASH_CACHE DEFAULT)
  TABLESPACE "USERS" ;

   COMMENT ON COLUMN "LEARN"."CALL_CENTER"."GRADE" IS '일반회원, 강의자, 관리자, 탈퇴';
--------------------------------------------------------
--  DDL for Table LECTURE
--------------------------------------------------------

  CREATE TABLE "LEARN"."LECTURE" 
   (	"LECTURE_NO" NUMBER(4,0), 
	"USER_ID" VARCHAR2(50 BYTE), 
	"CATEGORY_NAME" VARCHAR2(30 BYTE), 
	"LECTURE_TITLE" VARCHAR2(100 BYTE), 
	"LECTURE_WRITER" VARCHAR2(50 BYTE), 
	"LECTURE_URL" VARCHAR2(4000 BYTE), 
	"LECTURE_DUE" NUMBER(3,0), 
	"LECTURE_LEVEL" VARCHAR2(30 BYTE), 
	"LECTURE_CONTENT" VARCHAR2(4000 BYTE), 
	"LECTURE_SUMMARY" VARCHAR2(500 BYTE), 
	"LECTURE_SALERATE" NUMBER(3,0) DEFAULT 0, 
	"LECTURE_SALEDUE" DATE, 
	"LECTURE_PRICE" NUMBER(10,0) DEFAULT 0, 
	"LECTURE_REGDATE" DATE DEFAULT SYSDATE, 
	"LECTURE_COVERIMG" VARCHAR2(200 BYTE), 
	"LECTURE_SECTION" VARCHAR2(4000 BYTE), 
	"LECTURE_ON_OFF" NUMBER(3,0), 
	"STUDENT_COUNT" NUMBER(4,0) DEFAULT 0, 
	"QS_WEEKDAYS" NUMBER(1,0), 
	"QS_START" DATE, 
	"QS_END" DATE
   ) SEGMENT CREATION IMMEDIATE 
  PCTFREE 10 PCTUSED 40 INITRANS 1 MAXTRANS 255 NOCOMPRESS LOGGING
  STORAGE(INITIAL 65536 NEXT 1048576 MINEXTENTS 1 MAXEXTENTS 2147483645
  PCTINCREASE 0 FREELISTS 1 FREELIST GROUPS 1 BUFFER_POOL DEFAULT FLASH_CACHE DEFAULT CELL_FLASH_CACHE DEFAULT)
  TABLESPACE "USERS" ;

   COMMENT ON COLUMN "LEARN"."LECTURE"."LECTURE_URL" IS '강의공유URL';
   COMMENT ON COLUMN "LEARN"."LECTURE"."LECTURE_DUE" IS '오프라인은 NULL';
   COMMENT ON COLUMN "LEARN"."LECTURE"."LECTURE_CONTENT" IS '오프라인 강의시간 포함';
   COMMENT ON COLUMN "LEARN"."LECTURE"."LECTURE_SECTION" IS '/ 로 구분';
   COMMENT ON COLUMN "LEARN"."LECTURE"."LECTURE_ON_OFF" IS '0: 온라인 / 1: 오프라인';
--------------------------------------------------------
--  DDL for Table CHATTING_LIST
--------------------------------------------------------

  CREATE TABLE "LEARN"."CHATTING_LIST" 
   (	"CHAT_NO" NUMBER, 
	"USER_ID" VARCHAR2(50 BYTE), 
	"CHAT_CONTENTS" VARCHAR2(4000 BYTE), 
	"CHAT_REGDATE" DATE DEFAULT SYSDATE, 
	"CHAT_OK" NUMBER DEFAULT 1
   ) SEGMENT CREATION IMMEDIATE 
  PCTFREE 10 PCTUSED 40 INITRANS 1 MAXTRANS 255 NOCOMPRESS LOGGING
  STORAGE(INITIAL 65536 NEXT 1048576 MINEXTENTS 1 MAXEXTENTS 2147483645
  PCTINCREASE 0 FREELISTS 1 FREELIST GROUPS 1 BUFFER_POOL DEFAULT FLASH_CACHE DEFAULT CELL_FLASH_CACHE DEFAULT)
  TABLESPACE "USERS" ;

   COMMENT ON COLUMN "LEARN"."CHATTING_LIST"."CHAT_OK" IS '0=미응답,1=응답';
--------------------------------------------------------
--  DDL for Table CATEGORY
--------------------------------------------------------

  CREATE TABLE "LEARN"."CATEGORY" 
   (	"CATEGORY_NAME" VARCHAR2(30 BYTE), 
	"CATEGORY_NO" NUMBER(30,0) DEFAULT 0
   ) SEGMENT CREATION IMMEDIATE 
  PCTFREE 10 PCTUSED 40 INITRANS 1 MAXTRANS 255 NOCOMPRESS LOGGING
  STORAGE(INITIAL 65536 NEXT 1048576 MINEXTENTS 1 MAXEXTENTS 2147483645
  PCTINCREASE 0 FREELISTS 1 FREELIST GROUPS 1 BUFFER_POOL DEFAULT FLASH_CACHE DEFAULT CELL_FLASH_CACHE DEFAULT)
  TABLESPACE "USERS" ;
--------------------------------------------------------
--  DDL for Table LECTURE_REVIEW
--------------------------------------------------------

  CREATE TABLE "LEARN"."LECTURE_REVIEW" 
   (	"BOARD_NO" NUMBER(4,0), 
	"LECTURE_NO" NUMBER(4,0), 
	"USER_ID" VARCHAR2(50 BYTE), 
	"BOARD_RATE" NUMBER(2,0), 
	"BOARD_CONTENT" VARCHAR2(4000 BYTE), 
	"BOARD_REGDATE" DATE DEFAULT SYSDATE
   ) SEGMENT CREATION IMMEDIATE 
  PCTFREE 10 PCTUSED 40 INITRANS 1 MAXTRANS 255 NOCOMPRESS LOGGING
  STORAGE(INITIAL 65536 NEXT 1048576 MINEXTENTS 1 MAXEXTENTS 2147483645
  PCTINCREASE 0 FREELISTS 1 FREELIST GROUPS 1 BUFFER_POOL DEFAULT FLASH_CACHE DEFAULT CELL_FLASH_CACHE DEFAULT)
  TABLESPACE "USERS" ;
--------------------------------------------------------
--  DDL for Table ROADMAP
--------------------------------------------------------

  CREATE TABLE "LEARN"."ROADMAP" 
   (	"RBOARD_NO" VARCHAR2(255 BYTE), 
	"USER_ID" VARCHAR2(50 BYTE), 
	"RBOARD_TITLE" VARCHAR2(500 BYTE), 
	"RBOARD_CONTENT" VARCHAR2(4000 BYTE), 
	"LECTURE_LIST" VARCHAR2(100 BYTE), 
	"CATEGORY_NAME" VARCHAR2(30 BYTE), 
	"RBOARD_COVERIMG" VARCHAR2(4000 BYTE), 
	"USER_COUNT" NUMBER(4,0) DEFAULT 0, 
	"USER_NAME" VARCHAR2(50 BYTE)
   ) SEGMENT CREATION IMMEDIATE 
  PCTFREE 10 PCTUSED 40 INITRANS 1 MAXTRANS 255 NOCOMPRESS LOGGING
  STORAGE(INITIAL 65536 NEXT 1048576 MINEXTENTS 1 MAXEXTENTS 2147483645
  PCTINCREASE 0 FREELISTS 1 FREELIST GROUPS 1 BUFFER_POOL DEFAULT FLASH_CACHE DEFAULT CELL_FLASH_CACHE DEFAULT)
  TABLESPACE "USERS" ;

   COMMENT ON COLUMN "LEARN"."ROADMAP"."LECTURE_LIST" IS '강의번호들 / 로 구분';
--------------------------------------------------------
--  DDL for Table ORDERS
--------------------------------------------------------

  CREATE TABLE "LEARN"."ORDERS" 
   (	"ORDER_NO" NUMBER(4,0), 
	"USER_ID" VARCHAR2(50 BYTE), 
	"ORDER_PRICE" NUMBER(38,0), 
	"ORDER_REGDATE" DATE, 
	"ORDER_PAYMENT" VARCHAR2(100 BYTE)
   ) SEGMENT CREATION IMMEDIATE 
  PCTFREE 10 PCTUSED 40 INITRANS 1 MAXTRANS 255 NOCOMPRESS LOGGING
  STORAGE(INITIAL 65536 NEXT 1048576 MINEXTENTS 1 MAXEXTENTS 2147483645
  PCTINCREASE 0 FREELISTS 1 FREELIST GROUPS 1 BUFFER_POOL DEFAULT FLASH_CACHE DEFAULT CELL_FLASH_CACHE DEFAULT)
  TABLESPACE "USERS" ;

   COMMENT ON COLUMN "LEARN"."ORDERS"."ORDER_PAYMENT" IS '(보류)';
--------------------------------------------------------
--  DDL for Table QUESTION_BOARD
--------------------------------------------------------

  CREATE TABLE "LEARN"."QUESTION_BOARD" 
   (	"QBOARD_NO" NUMBER, 
	"LECTURE_NO" NUMBER(4,0) DEFAULT 0, 
	"USER_ID" VARCHAR2(50 BYTE), 
	"GRADE" VARCHAR2(50 BYTE), 
	"CATEGORY_NAME" VARCHAR2(30 BYTE), 
	"BOARD_TITLE" VARCHAR2(500 BYTE), 
	"BOARD_CONTENT" VARCHAR2(4000 BYTE), 
	"BOARD_REGDATE" DATE DEFAULT SYSDATE, 
	"BOARD_ADOPT" VARCHAR2(50 BYTE) DEFAULT 'FALSE', 
	"BOARD_HIT" NUMBER DEFAULT 0, 
	"BOARD_LIKE" NUMBER DEFAULT 0, 
	"BOARD_FILE" VARCHAR2(500 BYTE), 
	"COMMENT_CNT" NUMBER(5,0) DEFAULT 0
   ) SEGMENT CREATION IMMEDIATE 
  PCTFREE 10 PCTUSED 40 INITRANS 1 MAXTRANS 255 NOCOMPRESS LOGGING
  STORAGE(INITIAL 65536 NEXT 1048576 MINEXTENTS 1 MAXEXTENTS 2147483645
  PCTINCREASE 0 FREELISTS 1 FREELIST GROUPS 1 BUFFER_POOL DEFAULT FLASH_CACHE DEFAULT CELL_FLASH_CACHE DEFAULT)
  TABLESPACE "USERS" ;

   COMMENT ON COLUMN "LEARN"."QUESTION_BOARD"."LECTURE_NO" IS '0은 일반질문';
--------------------------------------------------------
--  DDL for Table QUESTION_ANSWER
--------------------------------------------------------

  CREATE TABLE "LEARN"."QUESTION_ANSWER" 
   (	"COMMENT_NO" NUMBER, 
	"USER_ID" VARCHAR2(50 BYTE), 
	"BOARD_NO" NUMBER, 
	"GRADE" VARCHAR2(50 BYTE), 
	"CATEGORY_NAME" VARCHAR2(30 BYTE), 
	"COMMENT_CONTENT" VARCHAR2(4000 BYTE), 
	"COMMENT_REGDATE" DATE DEFAULT SYSDATE, 
	"ANSWER_ADOPT" VARCHAR2(50 BYTE) DEFAULT 'FALSE', 
	"COMMENT_FILE" VARCHAR2(4000 BYTE)
   ) SEGMENT CREATION IMMEDIATE 
  PCTFREE 10 PCTUSED 40 INITRANS 1 MAXTRANS 255 NOCOMPRESS LOGGING
  STORAGE(INITIAL 65536 NEXT 1048576 MINEXTENTS 1 MAXEXTENTS 2147483645
  PCTINCREASE 0 FREELISTS 1 FREELIST GROUPS 1 BUFFER_POOL DEFAULT FLASH_CACHE DEFAULT CELL_FLASH_CACHE DEFAULT)
  TABLESPACE "USERS" ;
--------------------------------------------------------
--  DDL for Table VOTE
--------------------------------------------------------

  CREATE TABLE "LEARN"."VOTE" 
   (	"VOTE_NO" NUMBER, 
	"VOTE_TITLE" VARCHAR2(50 BYTE), 
	"VOTE_LIST" VARCHAR2(100 BYTE), 
	"BOARD_TYPE" VARCHAR2(100 BYTE), 
	"BOARD_NO" NUMBER
   ) SEGMENT CREATION IMMEDIATE 
  PCTFREE 10 PCTUSED 40 INITRANS 1 MAXTRANS 255 NOCOMPRESS LOGGING
  STORAGE(INITIAL 65536 NEXT 1048576 MINEXTENTS 1 MAXEXTENTS 2147483645
  PCTINCREASE 0 FREELISTS 1 FREELIST GROUPS 1 BUFFER_POOL DEFAULT FLASH_CACHE DEFAULT CELL_FLASH_CACHE DEFAULT)
  TABLESPACE "USERS" ;

   COMMENT ON COLUMN "LEARN"."VOTE"."VOTE_LIST" IS '투표항목 문장(특정 문자로 끊을 것)';
   COMMENT ON COLUMN "LEARN"."VOTE"."BOARD_TYPE" IS '질문게시판: QUESTION / 자유게시판: FREE';
--------------------------------------------------------
--  DDL for Table ORDER_DETAIL
--------------------------------------------------------

  CREATE TABLE "LEARN"."ORDER_DETAIL" 
   (	"ORDER_DETAIL_NO" NUMBER(4,0), 
	"ORDER_NO" NUMBER(4,0), 
	"USER_ID" VARCHAR2(50 BYTE), 
	"LECTURE_NO" NUMBER(4,0), 
	"TIMETABLE_NO" NUMBER(4,0), 
	"ORDER_STATUS" VARCHAR2(50 BYTE), 
	"LECTURE_RATE" NUMBER(3,0) DEFAULT 0
   ) SEGMENT CREATION IMMEDIATE 
  PCTFREE 10 PCTUSED 40 INITRANS 1 MAXTRANS 255 NOCOMPRESS LOGGING
  STORAGE(INITIAL 65536 NEXT 1048576 MINEXTENTS 1 MAXEXTENTS 2147483645
  PCTINCREASE 0 FREELISTS 1 FREELIST GROUPS 1 BUFFER_POOL DEFAULT FLASH_CACHE DEFAULT CELL_FLASH_CACHE DEFAULT)
  TABLESPACE "USERS" ;

   COMMENT ON COLUMN "LEARN"."ORDER_DETAIL"."ORDER_STATUS" IS '0: 주문완료 /  1:  결제취소';
   COMMENT ON COLUMN "LEARN"."ORDER_DETAIL"."LECTURE_RATE" IS '진도율';
--------------------------------------------------------
--  DDL for Table CART
--------------------------------------------------------

  CREATE TABLE "LEARN"."CART" 
   (	"CART_NO" NUMBER(4,0), 
	"USER_ID" VARCHAR2(50 BYTE), 
	"TIMETABLE_NO" NUMBER(4,0), 
	"LECTURE_NO" NUMBER(4,0)
   ) SEGMENT CREATION IMMEDIATE 
  PCTFREE 10 PCTUSED 40 INITRANS 1 MAXTRANS 255 NOCOMPRESS LOGGING
  STORAGE(INITIAL 65536 NEXT 1048576 MINEXTENTS 1 MAXEXTENTS 2147483645
  PCTINCREASE 0 FREELISTS 1 FREELIST GROUPS 1 BUFFER_POOL DEFAULT FLASH_CACHE DEFAULT CELL_FLASH_CACHE DEFAULT)
  TABLESPACE "USERS" ;

   COMMENT ON COLUMN "LEARN"."CART"."CART_NO" IS '바로 결제시 장바구니번호 NULL';
--------------------------------------------------------
--  DDL for Table OFF_TIMETABLE
--------------------------------------------------------

  CREATE TABLE "LEARN"."OFF_TIMETABLE" 
   (	"TIMETABLE_NO" NUMBER(4,0), 
	"LECTURE_NO" NUMBER(4,0), 
	"LECTURE_ADDRESS" VARCHAR2(500 BYTE), 
	"MAX_SEAT" NUMBER(4,0), 
	"TIMETABLE_START" DATE, 
	"TIMETABLE_END" DATE, 
	"LECTURE_PAST_ADDRESS" VARCHAR2(500 BYTE)
   ) SEGMENT CREATION IMMEDIATE 
  PCTFREE 10 PCTUSED 40 INITRANS 1 MAXTRANS 255 NOCOMPRESS LOGGING
  STORAGE(INITIAL 65536 NEXT 1048576 MINEXTENTS 1 MAXEXTENTS 2147483645
  PCTINCREASE 0 FREELISTS 1 FREELIST GROUPS 1 BUFFER_POOL DEFAULT FLASH_CACHE DEFAULT CELL_FLASH_CACHE DEFAULT)
  TABLESPACE "USERS" ;
--------------------------------------------------------
--  DDL for Table LECTURE_LIKE
--------------------------------------------------------

  CREATE TABLE "LEARN"."LECTURE_LIKE" 
   (	"LIKE_NO" NUMBER(4,0), 
	"LECTURE_NO" NUMBER(4,0), 
	"USER_ID" VARCHAR2(50 BYTE)
   ) SEGMENT CREATION IMMEDIATE 
  PCTFREE 10 PCTUSED 40 INITRANS 1 MAXTRANS 255 NOCOMPRESS LOGGING
  STORAGE(INITIAL 65536 NEXT 1048576 MINEXTENTS 1 MAXEXTENTS 2147483645
  PCTINCREASE 0 FREELISTS 1 FREELIST GROUPS 1 BUFFER_POOL DEFAULT FLASH_CACHE DEFAULT CELL_FLASH_CACHE DEFAULT)
  TABLESPACE "USERS" ;
--------------------------------------------------------
--  DDL for Table POINT_LOG
--------------------------------------------------------

  CREATE TABLE "LEARN"."POINT_LOG" 
   (	"LOG_NUM" VARCHAR2(255 BYTE), 
	"USER_ID" VARCHAR2(50 BYTE), 
	"ORDER_NO" NUMBER(4,0), 
	"USEPOINT_LOG" NUMBER, 
	"POINT_DATE" DATE, 
	"EARN_POINT" NUMBER
   ) SEGMENT CREATION IMMEDIATE 
  PCTFREE 10 PCTUSED 40 INITRANS 1 MAXTRANS 255 NOCOMPRESS LOGGING
  STORAGE(INITIAL 65536 NEXT 1048576 MINEXTENTS 1 MAXEXTENTS 2147483645
  PCTINCREASE 0 FREELISTS 1 FREELIST GROUPS 1 BUFFER_POOL DEFAULT FLASH_CACHE DEFAULT CELL_FLASH_CACHE DEFAULT)
  TABLESPACE "USERS" ;

   COMMENT ON COLUMN "LEARN"."POINT_LOG"."USEPOINT_LOG" IS 'USER테이블에 트리거로';
   COMMENT ON COLUMN "LEARN"."POINT_LOG"."POINT_DATE" IS 'SYSDATE';
--------------------------------------------------------
--  DDL for Table ALRAM_LIST
--------------------------------------------------------

  CREATE TABLE "LEARN"."ALRAM_LIST" 
   (	"A_NO" NUMBER, 
	"TO_ID" VARCHAR2(50 BYTE), 
	"FROM_ID" VARCHAR2(1000 BYTE), 
	"TITLE" VARCHAR2(1000 BYTE), 
	"B_NO" NUMBER, 
	"CATEGORI" VARCHAR2(1000 BYTE)
   ) SEGMENT CREATION IMMEDIATE 
  PCTFREE 10 PCTUSED 40 INITRANS 1 MAXTRANS 255 NOCOMPRESS LOGGING
  STORAGE(INITIAL 65536 NEXT 1048576 MINEXTENTS 1 MAXEXTENTS 2147483645
  PCTINCREASE 0 FREELISTS 1 FREELIST GROUPS 1 BUFFER_POOL DEFAULT FLASH_CACHE DEFAULT CELL_FLASH_CACHE DEFAULT)
  TABLESPACE "USERS" ;
--------------------------------------------------------
--  DDL for Table BOARD_COMMENT2
--------------------------------------------------------

  CREATE TABLE "LEARN"."BOARD_COMMENT2" 
   (	"COMMENT2_NO" NUMBER, 
	"COMMENT_NO" NUMBER, 
	"USER_ID" VARCHAR2(50 BYTE), 
	"GRADE" VARCHAR2(50 BYTE), 
	"COMMENT2_CONTENT" VARCHAR2(4000 BYTE), 
	"COMMENT2_REGDATE" DATE DEFAULT SYSDATE
   ) SEGMENT CREATION IMMEDIATE 
  PCTFREE 10 PCTUSED 40 INITRANS 1 MAXTRANS 255 NOCOMPRESS LOGGING
  STORAGE(INITIAL 65536 NEXT 1048576 MINEXTENTS 1 MAXEXTENTS 2147483645
  PCTINCREASE 0 FREELISTS 1 FREELIST GROUPS 1 BUFFER_POOL DEFAULT FLASH_CACHE DEFAULT CELL_FLASH_CACHE DEFAULT)
  TABLESPACE "USERS" ;
--------------------------------------------------------
--  DDL for Table CALLCENTER_COMMENT
--------------------------------------------------------

  CREATE TABLE "LEARN"."CALLCENTER_COMMENT" 
   (	"COMMENT_NO" NUMBER, 
	"QNA_NO" NUMBER, 
	"USER_ID" VARCHAR2(50 BYTE), 
	"GRADE" VARCHAR2(50 BYTE), 
	"COMMENT_CONTENT" VARCHAR2(4000 BYTE), 
	"COMMENT_REGDATE" DATE DEFAULT SYSDATE, 
	"COMMENT_FILE" VARCHAR2(500 BYTE)
   ) SEGMENT CREATION IMMEDIATE 
  PCTFREE 10 PCTUSED 40 INITRANS 1 MAXTRANS 255 NOCOMPRESS LOGGING
  STORAGE(INITIAL 65536 NEXT 1048576 MINEXTENTS 1 MAXEXTENTS 2147483645
  PCTINCREASE 0 FREELISTS 1 FREELIST GROUPS 1 BUFFER_POOL DEFAULT FLASH_CACHE DEFAULT CELL_FLASH_CACHE DEFAULT)
  TABLESPACE "USERS" ;

   COMMENT ON COLUMN "LEARN"."CALLCENTER_COMMENT"."GRADE" IS '일반회원, 강의자, 관리자, 탈퇴';
--------------------------------------------------------
--  DDL for Table CHATTING_CONTENTLIST
--------------------------------------------------------

  CREATE TABLE "LEARN"."CHATTING_CONTENTLIST" 
   (	"CONTENT_NO" NUMBER, 
	"CHAT_NO" NUMBER, 
	"SEND_ID" VARCHAR2(100 BYTE), 
	"CONTENT" VARCHAR2(4000 BYTE), 
	"REGDATE" DATE DEFAULT sysdate
   ) SEGMENT CREATION IMMEDIATE 
  PCTFREE 10 PCTUSED 40 INITRANS 1 MAXTRANS 255 NOCOMPRESS LOGGING
  STORAGE(INITIAL 65536 NEXT 1048576 MINEXTENTS 1 MAXEXTENTS 2147483645
  PCTINCREASE 0 FREELISTS 1 FREELIST GROUPS 1 BUFFER_POOL DEFAULT FLASH_CACHE DEFAULT CELL_FLASH_CACHE DEFAULT)
  TABLESPACE "USERS" ;
--------------------------------------------------------
--  DDL for Table CLASS
--------------------------------------------------------

  CREATE TABLE "LEARN"."CLASS" 
   (	"CLASS_NO" NUMBER(3,0), 
	"LECTURE_NO" NUMBER(4,0), 
	"CATEGORY_NAME" VARCHAR2(30 BYTE), 
	"SECTION_NO" NUMBER(3,0), 
	"CLASS_NAME" VARCHAR2(50 BYTE), 
	"CLASS_URL" VARCHAR2(100 BYTE), 
	"PREVIEW" VARCHAR2(255 BYTE), 
	"FILENAME" VARCHAR2(4000 BYTE), 
	"ORINAME" VARCHAR2(4000 BYTE), 
	"VIDEONAME" VARCHAR2(4000 BYTE)
   ) SEGMENT CREATION IMMEDIATE 
  PCTFREE 10 PCTUSED 40 INITRANS 1 MAXTRANS 255 NOCOMPRESS LOGGING
  STORAGE(INITIAL 65536 NEXT 1048576 MINEXTENTS 1 MAXEXTENTS 2147483645
  PCTINCREASE 0 FREELISTS 1 FREELIST GROUPS 1 BUFFER_POOL DEFAULT FLASH_CACHE DEFAULT CELL_FLASH_CACHE DEFAULT)
  TABLESPACE "USERS" ;

   COMMENT ON COLUMN "LEARN"."CLASS"."CLASS_URL" IS 'NULL 가능';
   COMMENT ON COLUMN "LEARN"."CLASS"."PREVIEW" IS '0:무료/1유료';
   COMMENT ON COLUMN "LEARN"."CLASS"."FILENAME" IS '강의자료 저장이름';
   COMMENT ON COLUMN "LEARN"."CLASS"."ORINAME" IS '강의자료 원본이름';
   COMMENT ON COLUMN "LEARN"."CLASS"."VIDEONAME" IS '강의영상 파일';
--------------------------------------------------------
--  DDL for Table FAQ
--------------------------------------------------------

  CREATE TABLE "LEARN"."FAQ" 
   (	"FAQ_NO" NUMBER, 
	"FAQ_QUESTION" VARCHAR2(4000 BYTE), 
	"FAQ_ANSWER" VARCHAR2(4000 BYTE)
   ) SEGMENT CREATION IMMEDIATE 
  PCTFREE 10 PCTUSED 40 INITRANS 1 MAXTRANS 255 NOCOMPRESS LOGGING
  STORAGE(INITIAL 65536 NEXT 1048576 MINEXTENTS 1 MAXEXTENTS 2147483645
  PCTINCREASE 0 FREELISTS 1 FREELIST GROUPS 1 BUFFER_POOL DEFAULT FLASH_CACHE DEFAULT CELL_FLASH_CACHE DEFAULT)
  TABLESPACE "USERS" ;
--------------------------------------------------------
--  DDL for Table FREE_BOOKMARK
--------------------------------------------------------

  CREATE TABLE "LEARN"."FREE_BOOKMARK" 
   (	"BOOKNARK_NO" VARCHAR2(255 BYTE), 
	"USER_ID" VARCHAR2(50 BYTE), 
	"BOARD_NO" NUMBER, 
	"GRADE" VARCHAR2(50 BYTE)
   ) SEGMENT CREATION IMMEDIATE 
  PCTFREE 10 PCTUSED 40 INITRANS 1 MAXTRANS 255 NOCOMPRESS LOGGING
  STORAGE(INITIAL 65536 NEXT 1048576 MINEXTENTS 1 MAXEXTENTS 2147483645
  PCTINCREASE 0 FREELISTS 1 FREELIST GROUPS 1 BUFFER_POOL DEFAULT FLASH_CACHE DEFAULT CELL_FLASH_CACHE DEFAULT)
  TABLESPACE "USERS" ;
--------------------------------------------------------
--  DDL for Table LECTURE_NEWS
--------------------------------------------------------

  CREATE TABLE "LEARN"."LECTURE_NEWS" 
   (	"BOARD_NO" NUMBER(4,0), 
	"LECTURE_NO" NUMBER(4,0), 
	"LECTURE_WRITER" VARCHAR2(50 BYTE), 
	"NEWS_CONTENT" VARCHAR2(4000 BYTE), 
	"BOARD_REGDATE" DATE DEFAULT SYSDATE, 
	"NEWS_TITLE" VARCHAR2(4000 BYTE)
   ) SEGMENT CREATION IMMEDIATE 
  PCTFREE 10 PCTUSED 40 INITRANS 1 MAXTRANS 255 NOCOMPRESS LOGGING
  STORAGE(INITIAL 65536 NEXT 1048576 MINEXTENTS 1 MAXEXTENTS 2147483645
  PCTINCREASE 0 FREELISTS 1 FREELIST GROUPS 1 BUFFER_POOL DEFAULT FLASH_CACHE DEFAULT CELL_FLASH_CACHE DEFAULT)
  TABLESPACE "USERS" ;
--------------------------------------------------------
--  DDL for Table LECTURE_REVIEW_COMMENT
--------------------------------------------------------

  CREATE TABLE "LEARN"."LECTURE_REVIEW_COMMENT" 
   (	"COMMENT_NO" NUMBER, 
	"BOARD_NO" NUMBER(4,0), 
	"LECTURE_NO" NUMBER(4,0), 
	"LECTURE_WRITER" VARCHAR2(50 BYTE), 
	"COMMENT_CONTENT" VARCHAR2(4000 BYTE), 
	"COMMENT_REGDATE" DATE DEFAULT SYSDATE
   ) SEGMENT CREATION IMMEDIATE 
  PCTFREE 10 PCTUSED 40 INITRANS 1 MAXTRANS 255 NOCOMPRESS LOGGING
  STORAGE(INITIAL 65536 NEXT 1048576 MINEXTENTS 1 MAXEXTENTS 2147483645
  PCTINCREASE 0 FREELISTS 1 FREELIST GROUPS 1 BUFFER_POOL DEFAULT FLASH_CACHE DEFAULT CELL_FLASH_CACHE DEFAULT)
  TABLESPACE "USERS" ;
--------------------------------------------------------
--  DDL for Table MEMBER_CHAT_ROOM_LIST
--------------------------------------------------------

  CREATE TABLE "LEARN"."MEMBER_CHAT_ROOM_LIST" 
   (	"CHATROOM_NO" NUMBER, 
	"SENDER_ID" VARCHAR2(50 BYTE), 
	"RECEIVER_ID" VARCHAR2(50 BYTE), 
	"SENDER_NAME" VARCHAR2(50 BYTE), 
	"RECEIVER_NAME" VARCHAR2(50 BYTE), 
	"CHAT_CONTENTS" VARCHAR2(4000 BYTE), 
	"CHAT_REGDATE" DATE DEFAULT SYSDATE, 
	"LAST_CHATER" VARCHAR2(50 BYTE)
   ) SEGMENT CREATION IMMEDIATE 
  PCTFREE 10 PCTUSED 40 INITRANS 1 MAXTRANS 255 NOCOMPRESS LOGGING
  STORAGE(INITIAL 65536 NEXT 1048576 MINEXTENTS 1 MAXEXTENTS 2147483645
  PCTINCREASE 0 FREELISTS 1 FREELIST GROUPS 1 BUFFER_POOL DEFAULT FLASH_CACHE DEFAULT CELL_FLASH_CACHE DEFAULT)
  TABLESPACE "USERS" ;
--------------------------------------------------------
--  DDL for Table NOTICE_BOARD
--------------------------------------------------------

  CREATE TABLE "LEARN"."NOTICE_BOARD" 
   (	"BOARD_NO" NUMBER, 
	"USER_ID" VARCHAR2(50 BYTE), 
	"GRADE" VARCHAR2(50 BYTE), 
	"BOARD_TITLE" VARCHAR2(500 BYTE), 
	"BOARD_CONTENT" VARCHAR2(4000 BYTE), 
	"BOARD_REGDATE" DATE DEFAULT SYSDATE
   ) SEGMENT CREATION IMMEDIATE 
  PCTFREE 10 PCTUSED 40 INITRANS 1 MAXTRANS 255 NOCOMPRESS LOGGING
  STORAGE(INITIAL 65536 NEXT 1048576 MINEXTENTS 1 MAXEXTENTS 2147483645
  PCTINCREASE 0 FREELISTS 1 FREELIST GROUPS 1 BUFFER_POOL DEFAULT FLASH_CACHE DEFAULT CELL_FLASH_CACHE DEFAULT)
  TABLESPACE "USERS" ;
--------------------------------------------------------
--  DDL for Table QNA_BOOKMARK
--------------------------------------------------------

  CREATE TABLE "LEARN"."QNA_BOOKMARK" 
   (	"BOOKMARK_NO" NUMBER, 
	"USER_ID" VARCHAR2(50 BYTE), 
	"BOARD_NO" NUMBER, 
	"LECTURE_NO" NUMBER(4,0), 
	"GRADE" VARCHAR2(50 BYTE), 
	"CATEGORY_NAME" VARCHAR2(30 BYTE)
   ) SEGMENT CREATION IMMEDIATE 
  PCTFREE 10 PCTUSED 40 INITRANS 1 MAXTRANS 255 NOCOMPRESS LOGGING
  STORAGE(INITIAL 65536 NEXT 1048576 MINEXTENTS 1 MAXEXTENTS 2147483645
  PCTINCREASE 0 FREELISTS 1 FREELIST GROUPS 1 BUFFER_POOL DEFAULT FLASH_CACHE DEFAULT CELL_FLASH_CACHE DEFAULT)
  TABLESPACE "USERS" ;
--------------------------------------------------------
--  DDL for Table QUESTION_ANSWER_COMMENT
--------------------------------------------------------

  CREATE TABLE "LEARN"."QUESTION_ANSWER_COMMENT" 
   (	"COMMENT2_NO" NUMBER, 
	"COMMENT_NO" NUMBER, 
	"USER_ID" VARCHAR2(50 BYTE), 
	"GRADE" VARCHAR2(50 BYTE), 
	"CATEGORY_NAME" VARCHAR2(30 BYTE), 
	"COMMENT2_CONTENT" VARCHAR2(4000 BYTE), 
	"COMMENT2_REGDATE" DATE DEFAULT SYSDATE
   ) SEGMENT CREATION IMMEDIATE 
  PCTFREE 10 PCTUSED 40 INITRANS 1 MAXTRANS 255 NOCOMPRESS LOGGING
  STORAGE(INITIAL 65536 NEXT 1048576 MINEXTENTS 1 MAXEXTENTS 2147483645
  PCTINCREASE 0 FREELISTS 1 FREELIST GROUPS 1 BUFFER_POOL DEFAULT FLASH_CACHE DEFAULT CELL_FLASH_CACHE DEFAULT)
  TABLESPACE "USERS" ;
--------------------------------------------------------
--  DDL for Table REPORT_RESULT
--------------------------------------------------------

  CREATE TABLE "LEARN"."REPORT_RESULT" 
   (	"RESULT_NO" NUMBER, 
	"RESULT_ID" VARCHAR2(50 BYTE), 
	"RESULT_TITLE" VARCHAR2(1000 BYTE), 
	"RESULT_CONTENT" VARCHAR2(4000 BYTE), 
	"RESULT_REGDATE" DATE
   ) SEGMENT CREATION IMMEDIATE 
  PCTFREE 10 PCTUSED 40 INITRANS 1 MAXTRANS 255 NOCOMPRESS LOGGING
  STORAGE(INITIAL 65536 NEXT 1048576 MINEXTENTS 1 MAXEXTENTS 2147483645
  PCTINCREASE 0 FREELISTS 1 FREELIST GROUPS 1 BUFFER_POOL DEFAULT FLASH_CACHE DEFAULT CELL_FLASH_CACHE DEFAULT)
  TABLESPACE "USERS" ;
--------------------------------------------------------
--  DDL for Table RESUME
--------------------------------------------------------

  CREATE TABLE "LEARN"."RESUME" 
   (	"USER_ID" VARCHAR2(50 BYTE), 
	"CATEGORY_NAME" VARCHAR2(30 BYTE), 
	"USER_NAME" VARCHAR2(50 BYTE), 
	"USER_TEL" VARCHAR2(50 BYTE), 
	"USER_INTRODUCE" VARCHAR2(4000 BYTE), 
	"USER_LINK" VARCHAR2(4000 BYTE), 
	"RESUME_STATUS" VARCHAR2(50 BYTE), 
	"REGDATE" DATE DEFAULT SYSDATE
   ) SEGMENT CREATION IMMEDIATE 
  PCTFREE 10 PCTUSED 40 INITRANS 1 MAXTRANS 255 NOCOMPRESS LOGGING
  STORAGE(INITIAL 65536 NEXT 1048576 MINEXTENTS 1 MAXEXTENTS 2147483645
  PCTINCREASE 0 FREELISTS 1 FREELIST GROUPS 1 BUFFER_POOL DEFAULT FLASH_CACHE DEFAULT CELL_FLASH_CACHE DEFAULT)
  TABLESPACE "USERS" ;
--------------------------------------------------------
--  DDL for Table VOTE_LOG
--------------------------------------------------------

  CREATE TABLE "LEARN"."VOTE_LOG" 
   (	"VOTE_NO" NUMBER, 
	"USER_ID" VARCHAR2(50 BYTE), 
	"VOTE_SELECT" NUMBER(38,0)
   ) SEGMENT CREATION IMMEDIATE 
  PCTFREE 10 PCTUSED 40 INITRANS 1 MAXTRANS 255 NOCOMPRESS LOGGING
  STORAGE(INITIAL 65536 NEXT 1048576 MINEXTENTS 1 MAXEXTENTS 2147483645
  PCTINCREASE 0 FREELISTS 1 FREELIST GROUPS 1 BUFFER_POOL DEFAULT FLASH_CACHE DEFAULT CELL_FLASH_CACHE DEFAULT)
  TABLESPACE "USERS" ;

   COMMENT ON COLUMN "LEARN"."VOTE_LOG"."VOTE_SELECT" IS '투표 테이블의 투표항목열의 순서번호이다';
--------------------------------------------------------
--  DDL for View ADMIN_REVENUE
--------------------------------------------------------

  CREATE OR REPLACE FORCE VIEW "LEARN"."ADMIN_REVENUE" ("ORDER_DETAIL_NO", "ORDER_NO", "USER_ID", "LECTURE_NO", "TIMETABLE_NO", "ORDER_STATUS", "LECTURE_RATE", "LECTURE_PRICE", "LECTURE_ON_OFF", "ORDER_REGDATE") AS 
  SELECT D."ORDER_DETAIL_NO",D."ORDER_NO",D."USER_ID",D."LECTURE_NO",D."TIMETABLE_NO",D."ORDER_STATUS",D."LECTURE_RATE", L.LECTURE_PRICE, L.LECTURE_ON_OFF, O.ORDER_REGDATE
FROM ORDER_DETAIL D, LECTURE L, ORDERS O
WHERE D.LECTURE_NO = L.LECTURE_NO
AND D.ORDER_NO = O.ORDER_NO
;
--------------------------------------------------------
--  DDL for View ADMIN_REVENUE_DETAIL
--------------------------------------------------------

  CREATE OR REPLACE FORCE VIEW "LEARN"."ADMIN_REVENUE_DETAIL" ("ORDER_NO", "BUYER", "LECTURE_TITLE", "TEACHER", "LECTURE_ON_OFF", "ORDER_REGDATE", "LECTURE_PRICE") AS 
  SELECT O.ORDER_NO, O.USER_Id AS BUYER, L.LECTURE_TITLE, L.USER_ID AS TEACHER, L.LECTURE_ON_OFF, O.ORDER_REGDATE, L.LECTURE_PRICE
FROM ORDERS O, ORDER_DETAIL D, LECTURE L
WHERE O.ORDER_NO = D.ORDER_NO
AND D.LECTURE_NO = L.LECTURE_NO
;
--------------------------------------------------------
--  DDL for View CART_VIEW
--------------------------------------------------------

  CREATE OR REPLACE FORCE VIEW "LEARN"."CART_VIEW" ("USER_ID", "USER_NAME", "POINTS", "LECTURE_NO", "TEACHER", "LECTURE_WRITER", "CATEGORY_NAME", "LECTURE_TITLE", "LECTURE_DUE", "LECTURE_LEVEL", "LECTURE_SALERATE", "LECTURE_SALEDUE", "LECTURE_PRICE", "LECTURE_REGDATE", "LECTURE_COVERIMG", "LECTURE_SECTION", "LECTURE_ON_OFF", "TIMETABLE_NO", "TIMETABLE_START", "TIMETABLE_END", "CART_NO") AS 
  SELECT a.user_id, a.user_name, a.points, b.lecture_no, b.user_id as teacher, b.lecture_writer,b.category_name, b.lecture_title,
        b.lecture_due, b.lecture_level, b.lecture_saleRate, b.lecture_saledue, b.lecture_price, b.lecture_regdate, b.lecture_coverimg,
        b.lecture_section, b.lecture_on_off, c.timetable_no, c.timetable_start, c.timetable_end, d.cart_no
      FROM users a 
      left outer join cart d on a.user_id = d.user_id
      left outer join lecture b on b.lecture_no = d.lecture_no
      left outer join off_timetable c on d.timetable_no = c.timetable_no
;
--------------------------------------------------------
--  DDL for View LIKE_VIEW
--------------------------------------------------------

  CREATE OR REPLACE FORCE VIEW "LEARN"."LIKE_VIEW" ("LIKE_NO", "LECTURE_NO", "USER_ID", "TEACHER", "CATEGORY_NAME", "LECTURE_TITLE", "LECTURE_WRITER", "LECTURE_LEVEL", "LECTURE_SUMMARY", "LECTURE_SALERATE", "LECTURE_PRICE", "LECTURE_COVERIMG", "STUDENT_COUNT") AS 
  select a.like_no, a.lecture_no, a.user_id, b.user_id as teacher,
b.category_name, b.lecture_title, b.lecture_writer, b.lecture_level, b.lecture_summary, b.lecture_salerate, b.lecture_price, b.lecture_coverimg,
b.student_count
from lecture_like a, lecture b
where a.lecture_no = b.lecture_no
;
--------------------------------------------------------
--  DDL for View ORDER_VIEW
--------------------------------------------------------

  CREATE OR REPLACE FORCE VIEW "LEARN"."ORDER_VIEW" ("USER_ID", "GRADE", "USER_NAME", "POINTS", "LECTURE_NO", "STUDENT_COUNT", "LECTURE_TITLE", "LECTURE_SALERATE", "LECTURE_PRICE", "ORDER_NO", "ORDER_PRICE", "ORDER_REGDATE", "ORDER_PAYMENT", "ORDER_DETAIL_NO", "TIMETABLE_NO", "ORDER_STATUS", "LECTURE_RATE", "LOG_NUM", "USEPOINT_LOG", "POINT_DATE") AS 
  select u.user_id, u.grade, u.user_name, u.points, l.lecture_no, l.student_count, l.lecture_title, l.lecture_salerate, l.lecture_price, o.order_no, o.order_price, o.order_regdate,
 o.order_payment, d.order_detail_no, d.timetable_no, d.order_status, d.lecture_rate, p.log_num, p.usepoint_log, p.point_date
from users u, lecture l, orders o, order_detail d, point_log p
where u.user_id = o.user_id and o.order_no = d.order_no and l.lecture_no = d.lecture_no and p.order_no = o.order_no
;
REM INSERTING into LEARN.ALRAM_LIST
SET DEFINE OFF;
Insert into LEARN.ALRAM_LIST (A_NO,TO_ID,FROM_ID,TITLE,B_NO,CATEGORI) values (1,'dldldlwjdans5@naver.com','dldldlwjdans4@naver.com','좋아요가 취소됬습니다.',1,'lectureLikeCancle');
Insert into LEARN.ALRAM_LIST (A_NO,TO_ID,FROM_ID,TITLE,B_NO,CATEGORI) values (2,'dldldlwjdans5@naver.com','dldldlwjdans4@naver.com','좋아요 Plus',1,'lectureLike');
Insert into LEARN.ALRAM_LIST (A_NO,TO_ID,FROM_ID,TITLE,B_NO,CATEGORI) values (3,'dldldlwjdans@naver.com','dldldlwjdans@naver.com','New 공지',68,'Notice');
Insert into LEARN.ALRAM_LIST (A_NO,TO_ID,FROM_ID,TITLE,B_NO,CATEGORI) values (9,'unknown5','dldldlwjdans@naver.com','New 공지',15,'Notice');
Insert into LEARN.ALRAM_LIST (A_NO,TO_ID,FROM_ID,TITLE,B_NO,CATEGORI) values (10,'gee1suu@gmail.com','dldldlwjdans@naver.com','New 공지',15,'Notice');
Insert into LEARN.ALRAM_LIST (A_NO,TO_ID,FROM_ID,TITLE,B_NO,CATEGORI) values (11,'testMember@test.com','dldldlwjdans@naver.com','New 공지',15,'Notice');
Insert into LEARN.ALRAM_LIST (A_NO,TO_ID,FROM_ID,TITLE,B_NO,CATEGORI) values (12,'khjz0919@nate.com','dldldlwjdans@naver.com','New 공지',15,'Notice');
Insert into LEARN.ALRAM_LIST (A_NO,TO_ID,FROM_ID,TITLE,B_NO,CATEGORI) values (13,'dldldlwjdans4@naver.com','dldldlwjdans@naver.com','New 공지',15,'Notice');
Insert into LEARN.ALRAM_LIST (A_NO,TO_ID,FROM_ID,TITLE,B_NO,CATEGORI) values (14,'tester@naver.com','dldldlwjdans@naver.com','New 공지',15,'Notice');
Insert into LEARN.ALRAM_LIST (A_NO,TO_ID,FROM_ID,TITLE,B_NO,CATEGORI) values (15,'unknown2','dldldlwjdans@naver.com','New 공지',15,'Notice');
Insert into LEARN.ALRAM_LIST (A_NO,TO_ID,FROM_ID,TITLE,B_NO,CATEGORI) values (16,'outputlearn.manager@gmail.com','dldldlwjdans@naver.com','New 공지',15,'Notice');
Insert into LEARN.ALRAM_LIST (A_NO,TO_ID,FROM_ID,TITLE,B_NO,CATEGORI) values (17,'unknown6','dldldlwjdans@naver.com','New 공지',15,'Notice');
Insert into LEARN.ALRAM_LIST (A_NO,TO_ID,FROM_ID,TITLE,B_NO,CATEGORI) values (18,'unknown1','dldldlwjdans@naver.com','New 공지',16,'Notice');
Insert into LEARN.ALRAM_LIST (A_NO,TO_ID,FROM_ID,TITLE,B_NO,CATEGORI) values (19,'s2skkim1993@gmail.com','dldldlwjdans@naver.com','New 공지',16,'Notice');
Insert into LEARN.ALRAM_LIST (A_NO,TO_ID,FROM_ID,TITLE,B_NO,CATEGORI) values (32,'dldldlwjdans5@naver.com','dldldlwjdans5@naver.com','좋아요 Plus',1,'lectureLike');
Insert into LEARN.ALRAM_LIST (A_NO,TO_ID,FROM_ID,TITLE,B_NO,CATEGORI) values (21,'dldldlwjdans5@naver.com','dldldlwjdans@naver.com','New 공지',16,'Notice');
Insert into LEARN.ALRAM_LIST (A_NO,TO_ID,FROM_ID,TITLE,B_NO,CATEGORI) values (22,'unknown5','dldldlwjdans@naver.com','New 공지',16,'Notice');
Insert into LEARN.ALRAM_LIST (A_NO,TO_ID,FROM_ID,TITLE,B_NO,CATEGORI) values (23,'gee1suu@gmail.com','dldldlwjdans@naver.com','New 공지',16,'Notice');
Insert into LEARN.ALRAM_LIST (A_NO,TO_ID,FROM_ID,TITLE,B_NO,CATEGORI) values (24,'testMember@test.com','dldldlwjdans@naver.com','New 공지',16,'Notice');
Insert into LEARN.ALRAM_LIST (A_NO,TO_ID,FROM_ID,TITLE,B_NO,CATEGORI) values (25,'khjz0919@nate.com','dldldlwjdans@naver.com','New 공지',16,'Notice');
Insert into LEARN.ALRAM_LIST (A_NO,TO_ID,FROM_ID,TITLE,B_NO,CATEGORI) values (26,'dldldlwjdans4@naver.com','dldldlwjdans@naver.com','New 공지',16,'Notice');
Insert into LEARN.ALRAM_LIST (A_NO,TO_ID,FROM_ID,TITLE,B_NO,CATEGORI) values (27,'tester@naver.com','dldldlwjdans@naver.com','New 공지',16,'Notice');
Insert into LEARN.ALRAM_LIST (A_NO,TO_ID,FROM_ID,TITLE,B_NO,CATEGORI) values (28,'unknown2','dldldlwjdans@naver.com','New 공지',16,'Notice');
Insert into LEARN.ALRAM_LIST (A_NO,TO_ID,FROM_ID,TITLE,B_NO,CATEGORI) values (29,'outputlearn.manager@gmail.com','dldldlwjdans@naver.com','New 공지',16,'Notice');
Insert into LEARN.ALRAM_LIST (A_NO,TO_ID,FROM_ID,TITLE,B_NO,CATEGORI) values (30,'unknown6','dldldlwjdans@naver.com','New 공지',16,'Notice');
Insert into LEARN.ALRAM_LIST (A_NO,TO_ID,FROM_ID,TITLE,B_NO,CATEGORI) values (31,'dldldlwjdans5@naver.com','dldldlwjdans5@naver.com','좋아요가 취소됬습니다.',1,'lectureLikeCancle');
Insert into LEARN.ALRAM_LIST (A_NO,TO_ID,FROM_ID,TITLE,B_NO,CATEGORI) values (33,'dldldlwjdans5@naver.com','dldldlwjdans5@naver.com','좋아요가 취소됬습니다.',1,'lectureLikeCancle');
Insert into LEARN.ALRAM_LIST (A_NO,TO_ID,FROM_ID,TITLE,B_NO,CATEGORI) values (34,'dldldlwjdans5@naver.com','dldldlwjdans5@naver.com','좋아요 Plus',1,'lectureLike');
Insert into LEARN.ALRAM_LIST (A_NO,TO_ID,FROM_ID,TITLE,B_NO,CATEGORI) values (35,'dldldlwjdans5@naver.com','dldldlwjdans5@naver.com','좋아요가 취소됬습니다.',1,'lectureLikeCancle');
Insert into LEARN.ALRAM_LIST (A_NO,TO_ID,FROM_ID,TITLE,B_NO,CATEGORI) values (36,'dldldlwjdans5@naver.com','dldldlwjdans5@naver.com','좋아요 Plus',1,'lectureLike');
Insert into LEARN.ALRAM_LIST (A_NO,TO_ID,FROM_ID,TITLE,B_NO,CATEGORI) values (5,'unknown1','dldldlwjdans@naver.com','New 공지',15,'Notice');
Insert into LEARN.ALRAM_LIST (A_NO,TO_ID,FROM_ID,TITLE,B_NO,CATEGORI) values (6,'s2skkim1993@gmail.com','dldldlwjdans@naver.com','New 공지',15,'Notice');
Insert into LEARN.ALRAM_LIST (A_NO,TO_ID,FROM_ID,TITLE,B_NO,CATEGORI) values (8,'dldldlwjdans5@naver.com','dldldlwjdans@naver.com','New 공지',15,'Notice');
Insert into LEARN.ALRAM_LIST (A_NO,TO_ID,FROM_ID,TITLE,B_NO,CATEGORI) values (4,'dldldlwjdans5@naver.com','dldldlwjdans4@naver.com','좋아요가 취소됬습니다.',1,'lectureLikeCancle');
REM INSERTING into LEARN.BOARD_COMMENT
SET DEFINE OFF;
REM INSERTING into LEARN.BOARD_COMMENT2
SET DEFINE OFF;
REM INSERTING into LEARN.BOARD_REPORT
SET DEFINE OFF;
Insert into LEARN.BOARD_REPORT (REPORT_REASON,REPORT_DATE,REPORT_STATUS,BOARD_TYPE,BOARD_NO,REPORTER,REPPERSON) values ('집단간싸움유발',to_date('22/12/05','RR/MM/DD'),'1','questionBoard',28,'tester@naver.com','julie14s2@naver.com');
Insert into LEARN.BOARD_REPORT (REPORT_REASON,REPORT_DATE,REPORT_STATUS,BOARD_TYPE,BOARD_NO,REPORTER,REPPERSON) values ('낚시성,도배,무의미',to_date('22/12/06','RR/MM/DD'),'1','freeBoard',4,'khjz0919@nate.com','julie14s2@naver.com');
Insert into LEARN.BOARD_REPORT (REPORT_REASON,REPORT_DATE,REPORT_STATUS,BOARD_TYPE,BOARD_NO,REPORTER,REPPERSON) values ('욕설,비속어,인신공격',to_date('22/12/05','RR/MM/DD'),'1','freeBoard',2,'testMember@test.com','khjz0919@nate.com');
Insert into LEARN.BOARD_REPORT (REPORT_REASON,REPORT_DATE,REPORT_STATUS,BOARD_TYPE,BOARD_NO,REPORTER,REPPERSON) values ('선정적,음란성',to_date('22/12/07','RR/MM/DD'),'1','questionBoard',27,'dldldlwjdans5@naver.com','julie14s2@naver.com');
REM INSERTING into LEARN.CALLCENTER_COMMENT
SET DEFINE OFF;
Insert into LEARN.CALLCENTER_COMMENT (COMMENT_NO,QNA_NO,USER_ID,GRADE,COMMENT_CONTENT,COMMENT_REGDATE,COMMENT_FILE) values (8,25,'admin@test.com','관리자','답변',to_date('22/11/30','RR/MM/DD'),null);
Insert into LEARN.CALLCENTER_COMMENT (COMMENT_NO,QNA_NO,USER_ID,GRADE,COMMENT_CONTENT,COMMENT_REGDATE,COMMENT_FILE) values (7,22,'test@naver.com','관리자','<p>sdfsdfsdf</p>',to_date('22/11/23','RR/MM/DD'),null);
Insert into LEARN.CALLCENTER_COMMENT (COMMENT_NO,QNA_NO,USER_ID,GRADE,COMMENT_CONTENT,COMMENT_REGDATE,COMMENT_FILE) values (9,25,'test@naver.com','관리자','<p>ㅇㅅㅇ</p>',to_date('22/12/06','RR/MM/DD'),null);
REM INSERTING into LEARN.CALL_CENTER
SET DEFINE OFF;
Insert into LEARN.CALL_CENTER (QNA_NO,USER_ID,GRADE,QNA_TITLE,QNA_CONTENT,QNA_REGDATE,QNA_ADOPT,QNA_FILE) values (26,'dldldlwjdans5@naver.com','강의자','질문','<p>질문질문</p>',to_date('22/12/06','RR/MM/DD'),'FALSE',null);
Insert into LEARN.CALL_CENTER (QNA_NO,USER_ID,GRADE,QNA_TITLE,QNA_CONTENT,QNA_REGDATE,QNA_ADOPT,QNA_FILE) values (16,'tester@naver.com','일반회원','ㅇㅇㅇㅇ','<p>ㄹㄹㄹㄹㄹ</p>',to_date('22/11/22','RR/MM/DD'),'FALSE',null);
Insert into LEARN.CALL_CENTER (QNA_NO,USER_ID,GRADE,QNA_TITLE,QNA_CONTENT,QNA_REGDATE,QNA_ADOPT,QNA_FILE) values (20,'tester@naver.com','일반회원','ffff','<p>gggg</p>',to_date('22/11/22','RR/MM/DD'),'FALSE',null);
Insert into LEARN.CALL_CENTER (QNA_NO,USER_ID,GRADE,QNA_TITLE,QNA_CONTENT,QNA_REGDATE,QNA_ADOPT,QNA_FILE) values (21,'tester@naver.com','일반회원','ddd','<p>hhhh</p>',to_date('22/11/22','RR/MM/DD'),'FALSE',null);
Insert into LEARN.CALL_CENTER (QNA_NO,USER_ID,GRADE,QNA_TITLE,QNA_CONTENT,QNA_REGDATE,QNA_ADOPT,QNA_FILE) values (22,'tester@naver.com','일반회원','gsdfgsdg','<p>sdgsdg</p>',to_date('22/11/22','RR/MM/DD'),'TRUE',null);
Insert into LEARN.CALL_CENTER (QNA_NO,USER_ID,GRADE,QNA_TITLE,QNA_CONTENT,QNA_REGDATE,QNA_ADOPT,QNA_FILE) values (29,'tester@naver.com','일반회원','2','<p>더더<br></p>',to_date('22/12/06','RR/MM/DD'),'FALSE',null);
Insert into LEARN.CALL_CENTER (QNA_NO,USER_ID,GRADE,QNA_TITLE,QNA_CONTENT,QNA_REGDATE,QNA_ADOPT,QNA_FILE) values (25,'dldldlwjdans4@naver.com','일반회원','문의합니다','문의~!',to_date('22/11/30','RR/MM/DD'),'TRUE',null);
Insert into LEARN.CALL_CENTER (QNA_NO,USER_ID,GRADE,QNA_TITLE,QNA_CONTENT,QNA_REGDATE,QNA_ADOPT,QNA_FILE) values (28,'tester@naver.com','일반회원','1','<p>더더</p>',to_date('22/12/06','RR/MM/DD'),'FALSE',null);
Insert into LEARN.CALL_CENTER (QNA_NO,USER_ID,GRADE,QNA_TITLE,QNA_CONTENT,QNA_REGDATE,QNA_ADOPT,QNA_FILE) values (30,'tester@naver.com','일반회원','3','<p>더더<br></p>',to_date('22/12/06','RR/MM/DD'),'FALSE',null);
Insert into LEARN.CALL_CENTER (QNA_NO,USER_ID,GRADE,QNA_TITLE,QNA_CONTENT,QNA_REGDATE,QNA_ADOPT,QNA_FILE) values (24,'tester@naver.com','일반회원','qqqq','qqq',to_date('22/11/30','RR/MM/DD'),'FALSE',null);
Insert into LEARN.CALL_CENTER (QNA_NO,USER_ID,GRADE,QNA_TITLE,QNA_CONTENT,QNA_REGDATE,QNA_ADOPT,QNA_FILE) values (23,'tester@naver.com','일반회원','www','www',to_date('22/11/30','RR/MM/DD'),'FALSE',null);
REM INSERTING into LEARN.CART
SET DEFINE OFF;
Insert into LEARN.CART (CART_NO,USER_ID,TIMETABLE_NO,LECTURE_NO) values (14,'dldldlwjdans4@naver.com',1,18);
Insert into LEARN.CART (CART_NO,USER_ID,TIMETABLE_NO,LECTURE_NO) values (9,'dldldlwjdans4@naver.com',13,13);
Insert into LEARN.CART (CART_NO,USER_ID,TIMETABLE_NO,LECTURE_NO) values (10,'dldldlwjdans4@naver.com',13,13);
Insert into LEARN.CART (CART_NO,USER_ID,TIMETABLE_NO,LECTURE_NO) values (12,'dldldlwjdans4@naver.com',1,1);
Insert into LEARN.CART (CART_NO,USER_ID,TIMETABLE_NO,LECTURE_NO) values (11,'dldldlwjdans4@naver.com',13,13);
Insert into LEARN.CART (CART_NO,USER_ID,TIMETABLE_NO,LECTURE_NO) values (15,'dldldlwjdans4@naver.com',9,16);
Insert into LEARN.CART (CART_NO,USER_ID,TIMETABLE_NO,LECTURE_NO) values (38,'tester@naver.com',8,10);
Insert into LEARN.CART (CART_NO,USER_ID,TIMETABLE_NO,LECTURE_NO) values (39,'tester@naver.com',15,10);
Insert into LEARN.CART (CART_NO,USER_ID,TIMETABLE_NO,LECTURE_NO) values (40,'tester@naver.com',null,3);
REM INSERTING into LEARN.CATEGORY
SET DEFINE OFF;
Insert into LEARN.CATEGORY (CATEGORY_NAME,CATEGORY_NO) values ('개발·프로그래밍',1);
Insert into LEARN.CATEGORY (CATEGORY_NAME,CATEGORY_NO) values ('보안·네트워크',2);
Insert into LEARN.CATEGORY (CATEGORY_NAME,CATEGORY_NO) values ('데이터 사이언스',3);
Insert into LEARN.CATEGORY (CATEGORY_NAME,CATEGORY_NO) values ('게임 개발',4);
Insert into LEARN.CATEGORY (CATEGORY_NAME,CATEGORY_NO) values ('크리에이티브',5);
Insert into LEARN.CATEGORY (CATEGORY_NAME,CATEGORY_NO) values ('직무·마케팅',6);
Insert into LEARN.CATEGORY (CATEGORY_NAME,CATEGORY_NO) values ('학문·외국어',7);
Insert into LEARN.CATEGORY (CATEGORY_NAME,CATEGORY_NO) values ('커리어',8);
Insert into LEARN.CATEGORY (CATEGORY_NAME,CATEGORY_NO) values ('교양',9);
REM INSERTING into LEARN.CHATTING_CONTENTLIST
SET DEFINE OFF;
Insert into LEARN.CHATTING_CONTENTLIST (CONTENT_NO,CHAT_NO,SEND_ID,CONTENT,REGDATE) values (1,1,'dldldlwjdans4@naver.com','살려주세요',to_date('22/12/02','RR/MM/DD'));
Insert into LEARN.CHATTING_CONTENTLIST (CONTENT_NO,CHAT_NO,SEND_ID,CONTENT,REGDATE) values (2,1,'dldldlwjdans@naver.com','저도 죽겠어요',to_date('22/12/02','RR/MM/DD'));
Insert into LEARN.CHATTING_CONTENTLIST (CONTENT_NO,CHAT_NO,SEND_ID,CONTENT,REGDATE) values (3,1,'dldldlwjdans4@naver.com','우리 힘내요',to_date('22/12/02','RR/MM/DD'));
Insert into LEARN.CHATTING_CONTENTLIST (CONTENT_NO,CHAT_NO,SEND_ID,CONTENT,REGDATE) values (4,2,'s2skkim1993@gmail.com','저도 살려주세요',to_date('22/12/02','RR/MM/DD'));
Insert into LEARN.CHATTING_CONTENTLIST (CONTENT_NO,CHAT_NO,SEND_ID,CONTENT,REGDATE) values (5,2,'dldldlwjdans@naver.com','제가더 죽겠어요',to_date('22/12/02','RR/MM/DD'));
Insert into LEARN.CHATTING_CONTENTLIST (CONTENT_NO,CHAT_NO,SEND_ID,CONTENT,REGDATE) values (6,3,'dldldlwjdans5@naver.com','저는 누가 도와주죠',to_date('22/12/02','RR/MM/DD'));
Insert into LEARN.CHATTING_CONTENTLIST (CONTENT_NO,CHAT_NO,SEND_ID,CONTENT,REGDATE) values (7,3,'dldldlwjdans@naver.com','제가 더 죽겠어요',to_date('22/12/02','RR/MM/DD'));
Insert into LEARN.CHATTING_CONTENTLIST (CONTENT_NO,CHAT_NO,SEND_ID,CONTENT,REGDATE) values (28,1,'dldldlwjdans4@naver.com','aa',to_date('22/12/05','RR/MM/DD'));
Insert into LEARN.CHATTING_CONTENTLIST (CONTENT_NO,CHAT_NO,SEND_ID,CONTENT,REGDATE) values (45,4,'tester@naver.com','ㅇㅇ',to_date('22/12/05','RR/MM/DD'));
Insert into LEARN.CHATTING_CONTENTLIST (CONTENT_NO,CHAT_NO,SEND_ID,CONTENT,REGDATE) values (46,4,'tester@naver.com','나는 테스터 입니다',to_date('22/12/05','RR/MM/DD'));
Insert into LEARN.CHATTING_CONTENTLIST (CONTENT_NO,CHAT_NO,SEND_ID,CONTENT,REGDATE) values (47,4,'tester@naver.com','이거 단체 채팅방은 아이디 나와야겠네',to_date('22/12/05','RR/MM/DD'));
Insert into LEARN.CHATTING_CONTENTLIST (CONTENT_NO,CHAT_NO,SEND_ID,CONTENT,REGDATE) values (50,4,'tester@naver.com','안나오니깐 좀 그러네',to_date('22/12/05','RR/MM/DD'));
Insert into LEARN.CHATTING_CONTENTLIST (CONTENT_NO,CHAT_NO,SEND_ID,CONTENT,REGDATE) values (87,4,'tester@naver.com','ㅎ',to_date('22/12/06','RR/MM/DD'));
Insert into LEARN.CHATTING_CONTENTLIST (CONTENT_NO,CHAT_NO,SEND_ID,CONTENT,REGDATE) values (88,4,'admin23@naverm.com','gg',to_date('22/12/06','RR/MM/DD'));
Insert into LEARN.CHATTING_CONTENTLIST (CONTENT_NO,CHAT_NO,SEND_ID,CONTENT,REGDATE) values (17,1,'dldldlwjdans4@naver.com','안뇽 나 다시 왔어요',to_date('22/12/05','RR/MM/DD'));
Insert into LEARN.CHATTING_CONTENTLIST (CONTENT_NO,CHAT_NO,SEND_ID,CONTENT,REGDATE) values (18,1,'dldldlwjdans@naver.com','반가워요',to_date('22/12/05','RR/MM/DD'));
Insert into LEARN.CHATTING_CONTENTLIST (CONTENT_NO,CHAT_NO,SEND_ID,CONTENT,REGDATE) values (19,1,'dldldlwjdans@naver.com','왜 응답처리가 안되죠?',to_date('22/12/05','RR/MM/DD'));
Insert into LEARN.CHATTING_CONTENTLIST (CONTENT_NO,CHAT_NO,SEND_ID,CONTENT,REGDATE) values (20,1,'dldldlwjdans4@naver.com','이상한대요?',to_date('22/12/05','RR/MM/DD'));
Insert into LEARN.CHATTING_CONTENTLIST (CONTENT_NO,CHAT_NO,SEND_ID,CONTENT,REGDATE) values (21,1,'dldldlwjdans@naver.com','응답으로 바뀔껄?',to_date('22/12/05','RR/MM/DD'));
Insert into LEARN.CHATTING_CONTENTLIST (CONTENT_NO,CHAT_NO,SEND_ID,CONTENT,REGDATE) values (22,1,'dldldlwjdans4@naver.com','정렬해보시죠',to_date('22/12/05','RR/MM/DD'));
Insert into LEARN.CHATTING_CONTENTLIST (CONTENT_NO,CHAT_NO,SEND_ID,CONTENT,REGDATE) values (38,4,'dldldlwjdans@naver.com','d?',to_date('22/12/05','RR/MM/DD'));
Insert into LEARN.CHATTING_CONTENTLIST (CONTENT_NO,CHAT_NO,SEND_ID,CONTENT,REGDATE) values (39,4,'dldldlwjdans@naver.com','안녕하세요',to_date('22/12/05','RR/MM/DD'));
Insert into LEARN.CHATTING_CONTENTLIST (CONTENT_NO,CHAT_NO,SEND_ID,CONTENT,REGDATE) values (44,4,'dldldlwjdans@naver.com','ㅎㅇ',to_date('22/12/05','RR/MM/DD'));
Insert into LEARN.CHATTING_CONTENTLIST (CONTENT_NO,CHAT_NO,SEND_ID,CONTENT,REGDATE) values (48,4,'dldldlwjdans@naver.com','tjfak',to_date('22/12/05','RR/MM/DD'));
Insert into LEARN.CHATTING_CONTENTLIST (CONTENT_NO,CHAT_NO,SEND_ID,CONTENT,REGDATE) values (49,4,'dldldlwjdans@naver.com','보이시나요',to_date('22/12/05','RR/MM/DD'));
Insert into LEARN.CHATTING_CONTENTLIST (CONTENT_NO,CHAT_NO,SEND_ID,CONTENT,REGDATE) values (51,1,'dldldlwjdans4@naver.com','?',to_date('22/12/05','RR/MM/DD'));
Insert into LEARN.CHATTING_CONTENTLIST (CONTENT_NO,CHAT_NO,SEND_ID,CONTENT,REGDATE) values (52,1,'dldldlwjdans@naver.com','?',to_date('22/12/05','RR/MM/DD'));
Insert into LEARN.CHATTING_CONTENTLIST (CONTENT_NO,CHAT_NO,SEND_ID,CONTENT,REGDATE) values (53,1,'dldldlwjdans4@naver.com','?',to_date('22/12/05','RR/MM/DD'));
Insert into LEARN.CHATTING_CONTENTLIST (CONTENT_NO,CHAT_NO,SEND_ID,CONTENT,REGDATE) values (54,1,'dldldlwjdans4@naver.com','되는겨?',to_date('22/12/05','RR/MM/DD'));
Insert into LEARN.CHATTING_CONTENTLIST (CONTENT_NO,CHAT_NO,SEND_ID,CONTENT,REGDATE) values (55,1,'dldldlwjdans@naver.com','되는겨?',to_date('22/12/05','RR/MM/DD'));
Insert into LEARN.CHATTING_CONTENTLIST (CONTENT_NO,CHAT_NO,SEND_ID,CONTENT,REGDATE) values (56,4,'dldldlwjdans@naver.com','?',to_date('22/12/05','RR/MM/DD'));
Insert into LEARN.CHATTING_CONTENTLIST (CONTENT_NO,CHAT_NO,SEND_ID,CONTENT,REGDATE) values (57,4,'dldldlwjdans@naver.com','?',to_date('22/12/05','RR/MM/DD'));
Insert into LEARN.CHATTING_CONTENTLIST (CONTENT_NO,CHAT_NO,SEND_ID,CONTENT,REGDATE) values (58,4,'dldldlwjdans@naver.com','?',to_date('22/12/05','RR/MM/DD'));
Insert into LEARN.CHATTING_CONTENTLIST (CONTENT_NO,CHAT_NO,SEND_ID,CONTENT,REGDATE) values (59,2,'dldldlwjdans@naver.com','?',to_date('22/12/05','RR/MM/DD'));
Insert into LEARN.CHATTING_CONTENTLIST (CONTENT_NO,CHAT_NO,SEND_ID,CONTENT,REGDATE) values (60,2,'dldldlwjdans@naver.com','?',to_date('22/12/05','RR/MM/DD'));
Insert into LEARN.CHATTING_CONTENTLIST (CONTENT_NO,CHAT_NO,SEND_ID,CONTENT,REGDATE) values (61,2,'dldldlwjdans@naver.com','??',to_date('22/12/05','RR/MM/DD'));
Insert into LEARN.CHATTING_CONTENTLIST (CONTENT_NO,CHAT_NO,SEND_ID,CONTENT,REGDATE) values (62,2,'dldldlwjdans@naver.com','실시간이 안되네 ',to_date('22/12/05','RR/MM/DD'));
Insert into LEARN.CHATTING_CONTENTLIST (CONTENT_NO,CHAT_NO,SEND_ID,CONTENT,REGDATE) values (81,7,'khjz0919@nate.com','dddddddddddd',to_date('22/12/06','RR/MM/DD'));
Insert into LEARN.CHATTING_CONTENTLIST (CONTENT_NO,CHAT_NO,SEND_ID,CONTENT,REGDATE) values (89,5,'julie14s2@naver.com','신기하다',to_date('22/12/07','RR/MM/DD'));
Insert into LEARN.CHATTING_CONTENTLIST (CONTENT_NO,CHAT_NO,SEND_ID,CONTENT,REGDATE) values (90,5,'julie14s2@naver.com','신기하다\',to_date('22/12/07','RR/MM/DD'));
Insert into LEARN.CHATTING_CONTENTLIST (CONTENT_NO,CHAT_NO,SEND_ID,CONTENT,REGDATE) values (91,5,'julie14s2@naver.com','신기하다\\\',to_date('22/12/07','RR/MM/DD'));
Insert into LEARN.CHATTING_CONTENTLIST (CONTENT_NO,CHAT_NO,SEND_ID,CONTENT,REGDATE) values (92,5,'julie14s2@naver.com','신기하다\\\',to_date('22/12/07','RR/MM/DD'));
Insert into LEARN.CHATTING_CONTENTLIST (CONTENT_NO,CHAT_NO,SEND_ID,CONTENT,REGDATE) values (93,5,'julie14s2@naver.com','신기하다\\\',to_date('22/12/07','RR/MM/DD'));
Insert into LEARN.CHATTING_CONTENTLIST (CONTENT_NO,CHAT_NO,SEND_ID,CONTENT,REGDATE) values (94,5,'julie14s2@naver.com','신기하다\\\',to_date('22/12/07','RR/MM/DD'));
Insert into LEARN.CHATTING_CONTENTLIST (CONTENT_NO,CHAT_NO,SEND_ID,CONTENT,REGDATE) values (95,5,'julie14s2@naver.com','신기하다\\\',to_date('22/12/07','RR/MM/DD'));
Insert into LEARN.CHATTING_CONTENTLIST (CONTENT_NO,CHAT_NO,SEND_ID,CONTENT,REGDATE) values (96,5,'julie14s2@naver.com','신기하다\\\',to_date('22/12/07','RR/MM/DD'));
Insert into LEARN.CHATTING_CONTENTLIST (CONTENT_NO,CHAT_NO,SEND_ID,CONTENT,REGDATE) values (97,5,'julie14s2@naver.com','신기하다\\\',to_date('22/12/07','RR/MM/DD'));
Insert into LEARN.CHATTING_CONTENTLIST (CONTENT_NO,CHAT_NO,SEND_ID,CONTENT,REGDATE) values (98,5,'julie14s2@naver.com','신기하다\\\',to_date('22/12/07','RR/MM/DD'));
Insert into LEARN.CHATTING_CONTENTLIST (CONTENT_NO,CHAT_NO,SEND_ID,CONTENT,REGDATE) values (99,5,'julie14s2@naver.com','신기하다\\\',to_date('22/12/07','RR/MM/DD'));
Insert into LEARN.CHATTING_CONTENTLIST (CONTENT_NO,CHAT_NO,SEND_ID,CONTENT,REGDATE) values (100,5,'julie14s2@naver.com','신기하다\\\',to_date('22/12/07','RR/MM/DD'));
Insert into LEARN.CHATTING_CONTENTLIST (CONTENT_NO,CHAT_NO,SEND_ID,CONTENT,REGDATE) values (101,5,'julie14s2@naver.com','신기하다\\\',to_date('22/12/07','RR/MM/DD'));
Insert into LEARN.CHATTING_CONTENTLIST (CONTENT_NO,CHAT_NO,SEND_ID,CONTENT,REGDATE) values (102,5,'julie14s2@naver.com','ㅇㄴㅇㅇㅇ',to_date('22/12/07','RR/MM/DD'));
Insert into LEARN.CHATTING_CONTENTLIST (CONTENT_NO,CHAT_NO,SEND_ID,CONTENT,REGDATE) values (103,5,'julie14s2@naver.com','ㅇㄴㅇㅇㅇ',to_date('22/12/07','RR/MM/DD'));
Insert into LEARN.CHATTING_CONTENTLIST (CONTENT_NO,CHAT_NO,SEND_ID,CONTENT,REGDATE) values (104,5,'julie14s2@naver.com','ㄴㄴㄴ',to_date('22/12/07','RR/MM/DD'));
Insert into LEARN.CHATTING_CONTENTLIST (CONTENT_NO,CHAT_NO,SEND_ID,CONTENT,REGDATE) values (8,1,'dldldlwjdans4@naver.com','pp',to_date('22/12/02','RR/MM/DD'));
Insert into LEARN.CHATTING_CONTENTLIST (CONTENT_NO,CHAT_NO,SEND_ID,CONTENT,REGDATE) values (9,1,'dldldlwjdans4@naver.com','제발 업로드 되주세요',to_date('22/12/02','RR/MM/DD'));
Insert into LEARN.CHATTING_CONTENTLIST (CONTENT_NO,CHAT_NO,SEND_ID,CONTENT,REGDATE) values (23,1,'dldldlwjdans4@naver.com','pp',to_date('22/12/05','RR/MM/DD'));
Insert into LEARN.CHATTING_CONTENTLIST (CONTENT_NO,CHAT_NO,SEND_ID,CONTENT,REGDATE) values (24,1,'dldldlwjdans4@naver.com','잘되서 기분이 너무 좋아요',to_date('22/12/05','RR/MM/DD'));
Insert into LEARN.CHATTING_CONTENTLIST (CONTENT_NO,CHAT_NO,SEND_ID,CONTENT,REGDATE) values (82,2,null,'오',to_date('22/12/06','RR/MM/DD'));
Insert into LEARN.CHATTING_CONTENTLIST (CONTENT_NO,CHAT_NO,SEND_ID,CONTENT,REGDATE) values (83,2,null,'..',to_date('22/12/06','RR/MM/DD'));
Insert into LEARN.CHATTING_CONTENTLIST (CONTENT_NO,CHAT_NO,SEND_ID,CONTENT,REGDATE) values (84,2,null,'ㅇ',to_date('22/12/06','RR/MM/DD'));
Insert into LEARN.CHATTING_CONTENTLIST (CONTENT_NO,CHAT_NO,SEND_ID,CONTENT,REGDATE) values (85,2,null,'ㅇ',to_date('22/12/06','RR/MM/DD'));
Insert into LEARN.CHATTING_CONTENTLIST (CONTENT_NO,CHAT_NO,SEND_ID,CONTENT,REGDATE) values (86,1,null,'ㅇ',to_date('22/12/06','RR/MM/DD'));
Insert into LEARN.CHATTING_CONTENTLIST (CONTENT_NO,CHAT_NO,SEND_ID,CONTENT,REGDATE) values (10,1,'dldldlwjdans4@naver.com','제발 제발제발한번에 끝내자',to_date('22/12/02','RR/MM/DD'));
Insert into LEARN.CHATTING_CONTENTLIST (CONTENT_NO,CHAT_NO,SEND_ID,CONTENT,REGDATE) values (11,1,'dldldlwjdans@naver.com','응답처리 될까요/',to_date('22/12/02','RR/MM/DD'));
Insert into LEARN.CHATTING_CONTENTLIST (CONTENT_NO,CHAT_NO,SEND_ID,CONTENT,REGDATE) values (12,1,'dldldlwjdans@naver.com','응답처리 되주세요 제발',to_date('22/12/02','RR/MM/DD'));
Insert into LEARN.CHATTING_CONTENTLIST (CONTENT_NO,CHAT_NO,SEND_ID,CONTENT,REGDATE) values (13,1,'dldldlwjdans@naver.com','제발 한번에 끝내자',to_date('22/12/02','RR/MM/DD'));
Insert into LEARN.CHATTING_CONTENTLIST (CONTENT_NO,CHAT_NO,SEND_ID,CONTENT,REGDATE) values (14,1,'dldldlwjdans@naver.com','이번엔 될련?',to_date('22/12/02','RR/MM/DD'));
Insert into LEARN.CHATTING_CONTENTLIST (CONTENT_NO,CHAT_NO,SEND_ID,CONTENT,REGDATE) values (15,1,'dldldlwjdans4@naver.com','bbjkbjk',to_date('22/12/02','RR/MM/DD'));
Insert into LEARN.CHATTING_CONTENTLIST (CONTENT_NO,CHAT_NO,SEND_ID,CONTENT,REGDATE) values (16,1,'dldldlwjdans@naver.com','bjbkj',to_date('22/12/02','RR/MM/DD'));
Insert into LEARN.CHATTING_CONTENTLIST (CONTENT_NO,CHAT_NO,SEND_ID,CONTENT,REGDATE) values (63,1,'dldldlwjdans4@naver.com','?',to_date('22/12/06','RR/MM/DD'));
Insert into LEARN.CHATTING_CONTENTLIST (CONTENT_NO,CHAT_NO,SEND_ID,CONTENT,REGDATE) values (64,4,'dldldlwjdans@naver.com','/',to_date('22/12/06','RR/MM/DD'));
Insert into LEARN.CHATTING_CONTENTLIST (CONTENT_NO,CHAT_NO,SEND_ID,CONTENT,REGDATE) values (65,4,'tester@naver.com','dd',to_date('22/12/06','RR/MM/DD'));
Insert into LEARN.CHATTING_CONTENTLIST (CONTENT_NO,CHAT_NO,SEND_ID,CONTENT,REGDATE) values (66,4,'tester@naver.com','글이 왜 깨짐',to_date('22/12/06','RR/MM/DD'));
Insert into LEARN.CHATTING_CONTENTLIST (CONTENT_NO,CHAT_NO,SEND_ID,CONTENT,REGDATE) values (67,4,'tester@naver.com','되네',to_date('22/12/06','RR/MM/DD'));
Insert into LEARN.CHATTING_CONTENTLIST (CONTENT_NO,CHAT_NO,SEND_ID,CONTENT,REGDATE) values (68,4,'dldldlwjdans@naver.com','아',to_date('22/12/06','RR/MM/DD'));
Insert into LEARN.CHATTING_CONTENTLIST (CONTENT_NO,CHAT_NO,SEND_ID,CONTENT,REGDATE) values (69,5,'julie14s2@naver.com','왜 한글이 깨지나요?',to_date('22/12/06','RR/MM/DD'));
Insert into LEARN.CHATTING_CONTENTLIST (CONTENT_NO,CHAT_NO,SEND_ID,CONTENT,REGDATE) values (70,4,'dldldlwjdans@naver.com','안뇽',to_date('22/12/06','RR/MM/DD'));
Insert into LEARN.CHATTING_CONTENTLIST (CONTENT_NO,CHAT_NO,SEND_ID,CONTENT,REGDATE) values (71,4,'tester@naver.com','안녕 난 테스터야',to_date('22/12/06','RR/MM/DD'));
Insert into LEARN.CHATTING_CONTENTLIST (CONTENT_NO,CHAT_NO,SEND_ID,CONTENT,REGDATE) values (72,5,'dldldlwjdans@naver.com','안뇽',to_date('22/12/06','RR/MM/DD'));
Insert into LEARN.CHATTING_CONTENTLIST (CONTENT_NO,CHAT_NO,SEND_ID,CONTENT,REGDATE) values (73,5,'dldldlwjdans@naver.com','반가워요',to_date('22/12/06','RR/MM/DD'));
Insert into LEARN.CHATTING_CONTENTLIST (CONTENT_NO,CHAT_NO,SEND_ID,CONTENT,REGDATE) values (74,5,'julie14s2@naver.com','다',to_date('22/12/06','RR/MM/DD'));
Insert into LEARN.CHATTING_CONTENTLIST (CONTENT_NO,CHAT_NO,SEND_ID,CONTENT,REGDATE) values (75,5,'julie14s2@naver.com','신기하다',to_date('22/12/06','RR/MM/DD'));
Insert into LEARN.CHATTING_CONTENTLIST (CONTENT_NO,CHAT_NO,SEND_ID,CONTENT,REGDATE) values (25,1,'dldldlwjdans4@naver.com','ff',to_date('22/12/05','RR/MM/DD'));
Insert into LEARN.CHATTING_CONTENTLIST (CONTENT_NO,CHAT_NO,SEND_ID,CONTENT,REGDATE) values (26,1,'dldldlwjdans4@naver.com','11',to_date('22/12/05','RR/MM/DD'));
Insert into LEARN.CHATTING_CONTENTLIST (CONTENT_NO,CHAT_NO,SEND_ID,CONTENT,REGDATE) values (27,1,'dldldlwjdans4@naver.com','1111',to_date('22/12/05','RR/MM/DD'));
Insert into LEARN.CHATTING_CONTENTLIST (CONTENT_NO,CHAT_NO,SEND_ID,CONTENT,REGDATE) values (29,1,'dldldlwjdans4@naver.com','sass',to_date('22/12/05','RR/MM/DD'));
Insert into LEARN.CHATTING_CONTENTLIST (CONTENT_NO,CHAT_NO,SEND_ID,CONTENT,REGDATE) values (30,1,'dldldlwjdans@naver.com','123',to_date('22/12/05','RR/MM/DD'));
Insert into LEARN.CHATTING_CONTENTLIST (CONTENT_NO,CHAT_NO,SEND_ID,CONTENT,REGDATE) values (31,1,'dldldlwjdans4@naver.com','z',to_date('22/12/05','RR/MM/DD'));
Insert into LEARN.CHATTING_CONTENTLIST (CONTENT_NO,CHAT_NO,SEND_ID,CONTENT,REGDATE) values (32,4,'tester@naver.com','zz',to_date('22/12/05','RR/MM/DD'));
Insert into LEARN.CHATTING_CONTENTLIST (CONTENT_NO,CHAT_NO,SEND_ID,CONTENT,REGDATE) values (33,4,'tester@naver.com','ㅇㅅㅇ',to_date('22/12/05','RR/MM/DD'));
Insert into LEARN.CHATTING_CONTENTLIST (CONTENT_NO,CHAT_NO,SEND_ID,CONTENT,REGDATE) values (34,4,'tester@naver.com','ㅇㅂㅇ',to_date('22/12/05','RR/MM/DD'));
Insert into LEARN.CHATTING_CONTENTLIST (CONTENT_NO,CHAT_NO,SEND_ID,CONTENT,REGDATE) values (35,4,'tester@naver.com','ㅇㅈㅇ',to_date('22/12/05','RR/MM/DD'));
Insert into LEARN.CHATTING_CONTENTLIST (CONTENT_NO,CHAT_NO,SEND_ID,CONTENT,REGDATE) values (36,4,'tester@naver.com','ㅇㅁㅇ',to_date('22/12/05','RR/MM/DD'));
Insert into LEARN.CHATTING_CONTENTLIST (CONTENT_NO,CHAT_NO,SEND_ID,CONTENT,REGDATE) values (37,4,'tester@naver.com','ㅇvㅇ/',to_date('22/12/05','RR/MM/DD'));
Insert into LEARN.CHATTING_CONTENTLIST (CONTENT_NO,CHAT_NO,SEND_ID,CONTENT,REGDATE) values (40,4,'tester@naver.com','ㅇㅇ',to_date('22/12/05','RR/MM/DD'));
Insert into LEARN.CHATTING_CONTENTLIST (CONTENT_NO,CHAT_NO,SEND_ID,CONTENT,REGDATE) values (41,4,'tester@naver.com','ㅋㅋ',to_date('22/12/05','RR/MM/DD'));
Insert into LEARN.CHATTING_CONTENTLIST (CONTENT_NO,CHAT_NO,SEND_ID,CONTENT,REGDATE) values (42,4,'tester@naver.com','ㅎ',to_date('22/12/05','RR/MM/DD'));
Insert into LEARN.CHATTING_CONTENTLIST (CONTENT_NO,CHAT_NO,SEND_ID,CONTENT,REGDATE) values (43,4,'tester@naver.com','ㅛㅛ',to_date('22/12/05','RR/MM/DD'));
Insert into LEARN.CHATTING_CONTENTLIST (CONTENT_NO,CHAT_NO,SEND_ID,CONTENT,REGDATE) values (76,4,'tester@naver.com','전체는 된다',to_date('22/12/06','RR/MM/DD'));
Insert into LEARN.CHATTING_CONTENTLIST (CONTENT_NO,CHAT_NO,SEND_ID,CONTENT,REGDATE) values (77,4,'tester@naver.com','ㅎㅎㅎ',to_date('22/12/06','RR/MM/DD'));
Insert into LEARN.CHATTING_CONTENTLIST (CONTENT_NO,CHAT_NO,SEND_ID,CONTENT,REGDATE) values (78,4,'tester@naver.com','아니 전체 아니네',to_date('22/12/06','RR/MM/DD'));
Insert into LEARN.CHATTING_CONTENTLIST (CONTENT_NO,CHAT_NO,SEND_ID,CONTENT,REGDATE) values (79,5,null,'당신은누구십니까',to_date('22/12/06','RR/MM/DD'));
Insert into LEARN.CHATTING_CONTENTLIST (CONTENT_NO,CHAT_NO,SEND_ID,CONTENT,REGDATE) values (80,5,'dldldlwjdans@naver.com','안녕하세요?',to_date('22/12/06','RR/MM/DD'));
REM INSERTING into LEARN.CHATTING_LIST
SET DEFINE OFF;
Insert into LEARN.CHATTING_LIST (CHAT_NO,USER_ID,CHAT_CONTENTS,CHAT_REGDATE,CHAT_OK) values (1,'dldldlwjdans4@naver.com','살려주세요',to_date('22/12/06','RR/MM/DD'),0);
Insert into LEARN.CHATTING_LIST (CHAT_NO,USER_ID,CHAT_CONTENTS,CHAT_REGDATE,CHAT_OK) values (2,'s2skkim1993@gmail.com','저도 살려주세요',to_date('22/12/05','RR/MM/DD'),1);
Insert into LEARN.CHATTING_LIST (CHAT_NO,USER_ID,CHAT_CONTENTS,CHAT_REGDATE,CHAT_OK) values (3,'dldldlwjdans5@naver.com','저도 살려주세요',to_date('22/12/01','RR/MM/DD'),1);
Insert into LEARN.CHATTING_LIST (CHAT_NO,USER_ID,CHAT_CONTENTS,CHAT_REGDATE,CHAT_OK) values (7,'khjz0919@nate.com','관리자와 채팅',to_date('22/12/06','RR/MM/DD'),0);
Insert into LEARN.CHATTING_LIST (CHAT_NO,USER_ID,CHAT_CONTENTS,CHAT_REGDATE,CHAT_OK) values (5,'julie14s2@naver.com','관리자와 채팅',to_date('22/12/07','RR/MM/DD'),0);
Insert into LEARN.CHATTING_LIST (CHAT_NO,USER_ID,CHAT_CONTENTS,CHAT_REGDATE,CHAT_OK) values (6,'dldldlwjdans@naver.com','관리자와 채팅',to_date('22/12/06','RR/MM/DD'),1);
Insert into LEARN.CHATTING_LIST (CHAT_NO,USER_ID,CHAT_CONTENTS,CHAT_REGDATE,CHAT_OK) values (4,'tester@naver.com','관리자와 채팅',to_date('22/12/06','RR/MM/DD'),1);
REM INSERTING into LEARN.CLASS
SET DEFINE OFF;
Insert into LEARN.CLASS (CLASS_NO,LECTURE_NO,CATEGORY_NAME,SECTION_NO,CLASS_NAME,CLASS_URL,PREVIEW,FILENAME,ORINAME,VIDEONAME) values (65,7,'커리어',2,'개발환경 구축','www.itwill.com(실제 강의 url주소값)','1','filename','oriname',null);
Insert into LEARN.CLASS (CLASS_NO,LECTURE_NO,CATEGORY_NAME,SECTION_NO,CLASS_NAME,CLASS_URL,PREVIEW,FILENAME,ORINAME,VIDEONAME) values (66,7,'커리어',2,'개발환경 실행','www.itwill.com(실제 강의 url주소값)','1','filename','oriname',null);
Insert into LEARN.CLASS (CLASS_NO,LECTURE_NO,CATEGORY_NAME,SECTION_NO,CLASS_NAME,CLASS_URL,PREVIEW,FILENAME,ORINAME,VIDEONAME) values (67,7,'커리어',3,'개발환경 구축','www.itwill.com(실제 강의 url주소값)','1','filename','oriname',null);
Insert into LEARN.CLASS (CLASS_NO,LECTURE_NO,CATEGORY_NAME,SECTION_NO,CLASS_NAME,CLASS_URL,PREVIEW,FILENAME,ORINAME,VIDEONAME) values (68,7,'커리어',3,'개발환경 실행','www.itwill.com(실제 강의 url주소값)','1','filename','oriname',null);
Insert into LEARN.CLASS (CLASS_NO,LECTURE_NO,CATEGORY_NAME,SECTION_NO,CLASS_NAME,CLASS_URL,PREVIEW,FILENAME,ORINAME,VIDEONAME) values (69,7,'커리어',4,'개발환경 구축','www.itwill.com(실제 강의 url주소값)','1','filename','oriname',null);
Insert into LEARN.CLASS (CLASS_NO,LECTURE_NO,CATEGORY_NAME,SECTION_NO,CLASS_NAME,CLASS_URL,PREVIEW,FILENAME,ORINAME,VIDEONAME) values (70,7,'커리어',4,'개발환경 실행','www.itwill.com(실제 강의 url주소값)','1','filename','oriname',null);
Insert into LEARN.CLASS (CLASS_NO,LECTURE_NO,CATEGORY_NAME,SECTION_NO,CLASS_NAME,CLASS_URL,PREVIEW,FILENAME,ORINAME,VIDEONAME) values (71,8,'크리에이티브',0,'개발환경 구축','www.itwill.com(실제 강의 url주소값)','0','filename','oriname',null);
Insert into LEARN.CLASS (CLASS_NO,LECTURE_NO,CATEGORY_NAME,SECTION_NO,CLASS_NAME,CLASS_URL,PREVIEW,FILENAME,ORINAME,VIDEONAME) values (72,8,'크리에이티브',0,'개발환경 실행','www.itwill.com(실제 강의 url주소값)','0','filename','oriname',null);
Insert into LEARN.CLASS (CLASS_NO,LECTURE_NO,CATEGORY_NAME,SECTION_NO,CLASS_NAME,CLASS_URL,PREVIEW,FILENAME,ORINAME,VIDEONAME) values (73,8,'크리에이티브',1,'개발환경 구축','www.itwill.com(실제 강의 url주소값)','1','filename','oriname',null);
Insert into LEARN.CLASS (CLASS_NO,LECTURE_NO,CATEGORY_NAME,SECTION_NO,CLASS_NAME,CLASS_URL,PREVIEW,FILENAME,ORINAME,VIDEONAME) values (74,8,'크리에이티브',1,'개발환경 실행','www.itwill.com(실제 강의 url주소값)','1','filename','oriname',null);
Insert into LEARN.CLASS (CLASS_NO,LECTURE_NO,CATEGORY_NAME,SECTION_NO,CLASS_NAME,CLASS_URL,PREVIEW,FILENAME,ORINAME,VIDEONAME) values (75,8,'크리에이티브',2,'개발환경 구축','www.itwill.com(실제 강의 url주소값)','1','filename','oriname',null);
Insert into LEARN.CLASS (CLASS_NO,LECTURE_NO,CATEGORY_NAME,SECTION_NO,CLASS_NAME,CLASS_URL,PREVIEW,FILENAME,ORINAME,VIDEONAME) values (76,8,'크리에이티브',2,'개발환경 실행','www.itwill.com(실제 강의 url주소값)','1','filename','oriname',null);
Insert into LEARN.CLASS (CLASS_NO,LECTURE_NO,CATEGORY_NAME,SECTION_NO,CLASS_NAME,CLASS_URL,PREVIEW,FILENAME,ORINAME,VIDEONAME) values (77,8,'크리에이티브',3,'개발환경 구축','www.itwill.com(실제 강의 url주소값)','1','filename','oriname',null);
Insert into LEARN.CLASS (CLASS_NO,LECTURE_NO,CATEGORY_NAME,SECTION_NO,CLASS_NAME,CLASS_URL,PREVIEW,FILENAME,ORINAME,VIDEONAME) values (78,8,'크리에이티브',3,'개발환경 실행','www.itwill.com(실제 강의 url주소값)','1','filename','oriname',null);
Insert into LEARN.CLASS (CLASS_NO,LECTURE_NO,CATEGORY_NAME,SECTION_NO,CLASS_NAME,CLASS_URL,PREVIEW,FILENAME,ORINAME,VIDEONAME) values (79,8,'크리에이티브',4,'개발환경 구축','www.itwill.com(실제 강의 url주소값)','1','filename','oriname',null);
Insert into LEARN.CLASS (CLASS_NO,LECTURE_NO,CATEGORY_NAME,SECTION_NO,CLASS_NAME,CLASS_URL,PREVIEW,FILENAME,ORINAME,VIDEONAME) values (80,8,'크리에이티브',4,'개발환경 실행','www.itwill.com(실제 강의 url주소값)','1','filename','oriname',null);
Insert into LEARN.CLASS (CLASS_NO,LECTURE_NO,CATEGORY_NAME,SECTION_NO,CLASS_NAME,CLASS_URL,PREVIEW,FILENAME,ORINAME,VIDEONAME) values (81,9,'학문·외국어',0,'개발환경 구축','www.itwill.com(실제 강의 url주소값)','0','filename','oriname',null);
Insert into LEARN.CLASS (CLASS_NO,LECTURE_NO,CATEGORY_NAME,SECTION_NO,CLASS_NAME,CLASS_URL,PREVIEW,FILENAME,ORINAME,VIDEONAME) values (82,9,'학문·외국어',0,'개발환경 실행','www.itwill.com(실제 강의 url주소값)','0','filename','oriname',null);
Insert into LEARN.CLASS (CLASS_NO,LECTURE_NO,CATEGORY_NAME,SECTION_NO,CLASS_NAME,CLASS_URL,PREVIEW,FILENAME,ORINAME,VIDEONAME) values (83,9,'학문·외국어',1,'개발환경 구축','www.itwill.com(실제 강의 url주소값)','1','filename','oriname',null);
Insert into LEARN.CLASS (CLASS_NO,LECTURE_NO,CATEGORY_NAME,SECTION_NO,CLASS_NAME,CLASS_URL,PREVIEW,FILENAME,ORINAME,VIDEONAME) values (84,9,'학문·외국어',1,'개발환경 실행','www.itwill.com(실제 강의 url주소값)','1','filename','oriname',null);
Insert into LEARN.CLASS (CLASS_NO,LECTURE_NO,CATEGORY_NAME,SECTION_NO,CLASS_NAME,CLASS_URL,PREVIEW,FILENAME,ORINAME,VIDEONAME) values (85,9,'학문·외국어',2,'개발환경 구축','www.itwill.com(실제 강의 url주소값)','1','filename','oriname',null);
Insert into LEARN.CLASS (CLASS_NO,LECTURE_NO,CATEGORY_NAME,SECTION_NO,CLASS_NAME,CLASS_URL,PREVIEW,FILENAME,ORINAME,VIDEONAME) values (86,9,'학문·외국어',2,'개발환경 실행','www.itwill.com(실제 강의 url주소값)','1','filename','oriname',null);
Insert into LEARN.CLASS (CLASS_NO,LECTURE_NO,CATEGORY_NAME,SECTION_NO,CLASS_NAME,CLASS_URL,PREVIEW,FILENAME,ORINAME,VIDEONAME) values (87,9,'학문·외국어',3,'개발환경 구축','www.itwill.com(실제 강의 url주소값)','1','filename','oriname',null);
Insert into LEARN.CLASS (CLASS_NO,LECTURE_NO,CATEGORY_NAME,SECTION_NO,CLASS_NAME,CLASS_URL,PREVIEW,FILENAME,ORINAME,VIDEONAME) values (88,9,'학문·외국어',3,'개발환경 실행','www.itwill.com(실제 강의 url주소값)','1','filename','oriname',null);
Insert into LEARN.CLASS (CLASS_NO,LECTURE_NO,CATEGORY_NAME,SECTION_NO,CLASS_NAME,CLASS_URL,PREVIEW,FILENAME,ORINAME,VIDEONAME) values (89,9,'학문·외국어',4,'개발환경 구축','www.itwill.com(실제 강의 url주소값)','1','filename','oriname',null);
Insert into LEARN.CLASS (CLASS_NO,LECTURE_NO,CATEGORY_NAME,SECTION_NO,CLASS_NAME,CLASS_URL,PREVIEW,FILENAME,ORINAME,VIDEONAME) values (90,9,'학문·외국어',4,'개발환경 실행','www.itwill.com(실제 강의 url주소값)','1','filename','oriname',null);
Insert into LEARN.CLASS (CLASS_NO,LECTURE_NO,CATEGORY_NAME,SECTION_NO,CLASS_NAME,CLASS_URL,PREVIEW,FILENAME,ORINAME,VIDEONAME) values (91,19,'보안·네트워크',1,'22',null,'1',null,null,'3f5c173b-ee13-4cff-a667-7b303aa502ed');
Insert into LEARN.CLASS (CLASS_NO,LECTURE_NO,CATEGORY_NAME,SECTION_NO,CLASS_NAME,CLASS_URL,PREVIEW,FILENAME,ORINAME,VIDEONAME) values (92,19,'보안·네트워크',0,'11',null,'0','b2fabef2-6e49-41b7-bc8a-b51a473ac681','inflearn-business-manual-ver.201021.pdf','977611f8-d56a-4692-9224-0d3ef1bef1e6');
Insert into LEARN.CLASS (CLASS_NO,LECTURE_NO,CATEGORY_NAME,SECTION_NO,CLASS_NAME,CLASS_URL,PREVIEW,FILENAME,ORINAME,VIDEONAME) values (93,21,'보안·네트워크',0,'2',null,'1','0de7d5f6-a7c0-4adf-97db-b6fe987deac3','inflearn-business-manual-ver.201021.pdf','1f26b144-82b2-45c0-8d8f-754489f1be0b');
Insert into LEARN.CLASS (CLASS_NO,LECTURE_NO,CATEGORY_NAME,SECTION_NO,CLASS_NAME,CLASS_URL,PREVIEW,FILENAME,ORINAME,VIDEONAME) values (94,21,'보안·네트워크',1,'333',null,'0',null,null,null);
Insert into LEARN.CLASS (CLASS_NO,LECTURE_NO,CATEGORY_NAME,SECTION_NO,CLASS_NAME,CLASS_URL,PREVIEW,FILENAME,ORINAME,VIDEONAME) values (95,22,'보안·네트워크',0,'11',null,'0','faad90d1-d2a6-4bb8-943f-bab59c329ddd','inflearn-business-manual-ver.201021.pdf','da70edc1-7702-47de-9986-aa93fa7b2a03');
Insert into LEARN.CLASS (CLASS_NO,LECTURE_NO,CATEGORY_NAME,SECTION_NO,CLASS_NAME,CLASS_URL,PREVIEW,FILENAME,ORINAME,VIDEONAME) values (96,22,'보안·네트워크',0,'22',null,'1','9c04ddc5-3056-458a-9fe4-88409c3a87f8','inflearn-business-manual-ver.201021.pdf','33ac5eaf-efb4-4b1c-b6a7-4203cb8aad38');
Insert into LEARN.CLASS (CLASS_NO,LECTURE_NO,CATEGORY_NAME,SECTION_NO,CLASS_NAME,CLASS_URL,PREVIEW,FILENAME,ORINAME,VIDEONAME) values (97,22,'보안·네트워크',1,'33',null,'1','7a594300-6abd-4cf4-ac44-79414ee942ee','inflearn-business-manual-ver.201021 - 복사본.pdf','1e08ad6a-0d0e-450c-8814-0f2e0e6c6ffd');
Insert into LEARN.CLASS (CLASS_NO,LECTURE_NO,CATEGORY_NAME,SECTION_NO,CLASS_NAME,CLASS_URL,PREVIEW,FILENAME,ORINAME,VIDEONAME) values (1,1,'개발·프로그래밍',0,'수업필요 다운로드','www.itwill.com(실제 강의 url주소값)','0','filename','oriname',null);
Insert into LEARN.CLASS (CLASS_NO,LECTURE_NO,CATEGORY_NAME,SECTION_NO,CLASS_NAME,CLASS_URL,PREVIEW,FILENAME,ORINAME,VIDEONAME) values (2,1,'개발·프로그래밍',0,'개발환경 구축','www.itwill.com(실제 강의 url주소값)','0','filename','oriname',null);
Insert into LEARN.CLASS (CLASS_NO,LECTURE_NO,CATEGORY_NAME,SECTION_NO,CLASS_NAME,CLASS_URL,PREVIEW,FILENAME,ORINAME,VIDEONAME) values (3,1,'개발·프로그래밍',1,'개발환경 구축','www.itwill.com(실제 강의 url주소값)','1','filename','oriname',null);
Insert into LEARN.CLASS (CLASS_NO,LECTURE_NO,CATEGORY_NAME,SECTION_NO,CLASS_NAME,CLASS_URL,PREVIEW,FILENAME,ORINAME,VIDEONAME) values (4,1,'개발·프로그래밍',1,'개발환경 실행','www.itwill.com(실제 강의 url주소값)','1','filename','oriname',null);
Insert into LEARN.CLASS (CLASS_NO,LECTURE_NO,CATEGORY_NAME,SECTION_NO,CLASS_NAME,CLASS_URL,PREVIEW,FILENAME,ORINAME,VIDEONAME) values (5,1,'개발·프로그래밍',2,'개발환경 실행','www.itwill.com(실제 강의 url주소값)','1','filename','oriname',null);
Insert into LEARN.CLASS (CLASS_NO,LECTURE_NO,CATEGORY_NAME,SECTION_NO,CLASS_NAME,CLASS_URL,PREVIEW,FILENAME,ORINAME,VIDEONAME) values (6,1,'개발·프로그래밍',2,'개발환경 구축','www.itwill.com(실제 강의 url주소값)','1','filename','oriname',null);
Insert into LEARN.CLASS (CLASS_NO,LECTURE_NO,CATEGORY_NAME,SECTION_NO,CLASS_NAME,CLASS_URL,PREVIEW,FILENAME,ORINAME,VIDEONAME) values (7,1,'개발·프로그래밍',3,'개발환경 실행','www.itwill.com(실제 강의 url주소값)','1','filename','oriname',null);
Insert into LEARN.CLASS (CLASS_NO,LECTURE_NO,CATEGORY_NAME,SECTION_NO,CLASS_NAME,CLASS_URL,PREVIEW,FILENAME,ORINAME,VIDEONAME) values (8,1,'개발·프로그래밍',3,'개발환경 구축','www.itwill.com(실제 강의 url주소값)','1','filename','oriname',null);
Insert into LEARN.CLASS (CLASS_NO,LECTURE_NO,CATEGORY_NAME,SECTION_NO,CLASS_NAME,CLASS_URL,PREVIEW,FILENAME,ORINAME,VIDEONAME) values (9,1,'개발·프로그래밍',4,'개발환경 실행','www.itwill.com(실제 강의 url주소값)','1','filename','oriname',null);
Insert into LEARN.CLASS (CLASS_NO,LECTURE_NO,CATEGORY_NAME,SECTION_NO,CLASS_NAME,CLASS_URL,PREVIEW,FILENAME,ORINAME,VIDEONAME) values (10,1,'개발·프로그래밍',4,'개발환경 구축','www.itwill.com(실제 강의 url주소값)','1','filename','oriname',null);
Insert into LEARN.CLASS (CLASS_NO,LECTURE_NO,CATEGORY_NAME,SECTION_NO,CLASS_NAME,CLASS_URL,PREVIEW,FILENAME,ORINAME,VIDEONAME) values (11,2,'게임 개발',0,'개발환경 구축','www.itwill.com(실제 강의 url주소값)','0','filename','oriname',null);
Insert into LEARN.CLASS (CLASS_NO,LECTURE_NO,CATEGORY_NAME,SECTION_NO,CLASS_NAME,CLASS_URL,PREVIEW,FILENAME,ORINAME,VIDEONAME) values (12,2,'게임 개발',0,'개발환경 실행','www.itwill.com(실제 강의 url주소값)','0','filename','oriname',null);
Insert into LEARN.CLASS (CLASS_NO,LECTURE_NO,CATEGORY_NAME,SECTION_NO,CLASS_NAME,CLASS_URL,PREVIEW,FILENAME,ORINAME,VIDEONAME) values (13,2,'게임 개발',1,'개발환경 구축','www.itwill.com(실제 강의 url주소값)','1','filename','oriname',null);
Insert into LEARN.CLASS (CLASS_NO,LECTURE_NO,CATEGORY_NAME,SECTION_NO,CLASS_NAME,CLASS_URL,PREVIEW,FILENAME,ORINAME,VIDEONAME) values (14,2,'게임 개발',1,'개발환경 실행','www.itwill.com(실제 강의 url주소값)','1','filename','oriname',null);
Insert into LEARN.CLASS (CLASS_NO,LECTURE_NO,CATEGORY_NAME,SECTION_NO,CLASS_NAME,CLASS_URL,PREVIEW,FILENAME,ORINAME,VIDEONAME) values (15,2,'게임 개발',2,'개발환경 구축','www.itwill.com(실제 강의 url주소값)','1','filename','oriname',null);
Insert into LEARN.CLASS (CLASS_NO,LECTURE_NO,CATEGORY_NAME,SECTION_NO,CLASS_NAME,CLASS_URL,PREVIEW,FILENAME,ORINAME,VIDEONAME) values (16,2,'게임 개발',2,'개발환경 실행','www.itwill.com(실제 강의 url주소값)','1','filename','oriname',null);
Insert into LEARN.CLASS (CLASS_NO,LECTURE_NO,CATEGORY_NAME,SECTION_NO,CLASS_NAME,CLASS_URL,PREVIEW,FILENAME,ORINAME,VIDEONAME) values (17,2,'게임 개발',3,'개발환경 구축','www.itwill.com(실제 강의 url주소값)','1','filename','oriname',null);
Insert into LEARN.CLASS (CLASS_NO,LECTURE_NO,CATEGORY_NAME,SECTION_NO,CLASS_NAME,CLASS_URL,PREVIEW,FILENAME,ORINAME,VIDEONAME) values (18,2,'게임 개발',3,'개발환경 실행','www.itwill.com(실제 강의 url주소값)','1','filename','oriname',null);
Insert into LEARN.CLASS (CLASS_NO,LECTURE_NO,CATEGORY_NAME,SECTION_NO,CLASS_NAME,CLASS_URL,PREVIEW,FILENAME,ORINAME,VIDEONAME) values (19,2,'게임 개발',4,'개발환경 구축','www.itwill.com(실제 강의 url주소값)','1','filename','oriname',null);
Insert into LEARN.CLASS (CLASS_NO,LECTURE_NO,CATEGORY_NAME,SECTION_NO,CLASS_NAME,CLASS_URL,PREVIEW,FILENAME,ORINAME,VIDEONAME) values (20,2,'게임 개발',4,'개발환경 실행','www.itwill.com(실제 강의 url주소값)','1','filename','oriname',null);
Insert into LEARN.CLASS (CLASS_NO,LECTURE_NO,CATEGORY_NAME,SECTION_NO,CLASS_NAME,CLASS_URL,PREVIEW,FILENAME,ORINAME,VIDEONAME) values (21,3,'교양',0,'개발환경 구축','www.itwill.com(실제 강의 url주소값)','0','filename','oriname',null);
Insert into LEARN.CLASS (CLASS_NO,LECTURE_NO,CATEGORY_NAME,SECTION_NO,CLASS_NAME,CLASS_URL,PREVIEW,FILENAME,ORINAME,VIDEONAME) values (22,3,'교양',0,'개발환경 실행','www.itwill.com(실제 강의 url주소값)','0','filename','oriname',null);
Insert into LEARN.CLASS (CLASS_NO,LECTURE_NO,CATEGORY_NAME,SECTION_NO,CLASS_NAME,CLASS_URL,PREVIEW,FILENAME,ORINAME,VIDEONAME) values (23,3,'교양',1,'개발환경 구축','www.itwill.com(실제 강의 url주소값)','1','filename','oriname',null);
Insert into LEARN.CLASS (CLASS_NO,LECTURE_NO,CATEGORY_NAME,SECTION_NO,CLASS_NAME,CLASS_URL,PREVIEW,FILENAME,ORINAME,VIDEONAME) values (24,3,'교양',1,'개발환경 실행','www.itwill.com(실제 강의 url주소값)','1','filename','oriname',null);
Insert into LEARN.CLASS (CLASS_NO,LECTURE_NO,CATEGORY_NAME,SECTION_NO,CLASS_NAME,CLASS_URL,PREVIEW,FILENAME,ORINAME,VIDEONAME) values (25,3,'교양',2,'개발환경 구축','www.itwill.com(실제 강의 url주소값)','1','filename','oriname',null);
Insert into LEARN.CLASS (CLASS_NO,LECTURE_NO,CATEGORY_NAME,SECTION_NO,CLASS_NAME,CLASS_URL,PREVIEW,FILENAME,ORINAME,VIDEONAME) values (26,3,'교양',2,'개발환경 실행','www.itwill.com(실제 강의 url주소값)','1','filename','oriname',null);
Insert into LEARN.CLASS (CLASS_NO,LECTURE_NO,CATEGORY_NAME,SECTION_NO,CLASS_NAME,CLASS_URL,PREVIEW,FILENAME,ORINAME,VIDEONAME) values (27,3,'교양',3,'개발환경 구축','www.itwill.com(실제 강의 url주소값)','1','filename','oriname',null);
Insert into LEARN.CLASS (CLASS_NO,LECTURE_NO,CATEGORY_NAME,SECTION_NO,CLASS_NAME,CLASS_URL,PREVIEW,FILENAME,ORINAME,VIDEONAME) values (28,3,'교양',3,'개발환경 실행','www.itwill.com(실제 강의 url주소값)','1','filename','oriname',null);
Insert into LEARN.CLASS (CLASS_NO,LECTURE_NO,CATEGORY_NAME,SECTION_NO,CLASS_NAME,CLASS_URL,PREVIEW,FILENAME,ORINAME,VIDEONAME) values (29,3,'교양',4,'개발환경 구축','www.itwill.com(실제 강의 url주소값)','1','filename','oriname',null);
Insert into LEARN.CLASS (CLASS_NO,LECTURE_NO,CATEGORY_NAME,SECTION_NO,CLASS_NAME,CLASS_URL,PREVIEW,FILENAME,ORINAME,VIDEONAME) values (30,3,'교양',4,'개발환경 실행','www.itwill.com(실제 강의 url주소값)','1','filename','oriname',null);
Insert into LEARN.CLASS (CLASS_NO,LECTURE_NO,CATEGORY_NAME,SECTION_NO,CLASS_NAME,CLASS_URL,PREVIEW,FILENAME,ORINAME,VIDEONAME) values (31,4,'직무·마케팅',0,'개발환경 구축','www.itwill.com(실제 강의 url주소값)','0','filename','oriname',null);
Insert into LEARN.CLASS (CLASS_NO,LECTURE_NO,CATEGORY_NAME,SECTION_NO,CLASS_NAME,CLASS_URL,PREVIEW,FILENAME,ORINAME,VIDEONAME) values (32,4,'직무·마케팅',0,'개발환경 실행','www.itwill.com(실제 강의 url주소값)','0','filename','oriname',null);
Insert into LEARN.CLASS (CLASS_NO,LECTURE_NO,CATEGORY_NAME,SECTION_NO,CLASS_NAME,CLASS_URL,PREVIEW,FILENAME,ORINAME,VIDEONAME) values (33,4,'직무·마케팅',1,'개발환경 구축','www.itwill.com(실제 강의 url주소값)','1','filename','oriname',null);
Insert into LEARN.CLASS (CLASS_NO,LECTURE_NO,CATEGORY_NAME,SECTION_NO,CLASS_NAME,CLASS_URL,PREVIEW,FILENAME,ORINAME,VIDEONAME) values (34,4,'직무·마케팅',1,'개발환경 실행','www.itwill.com(실제 강의 url주소값)','1','filename','oriname',null);
Insert into LEARN.CLASS (CLASS_NO,LECTURE_NO,CATEGORY_NAME,SECTION_NO,CLASS_NAME,CLASS_URL,PREVIEW,FILENAME,ORINAME,VIDEONAME) values (35,4,'직무·마케팅',2,'개발환경 구축','www.itwill.com(실제 강의 url주소값)','1','filename','oriname',null);
Insert into LEARN.CLASS (CLASS_NO,LECTURE_NO,CATEGORY_NAME,SECTION_NO,CLASS_NAME,CLASS_URL,PREVIEW,FILENAME,ORINAME,VIDEONAME) values (36,4,'직무·마케팅',2,'개발환경 실행','www.itwill.com(실제 강의 url주소값)','1','filename','oriname',null);
Insert into LEARN.CLASS (CLASS_NO,LECTURE_NO,CATEGORY_NAME,SECTION_NO,CLASS_NAME,CLASS_URL,PREVIEW,FILENAME,ORINAME,VIDEONAME) values (37,4,'직무·마케팅',3,'개발환경 구축','www.itwill.com(실제 강의 url주소값)','1','filename','oriname',null);
Insert into LEARN.CLASS (CLASS_NO,LECTURE_NO,CATEGORY_NAME,SECTION_NO,CLASS_NAME,CLASS_URL,PREVIEW,FILENAME,ORINAME,VIDEONAME) values (38,4,'직무·마케팅',3,'개발환경 실행','www.itwill.com(실제 강의 url주소값)','1','filename','oriname',null);
Insert into LEARN.CLASS (CLASS_NO,LECTURE_NO,CATEGORY_NAME,SECTION_NO,CLASS_NAME,CLASS_URL,PREVIEW,FILENAME,ORINAME,VIDEONAME) values (39,4,'직무·마케팅',4,'개발환경 구축','www.itwill.com(실제 강의 url주소값)','1','filename','oriname',null);
Insert into LEARN.CLASS (CLASS_NO,LECTURE_NO,CATEGORY_NAME,SECTION_NO,CLASS_NAME,CLASS_URL,PREVIEW,FILENAME,ORINAME,VIDEONAME) values (40,4,'직무·마케팅',4,'개발환경 실행','www.itwill.com(실제 강의 url주소값)','1','filename','oriname',null);
Insert into LEARN.CLASS (CLASS_NO,LECTURE_NO,CATEGORY_NAME,SECTION_NO,CLASS_NAME,CLASS_URL,PREVIEW,FILENAME,ORINAME,VIDEONAME) values (41,5,'보안·네트워크',0,'개발환경 구축','www.itwill.com(실제 강의 url주소값)','0','filename','oriname',null);
Insert into LEARN.CLASS (CLASS_NO,LECTURE_NO,CATEGORY_NAME,SECTION_NO,CLASS_NAME,CLASS_URL,PREVIEW,FILENAME,ORINAME,VIDEONAME) values (42,5,'보안·네트워크',0,'개발환경 실행','www.itwill.com(실제 강의 url주소값)','0','filename','oriname',null);
Insert into LEARN.CLASS (CLASS_NO,LECTURE_NO,CATEGORY_NAME,SECTION_NO,CLASS_NAME,CLASS_URL,PREVIEW,FILENAME,ORINAME,VIDEONAME) values (43,5,'보안·네트워크',1,'개발환경 구축','www.itwill.com(실제 강의 url주소값)','1','filename','oriname',null);
Insert into LEARN.CLASS (CLASS_NO,LECTURE_NO,CATEGORY_NAME,SECTION_NO,CLASS_NAME,CLASS_URL,PREVIEW,FILENAME,ORINAME,VIDEONAME) values (44,5,'보안·네트워크',1,'개발환경 실행','www.itwill.com(실제 강의 url주소값)','1','filename','oriname',null);
Insert into LEARN.CLASS (CLASS_NO,LECTURE_NO,CATEGORY_NAME,SECTION_NO,CLASS_NAME,CLASS_URL,PREVIEW,FILENAME,ORINAME,VIDEONAME) values (45,5,'보안·네트워크',2,'개발환경 구축','www.itwill.com(실제 강의 url주소값)','1','filename','oriname',null);
Insert into LEARN.CLASS (CLASS_NO,LECTURE_NO,CATEGORY_NAME,SECTION_NO,CLASS_NAME,CLASS_URL,PREVIEW,FILENAME,ORINAME,VIDEONAME) values (46,5,'보안·네트워크',2,'개발환경 실행','www.itwill.com(실제 강의 url주소값)','1','filename','oriname',null);
Insert into LEARN.CLASS (CLASS_NO,LECTURE_NO,CATEGORY_NAME,SECTION_NO,CLASS_NAME,CLASS_URL,PREVIEW,FILENAME,ORINAME,VIDEONAME) values (47,5,'보안·네트워크',3,'개발환경 구축','www.itwill.com(실제 강의 url주소값)','1','filename','oriname',null);
Insert into LEARN.CLASS (CLASS_NO,LECTURE_NO,CATEGORY_NAME,SECTION_NO,CLASS_NAME,CLASS_URL,PREVIEW,FILENAME,ORINAME,VIDEONAME) values (48,5,'보안·네트워크',3,'개발환경 실행','www.itwill.com(실제 강의 url주소값)','1','filename','oriname',null);
Insert into LEARN.CLASS (CLASS_NO,LECTURE_NO,CATEGORY_NAME,SECTION_NO,CLASS_NAME,CLASS_URL,PREVIEW,FILENAME,ORINAME,VIDEONAME) values (49,5,'보안·네트워크',4,'개발환경 구축','www.itwill.com(실제 강의 url주소값)','1','filename','oriname',null);
Insert into LEARN.CLASS (CLASS_NO,LECTURE_NO,CATEGORY_NAME,SECTION_NO,CLASS_NAME,CLASS_URL,PREVIEW,FILENAME,ORINAME,VIDEONAME) values (50,5,'보안·네트워크',4,'개발환경 실행','www.itwill.com(실제 강의 url주소값)','1','filename','oriname',null);
Insert into LEARN.CLASS (CLASS_NO,LECTURE_NO,CATEGORY_NAME,SECTION_NO,CLASS_NAME,CLASS_URL,PREVIEW,FILENAME,ORINAME,VIDEONAME) values (51,6,'직무·마케팅',0,'개발환경 구축','www.itwill.com(실제 강의 url주소값)','0','filename','oriname',null);
Insert into LEARN.CLASS (CLASS_NO,LECTURE_NO,CATEGORY_NAME,SECTION_NO,CLASS_NAME,CLASS_URL,PREVIEW,FILENAME,ORINAME,VIDEONAME) values (52,6,'직무·마케팅',0,'개발환경 실행','www.itwill.com(실제 강의 url주소값)','0','filename','oriname',null);
Insert into LEARN.CLASS (CLASS_NO,LECTURE_NO,CATEGORY_NAME,SECTION_NO,CLASS_NAME,CLASS_URL,PREVIEW,FILENAME,ORINAME,VIDEONAME) values (53,6,'직무·마케팅',1,'개발환경 구축','www.itwill.com(실제 강의 url주소값)','1','filename','oriname',null);
Insert into LEARN.CLASS (CLASS_NO,LECTURE_NO,CATEGORY_NAME,SECTION_NO,CLASS_NAME,CLASS_URL,PREVIEW,FILENAME,ORINAME,VIDEONAME) values (54,6,'직무·마케팅',1,'개발환경 실행','www.itwill.com(실제 강의 url주소값)','1','filename','oriname',null);
Insert into LEARN.CLASS (CLASS_NO,LECTURE_NO,CATEGORY_NAME,SECTION_NO,CLASS_NAME,CLASS_URL,PREVIEW,FILENAME,ORINAME,VIDEONAME) values (55,6,'직무·마케팅',2,'개발환경 구축','www.itwill.com(실제 강의 url주소값)','1','filename','oriname',null);
Insert into LEARN.CLASS (CLASS_NO,LECTURE_NO,CATEGORY_NAME,SECTION_NO,CLASS_NAME,CLASS_URL,PREVIEW,FILENAME,ORINAME,VIDEONAME) values (56,6,'직무·마케팅',2,'개발환경 실행','www.itwill.com(실제 강의 url주소값)','1','filename','oriname',null);
Insert into LEARN.CLASS (CLASS_NO,LECTURE_NO,CATEGORY_NAME,SECTION_NO,CLASS_NAME,CLASS_URL,PREVIEW,FILENAME,ORINAME,VIDEONAME) values (57,6,'직무·마케팅',3,'개발환경 구축','www.itwill.com(실제 강의 url주소값)','1','filename','oriname',null);
Insert into LEARN.CLASS (CLASS_NO,LECTURE_NO,CATEGORY_NAME,SECTION_NO,CLASS_NAME,CLASS_URL,PREVIEW,FILENAME,ORINAME,VIDEONAME) values (58,6,'직무·마케팅',3,'개발환경 실행','www.itwill.com(실제 강의 url주소값)','1','filename','oriname',null);
Insert into LEARN.CLASS (CLASS_NO,LECTURE_NO,CATEGORY_NAME,SECTION_NO,CLASS_NAME,CLASS_URL,PREVIEW,FILENAME,ORINAME,VIDEONAME) values (59,6,'직무·마케팅',4,'개발환경 구축','www.itwill.com(실제 강의 url주소값)','1','filename','oriname',null);
Insert into LEARN.CLASS (CLASS_NO,LECTURE_NO,CATEGORY_NAME,SECTION_NO,CLASS_NAME,CLASS_URL,PREVIEW,FILENAME,ORINAME,VIDEONAME) values (60,6,'직무·마케팅',4,'개발환경 실행','www.itwill.com(실제 강의 url주소값)','1','filename','oriname',null);
Insert into LEARN.CLASS (CLASS_NO,LECTURE_NO,CATEGORY_NAME,SECTION_NO,CLASS_NAME,CLASS_URL,PREVIEW,FILENAME,ORINAME,VIDEONAME) values (61,7,'커리어',0,'개발환경 구축','www.itwill.com(실제 강의 url주소값)','0','filename','oriname',null);
Insert into LEARN.CLASS (CLASS_NO,LECTURE_NO,CATEGORY_NAME,SECTION_NO,CLASS_NAME,CLASS_URL,PREVIEW,FILENAME,ORINAME,VIDEONAME) values (62,7,'커리어',0,'개발환경 실행','www.itwill.com(실제 강의 url주소값)','0','filename','oriname',null);
Insert into LEARN.CLASS (CLASS_NO,LECTURE_NO,CATEGORY_NAME,SECTION_NO,CLASS_NAME,CLASS_URL,PREVIEW,FILENAME,ORINAME,VIDEONAME) values (63,7,'커리어',1,'개발환경 구축','www.itwill.com(실제 강의 url주소값)','1','filename','oriname',null);
Insert into LEARN.CLASS (CLASS_NO,LECTURE_NO,CATEGORY_NAME,SECTION_NO,CLASS_NAME,CLASS_URL,PREVIEW,FILENAME,ORINAME,VIDEONAME) values (64,7,'커리어',1,'개발환경 실행','www.itwill.com(실제 강의 url주소값)','1','filename','oriname',null);
REM INSERTING into LEARN.FAQ
SET DEFINE OFF;
Insert into LEARN.FAQ (FAQ_NO,FAQ_QUESTION,FAQ_ANSWER) values (1,'[탈퇴] 인프런을 탈퇴하고 싶어요.','대시보드 > 계정정보 설정에서 ''탈퇴''가 가능해요.<br><br>※ 탈퇴할 경우 해당 계정의 모든 데이터가 삭제되며 복구가 불가능하니 신중히 결정하시는 것을 권장 드려요.');
Insert into LEARN.FAQ (FAQ_NO,FAQ_QUESTION,FAQ_ANSWER) values (26,'[계정] 구매했던 강의가 전부 사라졌어요.','잠깐! 지금 로그인하신 계정으로 구매하신 것이 맞으신가요?<br><br>인프런은 여러 개의 계정을 동시에 사용할 수 있어요. <br>소유하신 다른 계정이 있다면 확인 부탁드려요.');
Insert into LEARN.FAQ (FAQ_NO,FAQ_QUESTION,FAQ_ANSWER) values (2,'[계정] 이메일 계정을 변경하고 싶어요.','1. [대시보드]-[계정정보]-[이메일]에서 새로운 이메일 입력<br>2. 안내된 인증 절차를 거치면 계정 변경 완료');
Insert into LEARN.FAQ (FAQ_NO,FAQ_QUESTION,FAQ_ANSWER) values (3,'[계정] 비밀번호를 찾고 싶어요.','로그인 화면에서 ''비밀번호 찾기''를 클릭해주세요.<br>사용 중인 계정을 입력하면 이메일을 통해 비밀번호 변경 링크를 보내드려요.');
Insert into LEARN.FAQ (FAQ_NO,FAQ_QUESTION,FAQ_ANSWER) values (4,'[계정] 지금 계정에 있는 강의를 다른 계정으로 옮기고 싶어요.','현재 계정 간 강의 이동 서비스를 제공하고 있지 않아요.<br>강의 저작권에 문제가 발생할 수 있기 때문에 각 계정은 개별 사용자로 인식하고 있어요.');
Insert into LEARN.FAQ (FAQ_NO,FAQ_QUESTION,FAQ_ANSWER) values (5,'[서비스오류] 인프런 서비스 이용 중 오류가 발생해요.','인프런은 구글 크롬 브라우저에 최적화되어 있어요.<br>강의 시청, 결제 등 서비스 이용 중 오류가 발생할 경우 크롬 브라우저에서 다시 진행해 주세요.');
Insert into LEARN.FAQ (FAQ_NO,FAQ_QUESTION,FAQ_ANSWER) values (6,'[강의] 수강 전인데 강의에 궁금한 점이 있어요.','강의를 결제하기 전, 궁금한 점이 있으실 경우 [수강 전 문의 게시판]을 통해 지식공유자님에게 직접 질문을 남길 수 있어요.<br><br>※ 수강 전 문의하기 기능을 설정한 강의에 한정하여 제공되니 꼭 확인해 주세요.');
Insert into LEARN.FAQ (FAQ_NO,FAQ_QUESTION,FAQ_ANSWER) values (7,'[강의] 강의자료는 어디에서 확인하나요?','강의 동영상을 클릭 후 상단 바 혹은 목차 내에 구름 아이콘을 확인해 주세요.<br><br>※ 강의마다 강의자료가 위치한 섹션이 다르니 참고해 주세요.');
Insert into LEARN.FAQ (FAQ_NO,FAQ_QUESTION,FAQ_ANSWER) values (8,'[강의] 수료증은 어떻게 발급받나요?','수료증은 강의를 100% 완강하신 후 강의 완료 버튼을 누르시면 자동으로 발급됩니다.<br><br>대시보드 > 🏆 My Certificate(증명서) 란에서 확인 가능하세요 :)');
Insert into LEARN.FAQ (FAQ_NO,FAQ_QUESTION,FAQ_ANSWER) values (9,'[강의] 수강 중인 강의에 대한 증빙이 필요해요.','아직 강의를 100% 수강하지 못하셨다면 수강확인증을 통해 증빙이 가능해요.<br>대시보드 > 내 학습에서 수강확인증을 발급받으실 수 있어요.');
Insert into LEARN.FAQ (FAQ_NO,FAQ_QUESTION,FAQ_ANSWER) values (10,'[강의] 강의별 수강 기한이 궁금해요.','수강 기한은 강의 페이지 우측 배너에서 확인하실 수 있어요.');
Insert into LEARN.FAQ (FAQ_NO,FAQ_QUESTION,FAQ_ANSWER) values (11,'[강의] 나에게 딱 맞는 강의를 추천받고 싶어요.','어떤 강의를 수강할 지, 어떤 강의가 내게 필요한 지 고민 중이신가요?<br>학습자마다 선수 지식, 체감 난이도, 습득력 등 개인 역량이 모두 다르기 때문에 구체적인 강의 상담은 어려워요. 하지만 꼭 맞는 강의를 찾는 데에 도움이 될 만한 방법들을 알려드릴게요.');
Insert into LEARN.FAQ (FAQ_NO,FAQ_QUESTION,FAQ_ANSWER) values (12,'[강의] 로드맵은 어떤 기능인가요?','로드맵이란 효율적이고 체계적인 학습을 위해 여러 강의를 난이도별&유형별로 엮어 큐레이션 해주는 기능이에요.<br>어떤 강의를 어떤 순서로 들어야 할지 막막할 때, 듣고 있는 강의의 다음 스텝에 대한 정보가 필요할 때 로드맵 기능을 활용해 보세요.');
Insert into LEARN.FAQ (FAQ_NO,FAQ_QUESTION,FAQ_ANSWER) values (13,'[강의] 진도율을 초기화할 수 있나요?','진도율은 환불 및 수료증 발급과 밀접하게 관련된 정보로 초기화 기능이 제공되지 않아요.');
Insert into LEARN.FAQ (FAQ_NO,FAQ_QUESTION,FAQ_ANSWER) values (14,'[강의] 동시 접속이 가능한가요?','수강 중 동시 접속은 제한하고 있어요.<br>즉, 학습페이지는 1대에서만 접속할 수 있으며 다른 곳에서 동시 학습할 경우 학습이 제한될 수 있어요.');
Insert into LEARN.FAQ (FAQ_NO,FAQ_QUESTION,FAQ_ANSWER) values (15,'[강의] 기기 등록은 몇 대까지 가능한가요?','기기 등록은 한 계정당 최대 3대까지 가능해요.<br>현재 내가 등록된 기기를 확인할 수 있는 페이지는 별도로 제공하고 있지 않습니다.<br>로그인 시점마다 기기 등록이 갱신되어 별도의 초기화 요청 없이도 이용 가능합니다.');
Insert into LEARN.FAQ (FAQ_NO,FAQ_QUESTION,FAQ_ANSWER) values (16,'[강의] 수강평은 어디서 작성할 수 있나요?','일정 진도율 (5%)을 넘으면 학습페이지 하단에 ''수강평 등록'' 창이 나타나요.<br>혹은 강의 동영상 상단에 ''수강평 작성하기'' 버튼을 클릭 후 수강평 작성이 가능해요.');
Insert into LEARN.FAQ (FAQ_NO,FAQ_QUESTION,FAQ_ANSWER) values (17,'[결제] 현금영수증을 발행하고 싶어요.','현금영수증은 무통장입금(가상 계좌) 결제 화면에서 직접 신청이 가능해요.<br><br>결제를 완료하셨다면 영업일 2~5일 후 대시보드 > 구매 내역 > 영수증에서 직접 확인하실 수 있습니다.');
Insert into LEARN.FAQ (FAQ_NO,FAQ_QUESTION,FAQ_ANSWER) values (18,'[결제] 구매 영수증은 어떻게 확인하나요?','구매 영수증 및 거래명세서는 대시보드> 구매 내역에서 직접 확인이 가능해요.');
Insert into LEARN.FAQ (FAQ_NO,FAQ_QUESTION,FAQ_ANSWER) values (19,'[결제] 전자세금계산서 발급이 가능한가요?','인프런은 PG사를 통한 가상 계좌 결제방식을 제공하고 있어 전자세금계산서 발행이 불가능해요.<br>다만, 전자세금계산서와 법적 증빙 효력이 동일한 현금영수증을 발행 받아보실 수 있어요.');
Insert into LEARN.FAQ (FAQ_NO,FAQ_QUESTION,FAQ_ANSWER) values (20,'[결제] 강의를 환불하고 싶어요.','수강 신청한 유료강의를 환불하고 싶으신가요?<br>대시보드 > 구매내역에서 환불을 원하는 ''주문명''를 클릭하시면 직접 환불하실 수 있어요. <br><br>단, 환불 조건에 부합하지 않는 경우 취소 버튼이 비활성화되니 참고해 주세요!');
Insert into LEARN.FAQ (FAQ_NO,FAQ_QUESTION,FAQ_ANSWER) values (21,'[결제] KDC / 내일배움카드 등 국비 교육비를 지원받을 수 있나요?','인프런은 고용노동부 국비 기관 기준에 맞지 않아 국비 교육비 지원이 불가능합니다.<br>국비 교육 기관 인증을 받으려면  고용노동부가 정해둔 획일화된 가이드라인을 맞춰야 되는데, 인프런은 다양한 직무 콘텐츠를 담는 곳이기 때문에 승인이 어렵습니다.');
Insert into LEARN.FAQ (FAQ_NO,FAQ_QUESTION,FAQ_ANSWER) values (22,'[할인] 현재 진행 중인 할인이 궁금해요.','상시로 진행 중인 할인 이벤트는 아래와 같아요.<br><br>1. 카카오톡 플러스친구 맺기<br>2. 인스타 팔로우& 쿠폰코드 찾기');
Insert into LEARN.FAQ (FAQ_NO,FAQ_QUESTION,FAQ_ANSWER) values (23,'[할인] 할인과 쿠폰은 중복 적용이 안되나요?','모든 할인 및 쿠폰은 하나만 적용이 가능해요.<br>할인 중인 강의라면 강의 할인이 우선 적용되어 쿠폰 적용이 안되는 점 참고해 주세요.');
Insert into LEARN.FAQ (FAQ_NO,FAQ_QUESTION,FAQ_ANSWER) values (24,'[할인] 15% 소속인증 할인이 궁금해요.','현재 사용 중인 학교 (고등학교, 대학교 등) 또는 회사 메일이 있는 경우 참여하실 수 있어요.');
Insert into LEARN.FAQ (FAQ_NO,FAQ_QUESTION,FAQ_ANSWER) values (25,'[멘토링] 인프런 멘토링 서비스가 궁금해요.','인프런 멘토링은 멘토와 멘티를 연결해 약속을 잡아주는 기능이에요.<br><br>커리어 상담부터 코드, 포트폴리오 리뷰까지 멘토가 필요할 땐 인프런 멘토링을 이용해 보세요.<br>지식공유자와 학습자가 더 쉽게 지식을 나누며 성장할 수 있답니다.');
REM INSERTING into LEARN.FREE_BOARD
SET DEFINE OFF;
Insert into LEARN.FREE_BOARD (FBOARD_NO,USER_ID,GRADE,BOARD_TITLE,BOARD_CONTENT,BOARD_REGDATE,BOARD_HIT,BOARD_LIKE,BOARD_FILE,COMMENT_CNT) values (3,'julie14s2@naver.com','일반회원','ㅇㅇㅇ','<p>ㄹㄹㄹㄹ</p>',to_date('22/12/05','RR/MM/DD'),11,0,null,0);
Insert into LEARN.FREE_BOARD (FBOARD_NO,USER_ID,GRADE,BOARD_TITLE,BOARD_CONTENT,BOARD_REGDATE,BOARD_HIT,BOARD_LIKE,BOARD_FILE,COMMENT_CNT) values (4,'julie14s2@naver.com','일반회원','ㅇㅇㅇㅇ','<p>ㄹㄹㄹㄹ</p>',to_date('22/12/05','RR/MM/DD'),3,0,null,0);
Insert into LEARN.FREE_BOARD (FBOARD_NO,USER_ID,GRADE,BOARD_TITLE,BOARD_CONTENT,BOARD_REGDATE,BOARD_HIT,BOARD_LIKE,BOARD_FILE,COMMENT_CNT) values (2,'khjz0919@nate.com','일반회원','제목-테스트','테스트',to_date('22/12/05','RR/MM/DD'),3,0,null,0);
Insert into LEARN.FREE_BOARD (FBOARD_NO,USER_ID,GRADE,BOARD_TITLE,BOARD_CONTENT,BOARD_REGDATE,BOARD_HIT,BOARD_LIKE,BOARD_FILE,COMMENT_CNT) values (1,'tester@naver.com','일반회원','제목@@@','내용~~',to_date('22/11/29','RR/MM/DD'),1,0,null,0);
REM INSERTING into LEARN.FREE_BOOKMARK
SET DEFINE OFF;
REM INSERTING into LEARN.FREE_LIKE
SET DEFINE OFF;
REM INSERTING into LEARN.GRADE
SET DEFINE OFF;
Insert into LEARN.GRADE (GRADE) values ('강의자');
Insert into LEARN.GRADE (GRADE) values ('관리자');
Insert into LEARN.GRADE (GRADE) values ('일반회원');
Insert into LEARN.GRADE (GRADE) values ('탈퇴');
REM INSERTING into LEARN.LECTURE
SET DEFINE OFF;
Insert into LEARN.LECTURE (LECTURE_NO,USER_ID,CATEGORY_NAME,LECTURE_TITLE,LECTURE_WRITER,LECTURE_URL,LECTURE_DUE,LECTURE_LEVEL,LECTURE_CONTENT,LECTURE_SUMMARY,LECTURE_SALERATE,LECTURE_SALEDUE,LECTURE_PRICE,LECTURE_REGDATE,LECTURE_COVERIMG,LECTURE_SECTION,LECTURE_ON_OFF,STUDENT_COUNT,QS_WEEKDAYS,QS_START,QS_END) values (5,'dldldlwjdans5@naver.com','보안·네트워크','CAN 통신 - 자동차 신입이 알아야 할 모든 것','홍기리리동','https://www.inflearn.com/course/%EC%9E%90%EB%8F%99%EC%B0%A8-%EC%8B%A0%EC%9E%85-can%ED%86%B5%EC%8B%A0',90,'초급','본 강의는 멤버십 구독 개념으로 한 번 구매하면 계속 추가되는 수업도 수강할 수 있습니다😃','본 강의는 멤버십 구독 개념으로 한 번 구매하면 계속 추가되는 수업도 수강할 수 있습니다😃',0,null,55000,to_date('22/11/19','RR/MM/DD'),'https://cdn.inflearn.com/public/courses/329480/cover/dc203b59-e468-4cda-9368-d72794c1213e/329480-eng.jpg','수업을 시작하기 전에/개발 배경지식 빠르게 격파하기/쿠팡 웹 서비스를 보면서 사용되는 기술들 맛보기/프론트엔드(웹',0,0,4,to_date('22/12/05','RR/MM/DD'),to_date('22/12/05','RR/MM/DD'));
Insert into LEARN.LECTURE (LECTURE_NO,USER_ID,CATEGORY_NAME,LECTURE_TITLE,LECTURE_WRITER,LECTURE_URL,LECTURE_DUE,LECTURE_LEVEL,LECTURE_CONTENT,LECTURE_SUMMARY,LECTURE_SALERATE,LECTURE_SALEDUE,LECTURE_PRICE,LECTURE_REGDATE,LECTURE_COVERIMG,LECTURE_SECTION,LECTURE_ON_OFF,STUDENT_COUNT,QS_WEEKDAYS,QS_START,QS_END) values (7,'dldldlwjdans5@naver.com','커리어','머신러닝/딥러닝으로 이어지는 선형대수','홍기리리동','https://www.inflearn.com/course/%EB%94%A5%EB%9F%AC%EB%8B%9D-%EC%84%A0%ED%98%95%EB%8C%80%EC%88%98',90,'중급이상','본 강의는 클라우드 네이티브 애플리케이션을 구성하는 4가지 핵심 요소(MSA, CI/CD, DevOps, Container) 중 하나인 CI(Continuous Integration, 지속적인 통합)과 CD(Continuous Deployment, 지속적인 배포) 파이프라인에 대한 다루는 강의입니다.','본 강의는 클라우드 네이티브 애플리케이션을 구성하는 4가지 핵심 요소(MSA, CI/CD, DevOps, Container) 중 하나인 CI(Continuous Integration, 지속적인 통합)과 CD(Continuous Deployment, 지속적인 배포) 파이프라인에 대한 다루는 강의입니다.',0,null,88000,to_date('22/11/17','RR/MM/DD'),'https://cdn.inflearn.com/public/courses/326361/cover/07003258-04ea-4fa2-b2d2-299b22acb5a4','과정 및 강의 내용 소개/DevOps와 CI/CD의 이해/Jenkins를 이용한 CI/CD 자동화 도구의 사용/Jenkins + Infrastructure as Code 와의 연동/Jenkins + Ansible + Kubernetes 와의 연동',0,1,6,to_date('22/12/05','RR/MM/DD'),to_date('22/12/05','RR/MM/DD'));
Insert into LEARN.LECTURE (LECTURE_NO,USER_ID,CATEGORY_NAME,LECTURE_TITLE,LECTURE_WRITER,LECTURE_URL,LECTURE_DUE,LECTURE_LEVEL,LECTURE_CONTENT,LECTURE_SUMMARY,LECTURE_SALERATE,LECTURE_SALEDUE,LECTURE_PRICE,LECTURE_REGDATE,LECTURE_COVERIMG,LECTURE_SECTION,LECTURE_ON_OFF,STUDENT_COUNT,QS_WEEKDAYS,QS_START,QS_END) values (8,'dldldlwjdans5@naver.com','크리에이티브','애플 웹사이트 인터랙션 클론!','홍기리리동','https://www.inflearn.com/course/%EC%95%A0%ED%94%8C-%EC%9B%B9%EC%82%AC%EC%9D%B4%ED%8A%B8-%EC%9D%B8%ED%84%B0%EB%9E%99%EC%85%98-%ED%81%B4%EB%A1%A0',90,'입문','본 강의는 Object Detection과 Segmentation에 대한 깊이 있는 이론 설명과 현업에서 바로 사용될 수 있는 수준의 실습 예제를 통해 여러분을 현장에서 필요한 딥러닝 기반의 컴퓨터 비전 전문가로 발돋움시켜 드릴 것입니다.','본 강의는 Object Detection과 Segmentation에 대한 깊이 있는 이론 설명과 현업에서 바로 사용될 수 있는 수준의 실습 예제를 통해 여러분을 현장에서 필요한 딥러닝 기반의 컴퓨터 비전 전문가로 발돋움시켜 드릴 것입니다.',0,null,121000,to_date('22/11/16','RR/MM/DD'),'https://cdn.inflearn.com/public/course-325248-cover/4495e5a6-8aaf-4567-aa77-c8a435fd8df8/apple-clone-animation-2-min.gif','강의 소개 및 실습 환경 구축하기/Object Detection의 이해/Object Detection과 Segmentation을 위한 주요 데이터 세트 및 OpenCV 소개/RCNN 계열 Object Detecter(RCNN, SPPNet, Fast RCNN, Faster RCNN)/MMDetection의 이해와 Faster RCNN 적용 실습 - 01/MMDetection의 이해와 Faster RCNN 적용 실습 - 02',0,0,0,to_date('22/12/05','RR/MM/DD'),to_date('22/12/05','RR/MM/DD'));
Insert into LEARN.LECTURE (LECTURE_NO,USER_ID,CATEGORY_NAME,LECTURE_TITLE,LECTURE_WRITER,LECTURE_URL,LECTURE_DUE,LECTURE_LEVEL,LECTURE_CONTENT,LECTURE_SUMMARY,LECTURE_SALERATE,LECTURE_SALEDUE,LECTURE_PRICE,LECTURE_REGDATE,LECTURE_COVERIMG,LECTURE_SECTION,LECTURE_ON_OFF,STUDENT_COUNT,QS_WEEKDAYS,QS_START,QS_END) values (12,'dldldlwjdans5@naver.com','교양','스타트업 대표들이 배우는 청중을 사로잡는 발표 방법!','홍기리리동','https://www.inflearn.com/course/%EC%B2%AD%EC%A4%91%EC%9D%84-%EC%82%AC%EB%A1%9C%EC%9E%A1%EB%8A%94-%EB%B0%9C%ED%91%9C-%EC%8A%A4%ED%94%BC%EC%B9%98',null,'입문','비즈니스 영어, 특히 이메일 작성에서 어려움을 겪으시는 분들이 빠른 시간 안에 치트키 쓰듯이 바로 바로 효과를 볼 수 있는 ''외국계 무역 기업 현업 8년차'' 영어 이메일 전문가의 노하우가 담긴 강의입니다.','비즈니스 영어, 특히 이메일 작성에서 어려움을 겪으시는 분들이 빠른 시간 안에 치트키 쓰듯이 바로 바로 효과를 볼 수 있는 ''외국계 무역 기업 현업 8년차'' 영어 이메일 전문가의 노하우가 담긴 강의입니다.',0,null,33000,to_date('22/11/21','RR/MM/DD'),'https://cdn.inflearn.com/public/courses/328084/cover/421668e7-2bc4-4578-9749-553b253d53f6/328084-eng.png','영문 이메일, 형식이 중요하다/목적을 명확하게!/좀 더 ''있어보이는'' 메일 쓰기/자주 쓰이는 표현 & 자주 틀리는 표현',1,0,null,null,null);
Insert into LEARN.LECTURE (LECTURE_NO,USER_ID,CATEGORY_NAME,LECTURE_TITLE,LECTURE_WRITER,LECTURE_URL,LECTURE_DUE,LECTURE_LEVEL,LECTURE_CONTENT,LECTURE_SUMMARY,LECTURE_SALERATE,LECTURE_SALEDUE,LECTURE_PRICE,LECTURE_REGDATE,LECTURE_COVERIMG,LECTURE_SECTION,LECTURE_ON_OFF,STUDENT_COUNT,QS_WEEKDAYS,QS_START,QS_END) values (13,'dldldlwjdans5@naver.com','직무·마케팅','Axure RP 9,10 - 서비스 기획자를 위한 최적의 프로토타이핑 툴','홍기리리동','https://www.inflearn.com/course/axure-%ED%94%84%EB%A1%9C%ED%86%A0%ED%83%80%EC%9D%B4%ED%95%91',null,'초급','말을 잘하고 싶나요? 발표할 때 자꾸 긴장하나요? 13년차 아나운서 흥버튼에게 체계적으로 스피치를 배워 보세요. 당신의 인생이 달라질 겁니다.','말을 잘하고 싶나요? 발표할 때 자꾸 긴장하나요? 13년차 아나운서 흥버튼에게 체계적으로 스피치를 배워 보세요. 당신의 인생이 달라질 겁니다.',0,null,99000,to_date('22/11/18','RR/MM/DD'),'https://cdn.inflearn.com/public/courses/326055/cover/f364be4a-3853-4e15-b489-674810209003','수업을 시작하기 전에/개발 배경지식 빠르게 격파하기/쿠팡 웹 서비스를 보면서 사용되는 기술들 맛보기/프론트엔드(웹',1,9,null,null,null);
Insert into LEARN.LECTURE (LECTURE_NO,USER_ID,CATEGORY_NAME,LECTURE_TITLE,LECTURE_WRITER,LECTURE_URL,LECTURE_DUE,LECTURE_LEVEL,LECTURE_CONTENT,LECTURE_SUMMARY,LECTURE_SALERATE,LECTURE_SALEDUE,LECTURE_PRICE,LECTURE_REGDATE,LECTURE_COVERIMG,LECTURE_SECTION,LECTURE_ON_OFF,STUDENT_COUNT,QS_WEEKDAYS,QS_START,QS_END) values (14,'dldldlwjdans5@naver.com','학문·외국어','게임 엔진을 지탱하는 게임 수학','홍기리리동','https://www.inflearn.com/course/%EB%94%A5%EB%9F%AC%EB%8B%9D-%EC%84%A0%ED%98%95%EB%8C%80%EC%88%98',null,'입문','본 강의는 Object Detection과 Segmentation에 대한 깊이 있는 이론 설명과 현업에서 바로 사용될 수 있는 수준의 실습 예제를 통해 여러분을 현장에서 필요한 딥러닝 기반의 컴퓨터 비전 전문가로 발돋움시켜 드릴 것입니다.','본 강의는 Object Detection과 Segmentation에 대한 깊이 있는 이론 설명과 현업에서 바로 사용될 수 있는 수준의 실습 예제를 통해 여러분을 현장에서 필요한 딥러닝 기반의 컴퓨터 비전 전문가로 발돋움시켜 드릴 것입니다.',0,null,121000,to_date('22/11/15','RR/MM/DD'),'https://cdn.inflearn.com/public/courses/327690/cover/394eb9c5-fb09-4c9a-b7f0-c8732970706d/327690-eng.png','인프콘 2022 오프닝/발표 세션 다시 보기/토크 콘서트 다시 보기/인프콘 2022 클로징',1,0,null,null,null);
Insert into LEARN.LECTURE (LECTURE_NO,USER_ID,CATEGORY_NAME,LECTURE_TITLE,LECTURE_WRITER,LECTURE_URL,LECTURE_DUE,LECTURE_LEVEL,LECTURE_CONTENT,LECTURE_SUMMARY,LECTURE_SALERATE,LECTURE_SALEDUE,LECTURE_PRICE,LECTURE_REGDATE,LECTURE_COVERIMG,LECTURE_SECTION,LECTURE_ON_OFF,STUDENT_COUNT,QS_WEEKDAYS,QS_START,QS_END) values (15,'dldldlwjdans5@naver.com','데이터 사이언스','파이썬 증권 데이터 수집과 분석으로 신호와 소음 찾기','홍기리리동','https://www.inflearn.com/course/%EC%A6%9D%EA%B6%8C%EB%8D%B0%EC%9D%B4%ED%84%B0-%EC%88%98%EC%A7%91-%EB%B6%84%EC%84%9D',null,'입문','인프런의 첫 오프라인 콘퍼런스','인프런의 첫 오프라인 콘퍼런스',0,null,0,to_date('22/11/20','RR/MM/DD'),'https://cdn.inflearn.com/public/courses/326383/cover/4c038b06-8afa-4ae8-b14a-5ed22cfabce0/326383-eng.png','인프콘 2022 오프닝/발표 세션 다시 보기/토크 콘서트 다시 보기/인프콘 2022 클로징',1,0,null,null,null);
Insert into LEARN.LECTURE (LECTURE_NO,USER_ID,CATEGORY_NAME,LECTURE_TITLE,LECTURE_WRITER,LECTURE_URL,LECTURE_DUE,LECTURE_LEVEL,LECTURE_CONTENT,LECTURE_SUMMARY,LECTURE_SALERATE,LECTURE_SALEDUE,LECTURE_PRICE,LECTURE_REGDATE,LECTURE_COVERIMG,LECTURE_SECTION,LECTURE_ON_OFF,STUDENT_COUNT,QS_WEEKDAYS,QS_START,QS_END) values (16,'dldldlwjdans5@naver.com','보안·네트워크','CAN 통신 - 자동차 신입이 알아야 할 모든 것','홍기리리동','https://www.inflearn.com/course/%EC%9E%90%EB%8F%99%EC%B0%A8-%EC%8B%A0%EC%9E%85-can%ED%86%B5%EC%8B%A0',null,'초급','본 강의는 멤버십 구독 개념으로 한 번 구매하면 계속 추가되는 수업도 수강할 수 있습니다😃','본 강의는 멤버십 구독 개념으로 한 번 구매하면 계속 추가되는 수업도 수강할 수 있습니다😃',0,null,55000,to_date('22/11/19','RR/MM/DD'),'https://cdn.inflearn.com/public/courses/329480/cover/dc203b59-e468-4cda-9368-d72794c1213e/329480-eng.jpg','수업을 시작하기 전에/개발 배경지식 빠르게 격파하기/쿠팡 웹 서비스를 보면서 사용되는 기술들 맛보기/프론트엔드(웹',1,0,null,null,null);
Insert into LEARN.LECTURE (LECTURE_NO,USER_ID,CATEGORY_NAME,LECTURE_TITLE,LECTURE_WRITER,LECTURE_URL,LECTURE_DUE,LECTURE_LEVEL,LECTURE_CONTENT,LECTURE_SUMMARY,LECTURE_SALERATE,LECTURE_SALEDUE,LECTURE_PRICE,LECTURE_REGDATE,LECTURE_COVERIMG,LECTURE_SECTION,LECTURE_ON_OFF,STUDENT_COUNT,QS_WEEKDAYS,QS_START,QS_END) values (17,'dldldlwjdans5@naver.com','커리어','머신러닝/딥러닝으로 이어지는 선형대수','홍기리리동','https://www.inflearn.com/course/%EB%94%A5%EB%9F%AC%EB%8B%9D-%EC%84%A0%ED%98%95%EB%8C%80%EC%88%98',null,'중급이상','본 강의는 클라우드 네이티브 애플리케이션을 구성하는 4가지 핵심 요소(MSA, CI/CD, DevOps, Container) 중 하나인 CI(Continuous Integration, 지속적인 통합)과 CD(Continuous Deployment, 지속적인 배포) 파이프라인에 대한 다루는 강의입니다.','본 강의는 클라우드 네이티브 애플리케이션을 구성하는 4가지 핵심 요소(MSA, CI/CD, DevOps, Container) 중 하나인 CI(Continuous Integration, 지속적인 통합)과 CD(Continuous Deployment, 지속적인 배포) 파이프라인에 대한 다루는 강의입니다.',0,null,88000,to_date('22/11/17','RR/MM/DD'),'https://cdn.inflearn.com/public/courses/326361/cover/07003258-04ea-4fa2-b2d2-299b22acb5a4','과정 및 강의 내용 소개/DevOps와 CI/CD의 이해/Jenkins를 이용한 CI/CD 자동화 도구의 사용/Jenkins + Infrastructure as Code 와의 연동/Jenkins + Ansible + Kubernetes 와의 연동',1,0,null,null,null);
Insert into LEARN.LECTURE (LECTURE_NO,USER_ID,CATEGORY_NAME,LECTURE_TITLE,LECTURE_WRITER,LECTURE_URL,LECTURE_DUE,LECTURE_LEVEL,LECTURE_CONTENT,LECTURE_SUMMARY,LECTURE_SALERATE,LECTURE_SALEDUE,LECTURE_PRICE,LECTURE_REGDATE,LECTURE_COVERIMG,LECTURE_SECTION,LECTURE_ON_OFF,STUDENT_COUNT,QS_WEEKDAYS,QS_START,QS_END) values (18,'dldldlwjdans5@naver.com','크리에이티브','애플 웹사이트 인터랙션 클론!','홍기리리동','https://www.inflearn.com/course/%EC%95%A0%ED%94%8C-%EC%9B%B9%EC%82%AC%EC%9D%B4%ED%8A%B8-%EC%9D%B8%ED%84%B0%EB%9E%99%EC%85%98-%ED%81%B4%EB%A1%A0',null,'입문','본 강의는 Object Detection과 Segmentation에 대한 깊이 있는 이론 설명과 현업에서 바로 사용될 수 있는 수준의 실습 예제를 통해 여러분을 현장에서 필요한 딥러닝 기반의 컴퓨터 비전 전문가로 발돋움시켜 드릴 것입니다.','본 강의는 Object Detection과 Segmentation에 대한 깊이 있는 이론 설명과 현업에서 바로 사용될 수 있는 수준의 실습 예제를 통해 여러분을 현장에서 필요한 딥러닝 기반의 컴퓨터 비전 전문가로 발돋움시켜 드릴 것입니다.',0,null,121000,to_date('22/11/16','RR/MM/DD'),'https://cdn.inflearn.com/public/course-325248-cover/4495e5a6-8aaf-4567-aa77-c8a435fd8df8/apple-clone-animation-2-min.gif','강의 소개 및 실습 환경 구축하기/Object Detection의 이해/Object Detection과 Segmentation을 위한 주요 데이터 세트 및 OpenCV 소개/RCNN 계열 Object Detecter(RCNN, SPPNet, Fast RCNN, Faster RCNN)/MMDetection의 이해와 Faster RCNN 적용 실습 - 01/MMDetection의 이해와 Faster RCNN 적용 실습 - 02',1,0,null,null,null);
Insert into LEARN.LECTURE (LECTURE_NO,USER_ID,CATEGORY_NAME,LECTURE_TITLE,LECTURE_WRITER,LECTURE_URL,LECTURE_DUE,LECTURE_LEVEL,LECTURE_CONTENT,LECTURE_SUMMARY,LECTURE_SALERATE,LECTURE_SALEDUE,LECTURE_PRICE,LECTURE_REGDATE,LECTURE_COVERIMG,LECTURE_SECTION,LECTURE_ON_OFF,STUDENT_COUNT,QS_WEEKDAYS,QS_START,QS_END) values (21,'tester@naver.com','보안·네트워크','6767767','테스터1',null,0,'입문','주제 소개, 왜 배워야 하는지, 이 강의에서 배우는 것들, 강의 특징, 섹션마다 간단한 소개 등을 작성해주세요.',null,0,null,0,to_date('22/12/07','RR/MM/DD'),null,'1/12',0,0,0,null,null);
Insert into LEARN.LECTURE (LECTURE_NO,USER_ID,CATEGORY_NAME,LECTURE_TITLE,LECTURE_WRITER,LECTURE_URL,LECTURE_DUE,LECTURE_LEVEL,LECTURE_CONTENT,LECTURE_SUMMARY,LECTURE_SALERATE,LECTURE_SALEDUE,LECTURE_PRICE,LECTURE_REGDATE,LECTURE_COVERIMG,LECTURE_SECTION,LECTURE_ON_OFF,STUDENT_COUNT,QS_WEEKDAYS,QS_START,QS_END) values (19,'tester@naver.com','보안·네트워크','5555','테스터1',null,0,'초급','주제 소개, 왜 배워야 하는지, 이 강의에서 배우는 것들, 강의 특징, 섹션마다 간단한 소개 등을 작성해주세요.','666666',0,null,0,to_date('22/12/07','RR/MM/DD'),'a5842140-fd43-4fd2-a786-c22c3e5a01c9','1/2',0,0,0,null,null);
Insert into LEARN.LECTURE (LECTURE_NO,USER_ID,CATEGORY_NAME,LECTURE_TITLE,LECTURE_WRITER,LECTURE_URL,LECTURE_DUE,LECTURE_LEVEL,LECTURE_CONTENT,LECTURE_SUMMARY,LECTURE_SALERATE,LECTURE_SALEDUE,LECTURE_PRICE,LECTURE_REGDATE,LECTURE_COVERIMG,LECTURE_SECTION,LECTURE_ON_OFF,STUDENT_COUNT,QS_WEEKDAYS,QS_START,QS_END) values (20,'tester@naver.com','보안·네트워크','89888','테스터1',null,null,'초급','주제 소개, 왜 배워야 하는지, 이 강의에서 배우는 것들, 강의 특징, 섹션마다 간단한 소개 등을 작성해주세요.',null,0,null,0,to_date('22/12/07','RR/MM/DD'),null,null,1,0,0,null,null);
Insert into LEARN.LECTURE (LECTURE_NO,USER_ID,CATEGORY_NAME,LECTURE_TITLE,LECTURE_WRITER,LECTURE_URL,LECTURE_DUE,LECTURE_LEVEL,LECTURE_CONTENT,LECTURE_SUMMARY,LECTURE_SALERATE,LECTURE_SALEDUE,LECTURE_PRICE,LECTURE_REGDATE,LECTURE_COVERIMG,LECTURE_SECTION,LECTURE_ON_OFF,STUDENT_COUNT,QS_WEEKDAYS,QS_START,QS_END) values (22,'dldldlwjdans5@naver.com','보안·네트워크','55555','홍기리리동',null,0,'초급','주제 소개, 왜 배워야 하는지, 이 강의에서 배우는 것들, 강의 특징, 섹션마다 간단한 소개 등을 작성해주세요.','555555',0,null,0,to_date('22/12/07','RR/MM/DD'),'bfb97926-ded3-41e8-b9ed-39d11030d137','1/2',0,0,0,null,null);
Insert into LEARN.LECTURE (LECTURE_NO,USER_ID,CATEGORY_NAME,LECTURE_TITLE,LECTURE_WRITER,LECTURE_URL,LECTURE_DUE,LECTURE_LEVEL,LECTURE_CONTENT,LECTURE_SUMMARY,LECTURE_SALERATE,LECTURE_SALEDUE,LECTURE_PRICE,LECTURE_REGDATE,LECTURE_COVERIMG,LECTURE_SECTION,LECTURE_ON_OFF,STUDENT_COUNT,QS_WEEKDAYS,QS_START,QS_END) values (1,'dldldlwjdans5@naver.com','개발·프로그래밍','넓고 얕게 외워서 컴공 전공자 되기','홍기리리동','https://www.inflearn.com/course/%EB%84%93%EA%B3%A0%EC%96%95%EA%B2%8C-%EC%BB%B4%EA%B3%B5-%EC%A0%84%EA%B3%B5%EC%9E%90',90,'입문','말을 잘하고 싶나요? 발표할 때 자꾸 긴장하나요? 13년차 아나운서 흥버튼에게 체계적으로 스피치를 배워 보세요. 당신의 인생이 달라질 겁니다.','말을 잘하고 싶나요? 발표할 때 자꾸 긴장하나요? 13년차 아나운서 흥버튼에게 체계적으로 스피치를 배워 보세요. 당신의 인생이 달라질 겁니다.',10,to_date('22/12/19','RR/MM/DD'),99000,to_date('22/11/23','RR/MM/DD'),'https://cdn.inflearn.com/public/courses/329605/cover/7f7d4d9a-e739-482c-8e16-71081b4793b5/329605-eng.jpg','스피치 실력 점검/복식호흡과 발성/신뢰를 높이는 정확한 발음/중저음의 목소리로 진중한 말하기/말투만으로 논리정연하게 표현하기',0,1,0,to_date('22/12/05','RR/MM/DD'),to_date('22/12/05','RR/MM/DD'));
Insert into LEARN.LECTURE (LECTURE_NO,USER_ID,CATEGORY_NAME,LECTURE_TITLE,LECTURE_WRITER,LECTURE_URL,LECTURE_DUE,LECTURE_LEVEL,LECTURE_CONTENT,LECTURE_SUMMARY,LECTURE_SALERATE,LECTURE_SALEDUE,LECTURE_PRICE,LECTURE_REGDATE,LECTURE_COVERIMG,LECTURE_SECTION,LECTURE_ON_OFF,STUDENT_COUNT,QS_WEEKDAYS,QS_START,QS_END) values (2,'dldldlwjdans5@naver.com','게임 개발','[입문자를 위한 UE5] Part1. 언리얼 엔진 블루프린트','홍기리리동','https://www.inflearn.com/course/%EC%96%B8%EB%A6%AC%EC%96%BC5-%EA%B0%9C%EB%B0%9C%EC%9D%98%EC%A0%95%EC%84%9D-1',90,'입문','3dsmax를 처음 접하시는 분들을 위한 막연한 두려움을 해소하고 반드시 알아야할 내용을 선별한 필수 입문강좌!','3dsmax를 처음 접하시는 분들을 위한 막연한 두려움을 해소하고 반드시 알아야할 내용을 선별한 필수 입문강좌!',0,null,55000,to_date('22/11/22','RR/MM/DD'),'https://cdn.inflearn.com/public/courses/329214/cover/0d3f339b-06de-40c3-a41a-8633df325ade/329214-eng.jpg','첨부파일 다운로드/단축키 세팅 및 UI/오브젝트 생성 및 좌표축의 이해/Editable polygon과 Edit poly/귀여운 자동차 만들기',0,2,1,to_date('22/12/05','RR/MM/DD'),to_date('22/12/05','RR/MM/DD'));
Insert into LEARN.LECTURE (LECTURE_NO,USER_ID,CATEGORY_NAME,LECTURE_TITLE,LECTURE_WRITER,LECTURE_URL,LECTURE_DUE,LECTURE_LEVEL,LECTURE_CONTENT,LECTURE_SUMMARY,LECTURE_SALERATE,LECTURE_SALEDUE,LECTURE_PRICE,LECTURE_REGDATE,LECTURE_COVERIMG,LECTURE_SECTION,LECTURE_ON_OFF,STUDENT_COUNT,QS_WEEKDAYS,QS_START,QS_END) values (3,'dldldlwjdans5@naver.com','교양','스타트업 대표들이 배우는 청중을 사로잡는 발표 방법!','홍기리리동','https://www.inflearn.com/course/%EC%B2%AD%EC%A4%91%EC%9D%84-%EC%82%AC%EB%A1%9C%EC%9E%A1%EB%8A%94-%EB%B0%9C%ED%91%9C-%EC%8A%A4%ED%94%BC%EC%B9%98',0,'입문','비즈니스 영어, 특히 이메일 작성에서 어려움을 겪으시는 분들이 빠른 시간 안에 치트키 쓰듯이 바로 바로 효과를 볼 수 있는 ''외국계 무역 기업 현업 8년차'' 영어 이메일 전문가의 노하우가 담긴 강의입니다.','비즈니스 영어, 특히 이메일 작성에서 어려움을 겪으시는 분들이 빠른 시간 안에 치트키 쓰듯이 바로 바로 효과를 볼 수 있는 ''외국계 무역 기업 현업 8년차'' 영어 이메일 전문가의 노하우가 담긴 강의입니다.',0,null,33000,to_date('22/11/21','RR/MM/DD'),'https://cdn.inflearn.com/public/courses/328084/cover/421668e7-2bc4-4578-9749-553b253d53f6/328084-eng.png','영문 이메일, 형식이 중요하다/목적을 명확하게!/좀 더 ''있어보이는'' 메일 쓰기/자주 쓰이는 표현 & 자주 틀리는 표현',0,1,2,to_date('22/12/05','RR/MM/DD'),to_date('22/12/05','RR/MM/DD'));
Insert into LEARN.LECTURE (LECTURE_NO,USER_ID,CATEGORY_NAME,LECTURE_TITLE,LECTURE_WRITER,LECTURE_URL,LECTURE_DUE,LECTURE_LEVEL,LECTURE_CONTENT,LECTURE_SUMMARY,LECTURE_SALERATE,LECTURE_SALEDUE,LECTURE_PRICE,LECTURE_REGDATE,LECTURE_COVERIMG,LECTURE_SECTION,LECTURE_ON_OFF,STUDENT_COUNT,QS_WEEKDAYS,QS_START,QS_END) values (6,'dldldlwjdans5@naver.com','직무·마케팅','Axure RP 9,10 - 서비스 기획자를 위한 최적의 프로토타이핑 툴','홍기리리동','https://www.inflearn.com/course/axure-%ED%94%84%EB%A1%9C%ED%86%A0%ED%83%80%EC%9D%B4%ED%95%91',90,'초급','말을 잘하고 싶나요? 발표할 때 자꾸 긴장하나요? 13년차 아나운서 흥버튼에게 체계적으로 스피치를 배워 보세요. 당신의 인생이 달라질 겁니다.','말을 잘하고 싶나요? 발표할 때 자꾸 긴장하나요? 13년차 아나운서 흥버튼에게 체계적으로 스피치를 배워 보세요. 당신의 인생이 달라질 겁니다.',0,null,99000,to_date('22/11/18','RR/MM/DD'),'https://cdn.inflearn.com/public/courses/326055/cover/f364be4a-3853-4e15-b489-674810209003','수업을 시작하기 전에/개발 배경지식 빠르게 격파하기/쿠팡 웹 서비스를 보면서 사용되는 기술들 맛보기/프론트엔드(웹',0,1,null,null,null);
Insert into LEARN.LECTURE (LECTURE_NO,USER_ID,CATEGORY_NAME,LECTURE_TITLE,LECTURE_WRITER,LECTURE_URL,LECTURE_DUE,LECTURE_LEVEL,LECTURE_CONTENT,LECTURE_SUMMARY,LECTURE_SALERATE,LECTURE_SALEDUE,LECTURE_PRICE,LECTURE_REGDATE,LECTURE_COVERIMG,LECTURE_SECTION,LECTURE_ON_OFF,STUDENT_COUNT,QS_WEEKDAYS,QS_START,QS_END) values (9,'dldldlwjdans5@naver.com','학문·외국어','게임 엔진을 지탱하는 게임 수학','홍기리리동','https://www.inflearn.com/course/%EB%94%A5%EB%9F%AC%EB%8B%9D-%EC%84%A0%ED%98%95%EB%8C%80%EC%88%98',90,'입문','본 강의는 Object Detection과 Segmentation에 대한 깊이 있는 이론 설명과 현업에서 바로 사용될 수 있는 수준의 실습 예제를 통해 여러분을 현장에서 필요한 딥러닝 기반의 컴퓨터 비전 전문가로 발돋움시켜 드릴 것입니다.','본 강의는 Object Detection과 Segmentation에 대한 깊이 있는 이론 설명과 현업에서 바로 사용될 수 있는 수준의 실습 예제를 통해 여러분을 현장에서 필요한 딥러닝 기반의 컴퓨터 비전 전문가로 발돋움시켜 드릴 것입니다.',0,null,121000,to_date('22/11/15','RR/MM/DD'),'https://cdn.inflearn.com/public/courses/327690/cover/394eb9c5-fb09-4c9a-b7f0-c8732970706d/327690-eng.png','인프콘 2022 오프닝/발표 세션 다시 보기/토크 콘서트 다시 보기/인프콘 2022 클로징',0,1,1,to_date('22/12/05','RR/MM/DD'),to_date('22/12/05','RR/MM/DD'));
Insert into LEARN.LECTURE (LECTURE_NO,USER_ID,CATEGORY_NAME,LECTURE_TITLE,LECTURE_WRITER,LECTURE_URL,LECTURE_DUE,LECTURE_LEVEL,LECTURE_CONTENT,LECTURE_SUMMARY,LECTURE_SALERATE,LECTURE_SALEDUE,LECTURE_PRICE,LECTURE_REGDATE,LECTURE_COVERIMG,LECTURE_SECTION,LECTURE_ON_OFF,STUDENT_COUNT,QS_WEEKDAYS,QS_START,QS_END) values (10,'dldldlwjdans5@naver.com','개발·프로그래밍','[오프라인] 넓고 얕게 외워서 컴공 전공자 되기','홍기리리동','https://www.inflearn.com/course/%EB%84%93%EA%B3%A0%EC%96%95%EA%B2%8C-%EC%BB%B4%EA%B3%B5-%EC%A0%84%EA%B3%B5%EC%9E%90',null,'입문','말을 잘하고 싶나요? 발표할 때 자꾸 긴장하나요? 13년차 아나운서 흥버튼에게 체계적으로 스피치를 배워 보세요. 당신의 인생이 달라질 겁니다.','말을 잘하고 싶나요? 발표할 때 자꾸 긴장하나요? 13년차 아나운서 흥버튼에게 체계적으로 스피치를 배워 보세요. 당신의 인생이 달라질 겁니다.',30,to_date('22/12/26','RR/MM/DD'),99000,to_date('22/11/23','RR/MM/DD'),'https://cdn.inflearn.com/public/courses/329605/cover/7f7d4d9a-e739-482c-8e16-71081b4793b5/329605-eng.jpg','스피치 실력 점검/복식호흡과 발성/신뢰를 높이는 정확한 발음/중저음의 목소리로 진중한 말하기/말투만으로 논리정연하게 표현하기',1,0,null,null,null);
Insert into LEARN.LECTURE (LECTURE_NO,USER_ID,CATEGORY_NAME,LECTURE_TITLE,LECTURE_WRITER,LECTURE_URL,LECTURE_DUE,LECTURE_LEVEL,LECTURE_CONTENT,LECTURE_SUMMARY,LECTURE_SALERATE,LECTURE_SALEDUE,LECTURE_PRICE,LECTURE_REGDATE,LECTURE_COVERIMG,LECTURE_SECTION,LECTURE_ON_OFF,STUDENT_COUNT,QS_WEEKDAYS,QS_START,QS_END) values (11,'dldldlwjdans5@naver.com','게임 개발','[입문자를 위한 UE5] Part1. 언리얼 엔진 블루프린트','홍기리리동','https://www.inflearn.com/course/%EC%96%B8%EB%A6%AC%EC%96%BC5-%EA%B0%9C%EB%B0%9C%EC%9D%98%EC%A0%95%EC%84%9D-1',null,'입문','3dsmax를 처음 접하시는 분들을 위한 막연한 두려움을 해소하고 반드시 알아야할 내용을 선별한 필수 입문강좌!','3dsmax를 처음 접하시는 분들을 위한 막연한 두려움을 해소하고 반드시 알아야할 내용을 선별한 필수 입문강좌!',0,null,55000,to_date('22/11/22','RR/MM/DD'),'https://cdn.inflearn.com/public/courses/329214/cover/0d3f339b-06de-40c3-a41a-8633df325ade/329214-eng.jpg','첨부파일 다운로드/단축키 세팅 및 UI/오브젝트 생성 및 좌표축의 이해/Editable polygon과 Edit poly/귀여운 자동차 만들기',1,0,null,null,null);
Insert into LEARN.LECTURE (LECTURE_NO,USER_ID,CATEGORY_NAME,LECTURE_TITLE,LECTURE_WRITER,LECTURE_URL,LECTURE_DUE,LECTURE_LEVEL,LECTURE_CONTENT,LECTURE_SUMMARY,LECTURE_SALERATE,LECTURE_SALEDUE,LECTURE_PRICE,LECTURE_REGDATE,LECTURE_COVERIMG,LECTURE_SECTION,LECTURE_ON_OFF,STUDENT_COUNT,QS_WEEKDAYS,QS_START,QS_END) values (4,'dldldlwjdans5@naver.com','데이터 사이언스','파이썬 증권 데이터 수집과 분석으로 신호와 소음 찾기','홍기리리동','https://www.inflearn.com/course/%EC%A6%9D%EA%B6%8C%EB%8D%B0%EC%9D%B4%ED%84%B0-%EC%88%98%EC%A7%91-%EB%B6%84%EC%84%9D',90,'입문','인프런의 첫 오프라인 콘퍼런스','인프런의 첫 오프라인 콘퍼런스',0,null,0,to_date('22/11/20','RR/MM/DD'),'https://cdn.inflearn.com/public/courses/326383/cover/4c038b06-8afa-4ae8-b14a-5ed22cfabce0/326383-eng.png','인프콘 2022 오프닝/발표 세션 다시 보기/토크 콘서트 다시 보기/인프콘 2022 클로징',0,0,3,to_date('22/12/05','RR/MM/DD'),to_date('22/12/05','RR/MM/DD'));
REM INSERTING into LEARN.LECTURE_LIKE
SET DEFINE OFF;
Insert into LEARN.LECTURE_LIKE (LIKE_NO,LECTURE_NO,USER_ID) values (252,15,'tester@naver.com');
Insert into LEARN.LECTURE_LIKE (LIKE_NO,LECTURE_NO,USER_ID) values (6,5,'dldldlwjdans4@naver.com');
Insert into LEARN.LECTURE_LIKE (LIKE_NO,LECTURE_NO,USER_ID) values (7,6,'dldldlwjdans4@naver.com');
Insert into LEARN.LECTURE_LIKE (LIKE_NO,LECTURE_NO,USER_ID) values (251,3,'tester@naver.com');
Insert into LEARN.LECTURE_LIKE (LIKE_NO,LECTURE_NO,USER_ID) values (264,1,'dldldlwjdans5@naver.com');
Insert into LEARN.LECTURE_LIKE (LIKE_NO,LECTURE_NO,USER_ID) values (249,10,'tester@naver.com');
Insert into LEARN.LECTURE_LIKE (LIKE_NO,LECTURE_NO,USER_ID) values (257,2,'dldldlwjdans4@naver.com');
Insert into LEARN.LECTURE_LIKE (LIKE_NO,LECTURE_NO,USER_ID) values (258,2,'dldldlwjdans5@naver.com');
Insert into LEARN.LECTURE_LIKE (LIKE_NO,LECTURE_NO,USER_ID) values (215,4,'dldldlwjdans4@naver.com');
Insert into LEARN.LECTURE_LIKE (LIKE_NO,LECTURE_NO,USER_ID) values (263,1,'dldldlwjdans4@naver.com');
Insert into LEARN.LECTURE_LIKE (LIKE_NO,LECTURE_NO,USER_ID) values (250,1,'tester@naver.com');
Insert into LEARN.LECTURE_LIKE (LIKE_NO,LECTURE_NO,USER_ID) values (253,3,'dldldlwjdans5@naver.com');
Insert into LEARN.LECTURE_LIKE (LIKE_NO,LECTURE_NO,USER_ID) values (260,3,'dldldlwjdans4@naver.com');
Insert into LEARN.LECTURE_LIKE (LIKE_NO,LECTURE_NO,USER_ID) values (192,13,'tester@naver.com');
REM INSERTING into LEARN.LECTURE_NEWS
SET DEFINE OFF;
Insert into LEARN.LECTURE_NEWS (BOARD_NO,LECTURE_NO,LECTURE_WRITER,NEWS_CONTENT,BOARD_REGDATE,NEWS_TITLE) values (2,1,'홍기리리동','<p>안녕하세요.</p><p>금일 새로운 강의가 업데이트 되었으니&nbsp;</p><p>확인하시어 학습에 활용하시길 바랍니다.</p><p>감사합니다.</p>',to_date('22/12/02','RR/MM/DD'),'12월 2주차 강의 새소식 안내');
Insert into LEARN.LECTURE_NEWS (BOARD_NO,LECTURE_NO,LECTURE_WRITER,NEWS_CONTENT,BOARD_REGDATE,NEWS_TITLE) values (1,1,'홍기리리동','<p>안녕하세요.</p><p>1주차 강의 새소식 전달드립니다.</p><p><br></p><p>1강 오류 접수 건으로 인하여 영상재생이 불가하였으나</p><p>금일 오전 복구되었으니 기존대로 강의 시청하여 주시기 바랍니다.</p><p><br></p><p>감사합니다!</p>',to_date('22/12/02','RR/MM/DD'),'12월 - 1주차 강의 새소식 ');
REM INSERTING into LEARN.LECTURE_REVIEW
SET DEFINE OFF;
Insert into LEARN.LECTURE_REVIEW (BOARD_NO,LECTURE_NO,USER_ID,BOARD_RATE,BOARD_CONTENT,BOARD_REGDATE) values (12,5,'tester@naver.com',3,'제',to_date('22/11/29','RR/MM/DD'));
Insert into LEARN.LECTURE_REVIEW (BOARD_NO,LECTURE_NO,USER_ID,BOARD_RATE,BOARD_CONTENT,BOARD_REGDATE) values (13,5,'tester@naver.com',1,'ㅋㅋ',to_date('22/11/29','RR/MM/DD'));
Insert into LEARN.LECTURE_REVIEW (BOARD_NO,LECTURE_NO,USER_ID,BOARD_RATE,BOARD_CONTENT,BOARD_REGDATE) values (14,5,'tester@naver.com',5,'ㅋㅋ',to_date('22/11/29','RR/MM/DD'));
Insert into LEARN.LECTURE_REVIEW (BOARD_NO,LECTURE_NO,USER_ID,BOARD_RATE,BOARD_CONTENT,BOARD_REGDATE) values (19,9,'tester@naver.com',4,'1빠',to_date('22/11/29','RR/MM/DD'));
Insert into LEARN.LECTURE_REVIEW (BOARD_NO,LECTURE_NO,USER_ID,BOARD_RATE,BOARD_CONTENT,BOARD_REGDATE) values (20,9,'tester@naver.com',5,'ㅋ',to_date('22/11/29','RR/MM/DD'));
Insert into LEARN.LECTURE_REVIEW (BOARD_NO,LECTURE_NO,USER_ID,BOARD_RATE,BOARD_CONTENT,BOARD_REGDATE) values (21,9,'tester@naver.com',1,'뭐지',to_date('22/11/29','RR/MM/DD'));
Insert into LEARN.LECTURE_REVIEW (BOARD_NO,LECTURE_NO,USER_ID,BOARD_RATE,BOARD_CONTENT,BOARD_REGDATE) values (22,9,'tester@naver.com',5,'휴',to_date('22/11/29','RR/MM/DD'));
Insert into LEARN.LECTURE_REVIEW (BOARD_NO,LECTURE_NO,USER_ID,BOARD_RATE,BOARD_CONTENT,BOARD_REGDATE) values (23,4,'tester@naver.com',5,'휴 됐나',to_date('22/11/29','RR/MM/DD'));
Insert into LEARN.LECTURE_REVIEW (BOARD_NO,LECTURE_NO,USER_ID,BOARD_RATE,BOARD_CONTENT,BOARD_REGDATE) values (24,1,'tester@naver.com',5,'이거지',to_date('22/11/29','RR/MM/DD'));
Insert into LEARN.LECTURE_REVIEW (BOARD_NO,LECTURE_NO,USER_ID,BOARD_RATE,BOARD_CONTENT,BOARD_REGDATE) values (25,3,'tester@naver.com',5,'된다',to_date('22/11/29','RR/MM/DD'));
Insert into LEARN.LECTURE_REVIEW (BOARD_NO,LECTURE_NO,USER_ID,BOARD_RATE,BOARD_CONTENT,BOARD_REGDATE) values (26,3,'tester@naver.com',4,'오더 비교',to_date('22/11/29','RR/MM/DD'));
Insert into LEARN.LECTURE_REVIEW (BOARD_NO,LECTURE_NO,USER_ID,BOARD_RATE,BOARD_CONTENT,BOARD_REGDATE) values (27,10,'tester@naver.com',5,'화긴',to_date('22/11/29','RR/MM/DD'));
Insert into LEARN.LECTURE_REVIEW (BOARD_NO,LECTURE_NO,USER_ID,BOARD_RATE,BOARD_CONTENT,BOARD_REGDATE) values (28,13,'tester@naver.com',3,'후후',to_date('22/11/29','RR/MM/DD'));
Insert into LEARN.LECTURE_REVIEW (BOARD_NO,LECTURE_NO,USER_ID,BOARD_RATE,BOARD_CONTENT,BOARD_REGDATE) values (30,10,'tester@naver.com',1,'zz',to_date('22/12/01','RR/MM/DD'));
Insert into LEARN.LECTURE_REVIEW (BOARD_NO,LECTURE_NO,USER_ID,BOARD_RATE,BOARD_CONTENT,BOARD_REGDATE) values (31,10,'tester@naver.com',2,'답변 어떻게 만들지',to_date('22/12/01','RR/MM/DD'));
Insert into LEARN.LECTURE_REVIEW (BOARD_NO,LECTURE_NO,USER_ID,BOARD_RATE,BOARD_CONTENT,BOARD_REGDATE) values (32,10,'tester@naver.com',5,'kkkklklk',to_date('22/12/01','RR/MM/DD'));
Insert into LEARN.LECTURE_REVIEW (BOARD_NO,LECTURE_NO,USER_ID,BOARD_RATE,BOARD_CONTENT,BOARD_REGDATE) values (33,10,'tester@naver.com',3,'ㅇ',to_date('22/12/01','RR/MM/DD'));
Insert into LEARN.LECTURE_REVIEW (BOARD_NO,LECTURE_NO,USER_ID,BOARD_RATE,BOARD_CONTENT,BOARD_REGDATE) values (29,1,'tester@naver.com',4,'ㅋㅋ',to_date('22/12/01','RR/MM/DD'));
Insert into LEARN.LECTURE_REVIEW (BOARD_NO,LECTURE_NO,USER_ID,BOARD_RATE,BOARD_CONTENT,BOARD_REGDATE) values (34,10,'tester@naver.com',4,'zz',to_date('22/12/02','RR/MM/DD'));
Insert into LEARN.LECTURE_REVIEW (BOARD_NO,LECTURE_NO,USER_ID,BOARD_RATE,BOARD_CONTENT,BOARD_REGDATE) values (35,10,'tester@naver.com',5,'ggg',to_date('22/12/02','RR/MM/DD'));
Insert into LEARN.LECTURE_REVIEW (BOARD_NO,LECTURE_NO,USER_ID,BOARD_RATE,BOARD_CONTENT,BOARD_REGDATE) values (1,5,'tester@naver.com',3,'좋습니다b',to_date('22/11/28','RR/MM/DD'));
Insert into LEARN.LECTURE_REVIEW (BOARD_NO,LECTURE_NO,USER_ID,BOARD_RATE,BOARD_CONTENT,BOARD_REGDATE) values (2,5,'s2skkim1993@gmail.com',1,null,to_date('22/11/28','RR/MM/DD'));
Insert into LEARN.LECTURE_REVIEW (BOARD_NO,LECTURE_NO,USER_ID,BOARD_RATE,BOARD_CONTENT,BOARD_REGDATE) values (3,5,'gee1suu@gmail.com',1,null,to_date('22/11/28','RR/MM/DD'));
Insert into LEARN.LECTURE_REVIEW (BOARD_NO,LECTURE_NO,USER_ID,BOARD_RATE,BOARD_CONTENT,BOARD_REGDATE) values (4,5,'tester@naver.com',5,'hi',to_date('22/11/28','RR/MM/DD'));
Insert into LEARN.LECTURE_REVIEW (BOARD_NO,LECTURE_NO,USER_ID,BOARD_RATE,BOARD_CONTENT,BOARD_REGDATE) values (15,5,'tester@naver.com',5,'hihi',to_date('22/11/29','RR/MM/DD'));
Insert into LEARN.LECTURE_REVIEW (BOARD_NO,LECTURE_NO,USER_ID,BOARD_RATE,BOARD_CONTENT,BOARD_REGDATE) values (36,10,'tester@naver.com',5,'zzz',to_date('22/12/05','RR/MM/DD'));
Insert into LEARN.LECTURE_REVIEW (BOARD_NO,LECTURE_NO,USER_ID,BOARD_RATE,BOARD_CONTENT,BOARD_REGDATE) values (5,5,'tester@naver.com',5,'dffs',to_date('22/11/29','RR/MM/DD'));
Insert into LEARN.LECTURE_REVIEW (BOARD_NO,LECTURE_NO,USER_ID,BOARD_RATE,BOARD_CONTENT,BOARD_REGDATE) values (6,5,'tester@naver.com',3,'3점이다 넌',to_date('22/11/29','RR/MM/DD'));
Insert into LEARN.LECTURE_REVIEW (BOARD_NO,LECTURE_NO,USER_ID,BOARD_RATE,BOARD_CONTENT,BOARD_REGDATE) values (7,5,'tester@naver.com',5,'ㅋㅋㅋㅋㅋ',to_date('22/11/29','RR/MM/DD'));
Insert into LEARN.LECTURE_REVIEW (BOARD_NO,LECTURE_NO,USER_ID,BOARD_RATE,BOARD_CONTENT,BOARD_REGDATE) values (8,5,'tester@naver.com',4,'ㄹㄹ',to_date('22/11/29','RR/MM/DD'));
Insert into LEARN.LECTURE_REVIEW (BOARD_NO,LECTURE_NO,USER_ID,BOARD_RATE,BOARD_CONTENT,BOARD_REGDATE) values (9,5,'tester@naver.com',4,'ㄹㄹ',to_date('22/11/29','RR/MM/DD'));
Insert into LEARN.LECTURE_REVIEW (BOARD_NO,LECTURE_NO,USER_ID,BOARD_RATE,BOARD_CONTENT,BOARD_REGDATE) values (10,5,'tester@naver.com',1,'도',to_date('22/11/29','RR/MM/DD'));
Insert into LEARN.LECTURE_REVIEW (BOARD_NO,LECTURE_NO,USER_ID,BOARD_RATE,BOARD_CONTENT,BOARD_REGDATE) values (11,5,'tester@naver.com',5,'ㅋ',to_date('22/11/29','RR/MM/DD'));
Insert into LEARN.LECTURE_REVIEW (BOARD_NO,LECTURE_NO,USER_ID,BOARD_RATE,BOARD_CONTENT,BOARD_REGDATE) values (16,5,'tester@naver.com',5,'넌 5점이야',to_date('22/11/29','RR/MM/DD'));
Insert into LEARN.LECTURE_REVIEW (BOARD_NO,LECTURE_NO,USER_ID,BOARD_RATE,BOARD_CONTENT,BOARD_REGDATE) values (17,5,'tester@naver.com',5,'ㄹㅇ',to_date('22/11/29','RR/MM/DD'));
Insert into LEARN.LECTURE_REVIEW (BOARD_NO,LECTURE_NO,USER_ID,BOARD_RATE,BOARD_CONTENT,BOARD_REGDATE) values (18,5,'tester@naver.com',2,'EEEE',to_date('22/11/29','RR/MM/DD'));
REM INSERTING into LEARN.LECTURE_REVIEW_COMMENT
SET DEFINE OFF;
Insert into LEARN.LECTURE_REVIEW_COMMENT (COMMENT_NO,BOARD_NO,LECTURE_NO,LECTURE_WRITER,COMMENT_CONTENT,COMMENT_REGDATE) values (81,32,10,'dldldlwjdans5@naver.com','dd',to_date('22/12/05','RR/MM/DD'));
Insert into LEARN.LECTURE_REVIEW_COMMENT (COMMENT_NO,BOARD_NO,LECTURE_NO,LECTURE_WRITER,COMMENT_CONTENT,COMMENT_REGDATE) values (72,33,10,'dldldlwjdans5@naver.com','dtdt',to_date('22/12/02','RR/MM/DD'));
REM INSERTING into LEARN.MEMBER_CHAT_CONTENTS
SET DEFINE OFF;
Insert into LEARN.MEMBER_CHAT_CONTENTS (CHATROOM_NO,SENDER_ID,CHAT_CONTENT,CHAT_REGDATE,CHAT_STATUS) values (1,'tester@naver.com','dddd',to_date('22/12/07','RR/MM/DD'),'FALSE');
Insert into LEARN.MEMBER_CHAT_CONTENTS (CHATROOM_NO,SENDER_ID,CHAT_CONTENT,CHAT_REGDATE,CHAT_STATUS) values (1,'tester@naver.com','aaa',to_date('22/12/07','RR/MM/DD'),'FALSE');
Insert into LEARN.MEMBER_CHAT_CONTENTS (CHATROOM_NO,SENDER_ID,CHAT_CONTENT,CHAT_REGDATE,CHAT_STATUS) values (1,'tester@naver.com','ㄹㄹ',to_date('22/12/07','RR/MM/DD'),'FALSE');
Insert into LEARN.MEMBER_CHAT_CONTENTS (CHATROOM_NO,SENDER_ID,CHAT_CONTENT,CHAT_REGDATE,CHAT_STATUS) values (1,'tester@naver.com','ff',to_date('22/12/07','RR/MM/DD'),'FALSE');
Insert into LEARN.MEMBER_CHAT_CONTENTS (CHATROOM_NO,SENDER_ID,CHAT_CONTENT,CHAT_REGDATE,CHAT_STATUS) values (1,'tester@naver.com','ㅁㅁ',to_date('22/12/07','RR/MM/DD'),'FALSE');
Insert into LEARN.MEMBER_CHAT_CONTENTS (CHATROOM_NO,SENDER_ID,CHAT_CONTENT,CHAT_REGDATE,CHAT_STATUS) values (1,'tester@naver.com','ㅁㅁ',to_date('22/12/07','RR/MM/DD'),'FALSE');
Insert into LEARN.MEMBER_CHAT_CONTENTS (CHATROOM_NO,SENDER_ID,CHAT_CONTENT,CHAT_REGDATE,CHAT_STATUS) values (1,'tester@naver.com','ㅇㅇㅇㅇㅇㅇㅇㅇㅇㅇㅇㅇㅇㅇㅇㅇㅇㅇㅇㅇㅇㅇㅇㅇㅇㅇㅇㅇㅇㅇㅇㅇㅇㅇㅇㅇㅇㅇㅇㅇㅇㅇㅇㅇㅇㅇㅇㅇㅇㅇㅇㅇㅇㅇㅇㅇㅇㅇㅇㅇㅇㅇㅇㅇㅇㅇㅇㅇㅇ',to_date('22/12/07','RR/MM/DD'),'FALSE');
Insert into LEARN.MEMBER_CHAT_CONTENTS (CHATROOM_NO,SENDER_ID,CHAT_CONTENT,CHAT_REGDATE,CHAT_STATUS) values (1,'tester@naver.com','ㅇㅇ',to_date('22/12/07','RR/MM/DD'),'FALSE');
Insert into LEARN.MEMBER_CHAT_CONTENTS (CHATROOM_NO,SENDER_ID,CHAT_CONTENT,CHAT_REGDATE,CHAT_STATUS) values (1,'tester@naver.com','ㅁㅁㅁ',to_date('22/12/07','RR/MM/DD'),'FALSE');
Insert into LEARN.MEMBER_CHAT_CONTENTS (CHATROOM_NO,SENDER_ID,CHAT_CONTENT,CHAT_REGDATE,CHAT_STATUS) values (1,'tester@naver.com','글 써지냐',to_date('22/12/07','RR/MM/DD'),'FALSE');
Insert into LEARN.MEMBER_CHAT_CONTENTS (CHATROOM_NO,SENDER_ID,CHAT_CONTENT,CHAT_REGDATE,CHAT_STATUS) values (1,'tester@naver.com','맞는지 확인',to_date('22/12/07','RR/MM/DD'),'FALSE');
Insert into LEARN.MEMBER_CHAT_CONTENTS (CHATROOM_NO,SENDER_ID,CHAT_CONTENT,CHAT_REGDATE,CHAT_STATUS) values (1,'tester@naver.com','뭐여',to_date('22/12/07','RR/MM/DD'),'FALSE');
Insert into LEARN.MEMBER_CHAT_CONTENTS (CHATROOM_NO,SENDER_ID,CHAT_CONTENT,CHAT_REGDATE,CHAT_STATUS) values (1,'tester@naver.com','이게 뭐냐',to_date('22/12/07','RR/MM/DD'),'FALSE');
Insert into LEARN.MEMBER_CHAT_CONTENTS (CHATROOM_NO,SENDER_ID,CHAT_CONTENT,CHAT_REGDATE,CHAT_STATUS) values (1,'tester@naver.com','뭐냐',to_date('22/12/07','RR/MM/DD'),'FALSE');
Insert into LEARN.MEMBER_CHAT_CONTENTS (CHATROOM_NO,SENDER_ID,CHAT_CONTENT,CHAT_REGDATE,CHAT_STATUS) values (1,'tester@naver.com','이게 뭐냐고',to_date('22/12/07','RR/MM/DD'),'FALSE');
Insert into LEARN.MEMBER_CHAT_CONTENTS (CHATROOM_NO,SENDER_ID,CHAT_CONTENT,CHAT_REGDATE,CHAT_STATUS) values (1,'dldldlwjdans5@naver.com','젠장',to_date('22/12/07','RR/MM/DD'),'FALSE');
Insert into LEARN.MEMBER_CHAT_CONTENTS (CHATROOM_NO,SENDER_ID,CHAT_CONTENT,CHAT_REGDATE,CHAT_STATUS) values (1,'tester@naver.com','왜 이따구임',to_date('22/12/07','RR/MM/DD'),'FALSE');
Insert into LEARN.MEMBER_CHAT_CONTENTS (CHATROOM_NO,SENDER_ID,CHAT_CONTENT,CHAT_REGDATE,CHAT_STATUS) values (2,'s2skkim1993@gmail.com','ddd',to_date('22/12/07','RR/MM/DD'),'FALSE');
Insert into LEARN.MEMBER_CHAT_CONTENTS (CHATROOM_NO,SENDER_ID,CHAT_CONTENT,CHAT_REGDATE,CHAT_STATUS) values (1,'tester@naver.com','ㄹㄹ',to_date('22/12/07','RR/MM/DD'),'FALSE');
Insert into LEARN.MEMBER_CHAT_CONTENTS (CHATROOM_NO,SENDER_ID,CHAT_CONTENT,CHAT_REGDATE,CHAT_STATUS) values (1,'dldldlwjdans5@naver.com','ff',to_date('22/12/07','RR/MM/DD'),'FALSE');
Insert into LEARN.MEMBER_CHAT_CONTENTS (CHATROOM_NO,SENDER_ID,CHAT_CONTENT,CHAT_REGDATE,CHAT_STATUS) values (1,'tester@naver.com','ㄹㄹ',to_date('22/12/07','RR/MM/DD'),'FALSE');
Insert into LEARN.MEMBER_CHAT_CONTENTS (CHATROOM_NO,SENDER_ID,CHAT_CONTENT,CHAT_REGDATE,CHAT_STATUS) values (2,'dldldlwjdans5@naver.com','sss',to_date('22/12/07','RR/MM/DD'),'FALSE');
Insert into LEARN.MEMBER_CHAT_CONTENTS (CHATROOM_NO,SENDER_ID,CHAT_CONTENT,CHAT_REGDATE,CHAT_STATUS) values (1,'dldldlwjdans5@naver.com','dd',to_date('22/12/07','RR/MM/DD'),'FALSE');
Insert into LEARN.MEMBER_CHAT_CONTENTS (CHATROOM_NO,SENDER_ID,CHAT_CONTENT,CHAT_REGDATE,CHAT_STATUS) values (1,'tester@naver.com','ㄹㄹ',to_date('22/12/07','RR/MM/DD'),'FALSE');
Insert into LEARN.MEMBER_CHAT_CONTENTS (CHATROOM_NO,SENDER_ID,CHAT_CONTENT,CHAT_REGDATE,CHAT_STATUS) values (1,'dldldlwjdans5@naver.com','a',to_date('22/12/07','RR/MM/DD'),'FALSE');
REM INSERTING into LEARN.MEMBER_CHAT_ROOM_LIST
SET DEFINE OFF;
Insert into LEARN.MEMBER_CHAT_ROOM_LIST (CHATROOM_NO,SENDER_ID,RECEIVER_ID,SENDER_NAME,RECEIVER_NAME,CHAT_CONTENTS,CHAT_REGDATE,LAST_CHATER) values (1,'tester@naver.com','dldldlwjdans5@naver.com','테스터','홍기리리동','맞는지 확인',to_date('22/12/07','RR/MM/DD'),'tester@naver.com');
Insert into LEARN.MEMBER_CHAT_ROOM_LIST (CHATROOM_NO,SENDER_ID,RECEIVER_ID,SENDER_NAME,RECEIVER_NAME,CHAT_CONTENTS,CHAT_REGDATE,LAST_CHATER) values (2,'s2skkim1993@gmail.com','dldldlwjdans5@naver.com','김수경','홍기리리동','sss',to_date('22/12/07','RR/MM/DD'),'dldldlwjdans5@naver.com');
Insert into LEARN.MEMBER_CHAT_ROOM_LIST (CHATROOM_NO,SENDER_ID,RECEIVER_ID,SENDER_NAME,RECEIVER_NAME,CHAT_CONTENTS,CHAT_REGDATE,LAST_CHATER) values (3,'s2skkim1993@gmail.com','tester@naver.com','김수경','테스터',null,to_date('22/12/07','RR/MM/DD'),null);
REM INSERTING into LEARN.MYROADMAP
SET DEFINE OFF;
REM INSERTING into LEARN.NOTICE_BOARD
SET DEFINE OFF;
Insert into LEARN.NOTICE_BOARD (BOARD_NO,USER_ID,GRADE,BOARD_TITLE,BOARD_CONTENT,BOARD_REGDATE) values (9,'admin@test.com','관리자','[사전공지] 통합계정 서비스 안내','안녕하세요.<br>인프런을 이용해주시는 회원 여러분께 항상 감사드립니다.<br>
하나의 계정으로 보다 간편하게 인프런, 랠릿 서비스를 이용하실 수 있도록<br>
2022년 6월 13일부터 인프런과 랠릿의 로그인 방식이 인프런 통합 계정으로 일원화 됩니다. <br>
- 대 상 : 인프런을 이용하시는 전 고객<br>
- 변경 일자 : 2022년 6월 13일<br>
- 변경 사유 : 인프런 통합 계정 신설에 따른 통합서비스 약관 신설<br>
- 변경 내용 : 인프런 통합 계정으로 인프런, 랠릿 로그인 가능',to_date('22/11/22','RR/MM/DD'));
Insert into LEARN.NOTICE_BOARD (BOARD_NO,USER_ID,GRADE,BOARD_TITLE,BOARD_CONTENT,BOARD_REGDATE) values (10,'admin@test.com','관리자','[새소식] 인프런에서 만든 채용 플랫폼!! + 감사 인사 🙏','안녕하세요.<br>
인프런 0호 운영자 입니다. 어느덧 겨울이 끝나가고 봄이 오고 있네요.. 😁<br>
좋은 소식이 있어 감사의 말씀을 드리고자 공지글을 드립니다.<br>
인프랩이 채용 서비스를 오픈했어요!! 🎉🎉',to_date('22/11/22','RR/MM/DD'));
Insert into LEARN.NOTICE_BOARD (BOARD_NO,USER_ID,GRADE,BOARD_TITLE,BOARD_CONTENT,BOARD_REGDATE) values (11,'admin@test.com','관리자','[소셜 로그인 장애] 페이스북 소셜 로그인 - 2022년 2월 19일','[2022.07.27 업데이트 공지사항]<br>안녕하세요, 인프런입니다.<br>
페이스북 인증 권한 및 정책의 문제로, 2022년 10월 28일부터 페이스북 로그인 지원을 종료하게 되었습니다.<br>
기존 이용자분들의 불편을 최소화하기 위해 3개월 전 사전 공지드리오니 원활한 서비스 이용을 위해 아래 내용을 꼭 참고해주시길 바랍니다. 🙏🏻<br>
☑️ 기존 페이스북 로그인 사용자라면, 앞으로 어떻게 서비스를 이용하나요?<br>
앞서 공지에 안내드렸던 바와 같이, 페이스북 계정을 인프런 자체에서 사용할 수 있는 일반 계정으로 변경이 가능합니다. 2022년 10월 28일 이전까지 일반 계정으로 전환하여 사용해주시면 감사하겠습니다.<br>
☑️ 일반 계정 변경은 어떻게 진행하나요?<br>
① 인프런에서 [비밀번호 찾기] 버튼 클릭해주세요.<br>
② 이메일 입력란에 [페이스북 계정]을 입력해주세요. <br>
③ 작성해주신 페이스북 계정 이메일로 [비밀번호 변경링크]가 포함된 이메일이 발송됩니다.<br>
④ 해당 이메일에서 비밀번호 변경 후, 일반 계정으로 로그인 및 서비스 이용이 가능합니다.<br>
** 자세한 계정 전환 방법은 👇🏻아래 공지 내용에서도 확인하실 수 있습니다.<br>
☑️ 계정 전환 후 구매했던 강의는 그대로 유지되나요?<br>
소셜 계정으로 가입하셨더라도 일반 로그인을 통해 서비스 정상 이용이 가능하며, 기존 결제 및 수강내역은 유지되는 점 참고 바랍니다.',to_date('22/11/22','RR/MM/DD'));
Insert into LEARN.NOTICE_BOARD (BOARD_NO,USER_ID,GRADE,BOARD_TITLE,BOARD_CONTENT,BOARD_REGDATE) values (15,'dldldlwjdans@naver.com','관리자','123','1234',to_date('22/12/07','RR/MM/DD'));
Insert into LEARN.NOTICE_BOARD (BOARD_NO,USER_ID,GRADE,BOARD_TITLE,BOARD_CONTENT,BOARD_REGDATE) values (12,'test@naver.com','관리자','[업데이트 소식] 4월 2주차 - 무료강의 취소 + 거래명세서 📃','안녕하세요.<br>
인프런 운영팀 자미입니다.<br>
<br>
그동안 정~말 요청이 많았던 기능으로 찾아왔어요.<br>
이번 업데이트 소식은 무료 강의 취소 기능과 거래명세서 기능입니다.<br>
(📫 잠깐! 업데이트 소식 하단에서 이달의 질문왕도 공개하니 꼭 확인해주세요.)<br>
<br>
● 무료 강의 취소기능<br>
- 내 강의에서 직접 수강 취소할 수 있어요. 단, 무료 강의만 수강 취소 가능해요.<br>
- 강의 별 하단의 - 버튼을 눌러보세요! <br>
- 이제 숨김 기능 대신 취소 기능을 활용해 내 강의 페이지를 정리할 수 있어요.<br>
<br>
● 거래명세서 기능 <br>
- 유료 강의를 결제한 경우, 영수증과 거래명세서를 확인할 수 있어요.<br>
- [내 구매 내역] 과 주문명 - [구매 상세 내역]을 통해서 확인해보세요.<br>
  ※ 네이버페이로 결제한 경우, 영수증은 네이버페이에서 확인 가능!<br>',to_date('22/11/25','RR/MM/DD'));
Insert into LEARN.NOTICE_BOARD (BOARD_NO,USER_ID,GRADE,BOARD_TITLE,BOARD_CONTENT,BOARD_REGDATE) values (13,'test@naver.com','관리자','[업데이트 소식] 6월 1주차 - 앱 출시 📱','안녕하세요.<br>운영팀 자미입니다.<br>
<br>
오랜만에 인사드려요.<br>
이번 업데이트 소식은 많은 분들이 기다리고 기다리던, 인프런 앱(APP) 입니다. 🎉🙌✨<br>
<br>
NEW  인프런 앱(APP) <br>
 <br>
<br>
기존 인프런 앱이 불편한 점이 많아 이번에 새롭게 앱을 출시하게 되었습니다.<br>
그동안의 리뷰를 바탕으로 "학습"에 불편함이 없도록, 강의를 볼 수 있는 최소한의 환경 제공을 목표로 했어요. 이제 안드로이드, 애플(iOS) 에서도 인프런 앱을 만나보세요. :-)<br>
<br>
 <br>
● 언제 어디서든 학습 가능<br>
- 인프런에서 제공하는 다양한 기능 중 앱에서는 학습 환경에 집중했어요.<br>
- 웹에서 수강 신청한 강의를 모바일 환경에서 언제 어디서든 학습해보세요.<br>
- 배속재생, 전체 화면 모드, 다시보기 등을 활용해보세요.<br>
- 학습 현황(진도율, 시간)도 실시간으로 확인할 수 있어요. <br>
<br>
<br>

● 추가 기능<br>
- 가로모드(전체화면) 고정이 가능해졌어요.<br>
- 이메일/구글/APPLE/깃허브/페이스북 로그인이 가능합니다.<br>
  ※ 수료증, 멘토링 등의 기능은 인프런 웹사이트를 활용해 주세요.<br>',to_date('22/11/25','RR/MM/DD'));
Insert into LEARN.NOTICE_BOARD (BOARD_NO,USER_ID,GRADE,BOARD_TITLE,BOARD_CONTENT,BOARD_REGDATE) values (14,'test@naver.com','관리자','공지사항 추가','<p><img src="/learn/filepath/28657022-56e8-4f1a-94d3-1fa13283c4cf" style="width: 300px;"><br></p>',to_date('22/12/07','RR/MM/DD'));
Insert into LEARN.NOTICE_BOARD (BOARD_NO,USER_ID,GRADE,BOARD_TITLE,BOARD_CONTENT,BOARD_REGDATE) values (16,'dldldlwjdans@naver.com','관리자','125125125','125125125152',to_date('22/12/07','RR/MM/DD'));
Insert into LEARN.NOTICE_BOARD (BOARD_NO,USER_ID,GRADE,BOARD_TITLE,BOARD_CONTENT,BOARD_REGDATE) values (2,'admin@test.com','관리자','[사전공지] 인프런 이용약관 / 개인정보 처리방침 개정 안내','안녕하세요 인프런 운영팀입니다.<br>
인프런을 이용해 주시는 여러분께 항상 감사드립니다.<br>
2022년 11월 25일부터 인프런 이용약관과 개인정보처리방침이 아래와 같이 개정될 예정이니 이용에 참고하여 주시기 바랍니다.<br>
◾개정 사유<br>
- 이용자 보호 및 보다 안정적인 서비스 제공을 위함<br>
- 개인정보 취급방침 > "개인정보 처리방침" 문구 변경<br>
◾시행일<br>
- 2022년 11월 25일<br>
감사합니다.<br>
인프런 팀 드림',to_date('22/11/22','RR/MM/DD'));
Insert into LEARN.NOTICE_BOARD (BOARD_NO,USER_ID,GRADE,BOARD_TITLE,BOARD_CONTENT,BOARD_REGDATE) values (3,'admin@test.com','관리자','[업데이트 소식] 11월 1주차 - 학습 알림 기능 업데이트','안녕하세요! 인프런 PO파트 핀리입니다.<br>
이번에는 수강생 분들이 오래 기다리셨을 만한 업데이트 소식을 가지고 왔어요. ✨<br>
지난 주차에 공유드린 주간 학습 카드에 이어, 이번에는 학습 알림 기능이 신규 업데이트 되었어요.',to_date('22/11/22','RR/MM/DD'));
Insert into LEARN.NOTICE_BOARD (BOARD_NO,USER_ID,GRADE,BOARD_TITLE,BOARD_CONTENT,BOARD_REGDATE) values (4,'admin@test.com','관리자','[업데이트 소식] 10월 4주차 - 주간 학습 현황 카드 업데이트','안녕하세요! 인프런 PO파트입니다.<br>
이번에도 따끈한 업데이트 소식을 가지고 왔어요. ✨<br>
인프런은 수강생 분들의 지속적인 학습을 독려할 수 있도록 다양한 시도를 모색 중에 있어요.<br>
그 첫걸음으로, 나의 학습을 기록해 주는 주간 학습 현황 카드가 신규 업데이트되었습니다.',to_date('22/11/22','RR/MM/DD'));
Insert into LEARN.NOTICE_BOARD (BOARD_NO,USER_ID,GRADE,BOARD_TITLE,BOARD_CONTENT,BOARD_REGDATE) values (5,'admin@test.com','관리자','[업데이트 소식] 10월 3주차 - 강의실 커뮤니티 질문 업데이트','안녕하세요! 인프런 PO파트입니다.<br>
10월 중순이 지나가고 공기가 차가워지면서 겨울이 한 발짝 다가오는 거 같은데요. 🤧<br>
인프런에서 따끈한 업데이트 소식을 가지고 왔어요. ✨<br>
강의실 커뮤니티 질문에 변화된 모습을 이미 눈치채신 분들도 있을 텐데요!<br>
다양한 질문을 보고 수업에 활용하실 수 있도록 업데이트된 내용을 확인하면 도움이 되실 거에요.',to_date('22/11/22','RR/MM/DD'));
Insert into LEARN.NOTICE_BOARD (BOARD_NO,USER_ID,GRADE,BOARD_TITLE,BOARD_CONTENT,BOARD_REGDATE) values (6,'admin@test.com','관리자','[업데이트 소식] 9월 2주차 - 에디터기능 업데이트','안녕하세요! 인프런 운영팀입니다.<br>
한여름 더위가 한풀 꺾이고, 하반기가 시작되었네요. 🍂<br>
하반기에도 인프런과 함께해주실 여러분께 새로운 업데이트 소식을 전해드리려 합니다.<br>
이번 업데이트는 많은 분이 기다려주셨던 에디터 기능인데요!<br>
학습자, 지식공유자분들이 유용하게 사용해주시는 질문,답변, 자유주제, 스터디 등 커뮤니티 공간에서<br>
보다 더 편리하게 글을 작성하고 소통할 수 있도록 에디터 기능을 개선했습니다.<br>
평소 지식공유를 위해 커뮤니티 공간을 많이 활용해주셨던 분들이라면 아래 내용을 확인해보시면 좋을 것 같아요👍',to_date('22/11/22','RR/MM/DD'));
Insert into LEARN.NOTICE_BOARD (BOARD_NO,USER_ID,GRADE,BOARD_TITLE,BOARD_CONTENT,BOARD_REGDATE) values (7,'admin@test.com','관리자','[업데이트 소식] 7월 3주차 - 멘토링 기능 업데이트','안녕하세요! 인프런 운영팀입니다. <br>
하반기에 들어서자마자 시작된 무더운 여름, 모두 잘 보내고 계신가요?<br>
최근 수강바구니 리뉴얼에 이어, 새로운 업데이트 소식이 있어 찾아왔습니다. 🍀<br>
이번 업데이트는 바로 멘토링 기능입니다. 2020년 12월 처음 멘토링 서비스가 생기고 이번이 3번째 개편인데요!<br>
현재 멘토링을 하고 계신 현직 멘토분들! 혹은 멘토링에 관심이 있으셨던 예비 멘토,멘티 분들이라면 꼭 살펴보시길 바랄게요.',to_date('22/11/22','RR/MM/DD'));
Insert into LEARN.NOTICE_BOARD (BOARD_NO,USER_ID,GRADE,BOARD_TITLE,BOARD_CONTENT,BOARD_REGDATE) values (8,'admin@test.com','관리자','[업데이트 소식] 5월 3주차 - 수강바구니 🛒','안녕하세요.
인프런 운영팀 우디입니다.
오랜만에 업데이트 소식을 가지고 왔어요! 
이번 업데이트 소식은 수강바구니 개편입니다.
더욱 편리한 사용을 위해 수강바구니를 업데이트했어요.
이제부터 총 4가지 변경 사항을 차근차근 설명드릴게요! 🌿',to_date('22/11/22','RR/MM/DD'));
REM INSERTING into LEARN.OFF_TIMETABLE
SET DEFINE OFF;
Insert into LEARN.OFF_TIMETABLE (TIMETABLE_NO,LECTURE_NO,LECTURE_ADDRESS,MAX_SEAT,TIMETABLE_START,TIMETABLE_END,LECTURE_PAST_ADDRESS) values (15,10,'경기 성남시 분당구 판교역로 235 101동 101호',30,to_date('22/12/02','RR/MM/DD'),to_date('22/12/02','RR/MM/DD'),'경기 성남시 분당구 삼평동 681 101동 101호');
Insert into LEARN.OFF_TIMETABLE (TIMETABLE_NO,LECTURE_NO,LECTURE_ADDRESS,MAX_SEAT,TIMETABLE_START,TIMETABLE_END,LECTURE_PAST_ADDRESS) values (5,10,'서울 강남구 테헤란로 124 4층',10,to_date('22/01/23','RR/MM/DD'),to_date('22/01/23','RR/MM/DD'),'서울 강남구 역삼동 823-1');
Insert into LEARN.OFF_TIMETABLE (TIMETABLE_NO,LECTURE_NO,LECTURE_ADDRESS,MAX_SEAT,TIMETABLE_START,TIMETABLE_END,LECTURE_PAST_ADDRESS) values (7,11,'서울 강남구 강남대로94길 20 삼오빌딩 5-9층',10,to_date('22/11/23','RR/MM/DD'),to_date('22/11/23','RR/MM/DD'),'서울 강남구 역삼동 819-3');
Insert into LEARN.OFF_TIMETABLE (TIMETABLE_NO,LECTURE_NO,LECTURE_ADDRESS,MAX_SEAT,TIMETABLE_START,TIMETABLE_END,LECTURE_PAST_ADDRESS) values (8,10,'서울 강남구 테헤란로 124 4층',10,to_date('22/11/23','RR/MM/DD'),to_date('22/11/23','RR/MM/DD'),'서울 강남구 역삼동 823-1');
Insert into LEARN.OFF_TIMETABLE (TIMETABLE_NO,LECTURE_NO,LECTURE_ADDRESS,MAX_SEAT,TIMETABLE_START,TIMETABLE_END,LECTURE_PAST_ADDRESS) values (12,12,'서울 마포구 백범로 23',10,to_date('22/11/23','RR/MM/DD'),to_date('22/11/23','RR/MM/DD'),'서울 마포구 신수동 63-14 ');
Insert into LEARN.OFF_TIMETABLE (TIMETABLE_NO,LECTURE_NO,LECTURE_ADDRESS,MAX_SEAT,TIMETABLE_START,TIMETABLE_END,LECTURE_PAST_ADDRESS) values (13,13,'서울 강남구 테헤란로4길 13 예성Ⅰ라이프',10,to_date('22/11/23','RR/MM/DD'),to_date('22/11/23','RR/MM/DD'),'서울 강남구 역삼동 824-14');
Insert into LEARN.OFF_TIMETABLE (TIMETABLE_NO,LECTURE_NO,LECTURE_ADDRESS,MAX_SEAT,TIMETABLE_START,TIMETABLE_END,LECTURE_PAST_ADDRESS) values (14,14,'서울 마포구 월드컵북로 21 2층 풍성빌딩',10,to_date('22/11/23','RR/MM/DD'),to_date('22/11/23','RR/MM/DD'),'서울 마포구 서교동 447-5');
Insert into LEARN.OFF_TIMETABLE (TIMETABLE_NO,LECTURE_NO,LECTURE_ADDRESS,MAX_SEAT,TIMETABLE_START,TIMETABLE_END,LECTURE_PAST_ADDRESS) values (6,15,'서울 강남구 강남대로96길 16 원성빌딩 2~5층',10,to_date('22/11/23','RR/MM/DD'),to_date('22/11/23','RR/MM/DD'),'서울 강남구 역삼동 818-3');
Insert into LEARN.OFF_TIMETABLE (TIMETABLE_NO,LECTURE_NO,LECTURE_ADDRESS,MAX_SEAT,TIMETABLE_START,TIMETABLE_END,LECTURE_PAST_ADDRESS) values (9,16,'서울 마포구 양화로7길 84',10,to_date('22/11/23','RR/MM/DD'),to_date('22/11/23','RR/MM/DD'),'서울 마포구 서교동 481-5');
Insert into LEARN.OFF_TIMETABLE (TIMETABLE_NO,LECTURE_NO,LECTURE_ADDRESS,MAX_SEAT,TIMETABLE_START,TIMETABLE_END,LECTURE_PAST_ADDRESS) values (10,17,'서울 강남구 학동로20길 25 논현1동주민센터',10,to_date('22/11/23','RR/MM/DD'),to_date('22/11/23','RR/MM/DD'),'서울 강남구 논현동 133-13');
Insert into LEARN.OFF_TIMETABLE (TIMETABLE_NO,LECTURE_NO,LECTURE_ADDRESS,MAX_SEAT,TIMETABLE_START,TIMETABLE_END,LECTURE_PAST_ADDRESS) values (11,18,'서울 서대문구 연세로 50-1',10,to_date('22/11/23','RR/MM/DD'),to_date('22/11/23','RR/MM/DD'),'서울 서대문구 신촌동 134');
REM INSERTING into LEARN.ORDERS
SET DEFINE OFF;
Insert into LEARN.ORDERS (ORDER_NO,USER_ID,ORDER_PRICE,ORDER_REGDATE,ORDER_PAYMENT) values (1,'gee1suu@gmail.com',99000,to_date('22/11/24','RR/MM/DD'),'카드');
Insert into LEARN.ORDERS (ORDER_NO,USER_ID,ORDER_PRICE,ORDER_REGDATE,ORDER_PAYMENT) values (3,'dldldlwjdans4@naver.com',56977,to_date('22/11/28','RR/MM/DD'),'카드');
Insert into LEARN.ORDERS (ORDER_NO,USER_ID,ORDER_PRICE,ORDER_REGDATE,ORDER_PAYMENT) values (4,'dldldlwjdans4@naver.com',69189,to_date('22/11/28','RR/MM/DD'),'카드');
Insert into LEARN.ORDERS (ORDER_NO,USER_ID,ORDER_PRICE,ORDER_REGDATE,ORDER_PAYMENT) values (6,'dldldlwjdans4@naver.com',56955,to_date('22/11/28','RR/MM/DD'),'카드');
Insert into LEARN.ORDERS (ORDER_NO,USER_ID,ORDER_PRICE,ORDER_REGDATE,ORDER_PAYMENT) values (8,'dldldlwjdans4@naver.com',68066,to_date('22/11/28','RR/MM/DD'),'카드');
Insert into LEARN.ORDERS (ORDER_NO,USER_ID,ORDER_PRICE,ORDER_REGDATE,ORDER_PAYMENT) values (9,'dldldlwjdans4@naver.com',68066,to_date('22/11/28','RR/MM/DD'),'카드');
Insert into LEARN.ORDERS (ORDER_NO,USER_ID,ORDER_PRICE,ORDER_REGDATE,ORDER_PAYMENT) values (10,'dldldlwjdans4@naver.com',68066,to_date('22/11/28','RR/MM/DD'),'카드');
Insert into LEARN.ORDERS (ORDER_NO,USER_ID,ORDER_PRICE,ORDER_REGDATE,ORDER_PAYMENT) values (11,'dldldlwjdans4@naver.com',69300,to_date('22/11/28','RR/MM/DD'),'카드');
Insert into LEARN.ORDERS (ORDER_NO,USER_ID,ORDER_PRICE,ORDER_REGDATE,ORDER_PAYMENT) values (12,'dldldlwjdans4@naver.com',68066,to_date('22/11/28','RR/MM/DD'),'카드');
Insert into LEARN.ORDERS (ORDER_NO,USER_ID,ORDER_PRICE,ORDER_REGDATE,ORDER_PAYMENT) values (16,'dldldlwjdans4@naver.com',97766,to_date('22/11/30','RR/MM/DD'),'카드');
Insert into LEARN.ORDERS (ORDER_NO,USER_ID,ORDER_PRICE,ORDER_REGDATE,ORDER_PAYMENT) values (2,'tester@naver.com',99000,to_date('22/11/24','RR/MM/DD'),'카드');
Insert into LEARN.ORDERS (ORDER_NO,USER_ID,ORDER_PRICE,ORDER_REGDATE,ORDER_PAYMENT) values (5,'dldldlwjdans4@naver.com',59345,to_date('22/11/28','RR/MM/DD'),'카드');
Insert into LEARN.ORDERS (ORDER_NO,USER_ID,ORDER_PRICE,ORDER_REGDATE,ORDER_PAYMENT) values (7,'dldldlwjdans4@naver.com',68066,to_date('22/11/28','RR/MM/DD'),'카드');
Insert into LEARN.ORDERS (ORDER_NO,USER_ID,ORDER_PRICE,ORDER_REGDATE,ORDER_PAYMENT) values (13,'dldldlwjdans4@naver.com',493766,to_date('22/11/29','RR/MM/DD'),'카드');
Insert into LEARN.ORDERS (ORDER_NO,USER_ID,ORDER_PRICE,ORDER_REGDATE,ORDER_PAYMENT) values (14,'dldldlwjdans4@naver.com',198000,to_date('22/11/29','RR/MM/DD'),'카드');
Insert into LEARN.ORDERS (ORDER_NO,USER_ID,ORDER_PRICE,ORDER_REGDATE,ORDER_PAYMENT) values (15,'dldldlwjdans4@naver.com',185655,to_date('22/11/29','RR/MM/DD'),'카드');
REM INSERTING into LEARN.ORDER_DETAIL
SET DEFINE OFF;
Insert into LEARN.ORDER_DETAIL (ORDER_DETAIL_NO,ORDER_NO,USER_ID,LECTURE_NO,TIMETABLE_NO,ORDER_STATUS,LECTURE_RATE) values (6,2,'gee1suu@gmail.com',2,null,'0',0);
Insert into LEARN.ORDER_DETAIL (ORDER_DETAIL_NO,ORDER_NO,USER_ID,LECTURE_NO,TIMETABLE_NO,ORDER_STATUS,LECTURE_RATE) values (7,12,'dldldlwjdans4@naver.com',10,5,'0',0);
Insert into LEARN.ORDER_DETAIL (ORDER_DETAIL_NO,ORDER_NO,USER_ID,LECTURE_NO,TIMETABLE_NO,ORDER_STATUS,LECTURE_RATE) values (2,2,'tester@naver.com',2,null,'0',0);
Insert into LEARN.ORDER_DETAIL (ORDER_DETAIL_NO,ORDER_NO,USER_ID,LECTURE_NO,TIMETABLE_NO,ORDER_STATUS,LECTURE_RATE) values (3,2,'tester@naver.com',3,null,'0',100);
Insert into LEARN.ORDER_DETAIL (ORDER_DETAIL_NO,ORDER_NO,USER_ID,LECTURE_NO,TIMETABLE_NO,ORDER_STATUS,LECTURE_RATE) values (4,2,'tester@naver.com',4,null,'0',0);
Insert into LEARN.ORDER_DETAIL (ORDER_DETAIL_NO,ORDER_NO,USER_ID,LECTURE_NO,TIMETABLE_NO,ORDER_STATUS,LECTURE_RATE) values (5,2,'tester@naver.com',5,null,'0',0);
Insert into LEARN.ORDER_DETAIL (ORDER_DETAIL_NO,ORDER_NO,USER_ID,LECTURE_NO,TIMETABLE_NO,ORDER_STATUS,LECTURE_RATE) values (1,1,'gee1suu@gmail.com',1,null,'0',0);
Insert into LEARN.ORDER_DETAIL (ORDER_DETAIL_NO,ORDER_NO,USER_ID,LECTURE_NO,TIMETABLE_NO,ORDER_STATUS,LECTURE_RATE) values (8,13,'dldldlwjdans4@naver.com',13,13,'0',0);
Insert into LEARN.ORDER_DETAIL (ORDER_DETAIL_NO,ORDER_NO,USER_ID,LECTURE_NO,TIMETABLE_NO,ORDER_STATUS,LECTURE_RATE) values (9,13,'dldldlwjdans4@naver.com',13,13,'0',0);
Insert into LEARN.ORDER_DETAIL (ORDER_DETAIL_NO,ORDER_NO,USER_ID,LECTURE_NO,TIMETABLE_NO,ORDER_STATUS,LECTURE_RATE) values (10,13,'dldldlwjdans4@naver.com',13,13,'0',0);
Insert into LEARN.ORDER_DETAIL (ORDER_DETAIL_NO,ORDER_NO,USER_ID,LECTURE_NO,TIMETABLE_NO,ORDER_STATUS,LECTURE_RATE) values (11,13,'dldldlwjdans4@naver.com',13,13,'0',0);
Insert into LEARN.ORDER_DETAIL (ORDER_DETAIL_NO,ORDER_NO,USER_ID,LECTURE_NO,TIMETABLE_NO,ORDER_STATUS,LECTURE_RATE) values (12,13,'dldldlwjdans4@naver.com',13,13,'0',0);
Insert into LEARN.ORDER_DETAIL (ORDER_DETAIL_NO,ORDER_NO,USER_ID,LECTURE_NO,TIMETABLE_NO,ORDER_STATUS,LECTURE_RATE) values (13,14,'dldldlwjdans4@naver.com',13,13,'0',0);
Insert into LEARN.ORDER_DETAIL (ORDER_DETAIL_NO,ORDER_NO,USER_ID,LECTURE_NO,TIMETABLE_NO,ORDER_STATUS,LECTURE_RATE) values (14,14,'dldldlwjdans4@naver.com',13,13,'0',0);
Insert into LEARN.ORDER_DETAIL (ORDER_DETAIL_NO,ORDER_NO,USER_ID,LECTURE_NO,TIMETABLE_NO,ORDER_STATUS,LECTURE_RATE) values (15,15,'dldldlwjdans4@naver.com',13,13,'0',0);
Insert into LEARN.ORDER_DETAIL (ORDER_DETAIL_NO,ORDER_NO,USER_ID,LECTURE_NO,TIMETABLE_NO,ORDER_STATUS,LECTURE_RATE) values (16,15,'dldldlwjdans4@naver.com',13,13,'0',0);
REM INSERTING into LEARN.POINT_LOG
SET DEFINE OFF;
Insert into LEARN.POINT_LOG (LOG_NUM,USER_ID,ORDER_NO,USEPOINT_LOG,POINT_DATE,EARN_POINT) values ('2','dldldlwjdans4@naver.com',1,1,to_date('22/11/28','RR/MM/DD'),100);
Insert into LEARN.POINT_LOG (LOG_NUM,USER_ID,ORDER_NO,USEPOINT_LOG,POINT_DATE,EARN_POINT) values ('3','dldldlwjdans4@naver.com',0,111,to_date('22/11/28','RR/MM/DD'),100);
Insert into LEARN.POINT_LOG (LOG_NUM,USER_ID,ORDER_NO,USEPOINT_LOG,POINT_DATE,EARN_POINT) values ('4','dldldlwjdans4@naver.com',0,1234,to_date('22/11/28','RR/MM/DD'),100);
Insert into LEARN.POINT_LOG (LOG_NUM,USER_ID,ORDER_NO,USEPOINT_LOG,POINT_DATE,EARN_POINT) values ('5','dldldlwjdans4@naver.com',0,1234,to_date('22/11/28','RR/MM/DD'),100);
Insert into LEARN.POINT_LOG (LOG_NUM,USER_ID,ORDER_NO,USEPOINT_LOG,POINT_DATE,EARN_POINT) values ('6','dldldlwjdans4@naver.com',0,1234,to_date('22/11/28','RR/MM/DD'),100);
Insert into LEARN.POINT_LOG (LOG_NUM,USER_ID,ORDER_NO,USEPOINT_LOG,POINT_DATE,EARN_POINT) values ('7','dldldlwjdans4@naver.com',0,0,to_date('22/11/28','RR/MM/DD'),100);
Insert into LEARN.POINT_LOG (LOG_NUM,USER_ID,ORDER_NO,USEPOINT_LOG,POINT_DATE,EARN_POINT) values ('8','dldldlwjdans4@naver.com',12,1234,to_date('22/11/28','RR/MM/DD'),100);
Insert into LEARN.POINT_LOG (LOG_NUM,USER_ID,ORDER_NO,USEPOINT_LOG,POINT_DATE,EARN_POINT) values ('9','dldldlwjdans4@naver.com',13,1234,to_date('22/11/29','RR/MM/DD'),100);
Insert into LEARN.POINT_LOG (LOG_NUM,USER_ID,ORDER_NO,USEPOINT_LOG,POINT_DATE,EARN_POINT) values ('10','dldldlwjdans4@naver.com',15,12345,to_date('22/11/29','RR/MM/DD'),100);
REM INSERTING into LEARN.QNA_BOOKMARK
SET DEFINE OFF;
REM INSERTING into LEARN.QNA_LIKE
SET DEFINE OFF;
Insert into LEARN.QNA_LIKE (USER_ID,BOARD_NO) values ('dldldlwjdans5@naver.com',27);
REM INSERTING into LEARN.QUESTION_ANSWER
SET DEFINE OFF;
Insert into LEARN.QUESTION_ANSWER (COMMENT_NO,USER_ID,BOARD_NO,GRADE,CATEGORY_NAME,COMMENT_CONTENT,COMMENT_REGDATE,ANSWER_ADOPT,COMMENT_FILE) values (10,'tester@naver.com',10,'일반회원',null,'<p>DDDD</p>',to_date('22/12/02','RR/MM/DD'),'FALSE',null);
Insert into LEARN.QUESTION_ANSWER (COMMENT_NO,USER_ID,BOARD_NO,GRADE,CATEGORY_NAME,COMMENT_CONTENT,COMMENT_REGDATE,ANSWER_ADOPT,COMMENT_FILE) values (11,'tester@naver.com',15,'일반회원',null,'<p>ssss</p>',to_date('22/12/02','RR/MM/DD'),'FALSE',null);
Insert into LEARN.QUESTION_ANSWER (COMMENT_NO,USER_ID,BOARD_NO,GRADE,CATEGORY_NAME,COMMENT_CONTENT,COMMENT_REGDATE,ANSWER_ADOPT,COMMENT_FILE) values (13,'tester@naver.com',12,'일반회원',null,'<p>ㄹㄹㄹㄹㄹㄹㄹㄹㄹㄹㄹㄹㄹㄹㄹㄹㄹㄹㄹㄹㄹㄹㄹㄹㄹㄹㄹㄹㄹㄹㄹㄹㄹㄹㄹㄹㄹㄹㄹㄹㄹㄹㄹㄹㄹㄹㄹㄹㄹㄹㄹㄹㄹㄹㄹㄹㄹㄹㄹㄹㄹㄹㄹㄹㄹㄹㄹㄹㄹㄹㄹㄹㄹㄹㄹㄹㄹㄹㄹㄹㄹㄹㄹㄹㄹㄹㄹㄹㄹㄹㄹㄹㄹㄹㄹㄹㄹㄹㄹㄹㄹㄹㄹㄹㄹㄹㄹㄹㄹㄹㄹㄹㄹㄹㄹㄹㄹㄹㄹㄹㄹㄹㄹㄹㄹㄹㄹㄹㄹㄹㄹㄹㄹㄹㄹㄹㄹㄹㄹㄹㄹㄹㄹㄹㄹㄹㄹㄹㄹㄹㄹㄹㄹㄹㄹㄹㄹㄹㄹㄹㄹㄹㄹㄹㄹㄹㄹㄹ<img src="/learn/resources/fileupload/e686be8a-9df9-4f5a-96d3-e904766f7131.png" style="width: 321.75px; height: 321.75px;"></p>',to_date('22/12/02','RR/MM/DD'),'FALSE',null);
Insert into LEARN.QUESTION_ANSWER (COMMENT_NO,USER_ID,BOARD_NO,GRADE,CATEGORY_NAME,COMMENT_CONTENT,COMMENT_REGDATE,ANSWER_ADOPT,COMMENT_FILE) values (12,'tester@naver.com',6,'일반회원',null,'<p>ㄹㄹㄹㄹ</p>',to_date('22/12/02','RR/MM/DD'),'FALSE',null);
Insert into LEARN.QUESTION_ANSWER (COMMENT_NO,USER_ID,BOARD_NO,GRADE,CATEGORY_NAME,COMMENT_CONTENT,COMMENT_REGDATE,ANSWER_ADOPT,COMMENT_FILE) values (41,'julie14s2@naver.com',28,'일반회원',null,'<p>답변달기 연습</p>',to_date('22/12/05','RR/MM/DD'),'FALSE',null);
Insert into LEARN.QUESTION_ANSWER (COMMENT_NO,USER_ID,BOARD_NO,GRADE,CATEGORY_NAME,COMMENT_CONTENT,COMMENT_REGDATE,ANSWER_ADOPT,COMMENT_FILE) values (42,'julie14s2@naver.com',28,'일반회원',null,'<p>답변달기 연습</p>',to_date('22/12/05','RR/MM/DD'),'FALSE',null);
Insert into LEARN.QUESTION_ANSWER (COMMENT_NO,USER_ID,BOARD_NO,GRADE,CATEGORY_NAME,COMMENT_CONTENT,COMMENT_REGDATE,ANSWER_ADOPT,COMMENT_FILE) values (43,'julie14s2@naver.com',28,'일반회원',null,'<p>ㅇㅇㅇㅇ</p>',to_date('22/12/05','RR/MM/DD'),'FALSE',null);
Insert into LEARN.QUESTION_ANSWER (COMMENT_NO,USER_ID,BOARD_NO,GRADE,CATEGORY_NAME,COMMENT_CONTENT,COMMENT_REGDATE,ANSWER_ADOPT,COMMENT_FILE) values (4,'tester@naver.com',12,'일반회원',null,'<p>ddddd</p>',to_date('22/12/02','RR/MM/DD'),'FALSE',null);
Insert into LEARN.QUESTION_ANSWER (COMMENT_NO,USER_ID,BOARD_NO,GRADE,CATEGORY_NAME,COMMENT_CONTENT,COMMENT_REGDATE,ANSWER_ADOPT,COMMENT_FILE) values (37,'tester@naver.com',22,'일반회원',null,'<p>글을씁니다</p>',to_date('22/12/05','RR/MM/DD'),'FALSE',null);
Insert into LEARN.QUESTION_ANSWER (COMMENT_NO,USER_ID,BOARD_NO,GRADE,CATEGORY_NAME,COMMENT_CONTENT,COMMENT_REGDATE,ANSWER_ADOPT,COMMENT_FILE) values (6,'tester@naver.com',15,'일반회원',null,'<p>ffffff</p>',to_date('22/12/02','RR/MM/DD'),'FALSE',null);
Insert into LEARN.QUESTION_ANSWER (COMMENT_NO,USER_ID,BOARD_NO,GRADE,CATEGORY_NAME,COMMENT_CONTENT,COMMENT_REGDATE,ANSWER_ADOPT,COMMENT_FILE) values (7,'tester@naver.com',15,'일반회원',null,'<p>ffff</p>',to_date('22/12/02','RR/MM/DD'),'FALSE',null);
Insert into LEARN.QUESTION_ANSWER (COMMENT_NO,USER_ID,BOARD_NO,GRADE,CATEGORY_NAME,COMMENT_CONTENT,COMMENT_REGDATE,ANSWER_ADOPT,COMMENT_FILE) values (33,'tester@naver.com',22,'일반회원',null,'<p>ㅁㅁㅁㄹㄹㄹㄹ</p>',to_date('22/12/05','RR/MM/DD'),'FALSE',null);
Insert into LEARN.QUESTION_ANSWER (COMMENT_NO,USER_ID,BOARD_NO,GRADE,CATEGORY_NAME,COMMENT_CONTENT,COMMENT_REGDATE,ANSWER_ADOPT,COMMENT_FILE) values (38,'tester@naver.com',22,'일반회원',null,'<p>ㄹㄹㄹ</p>',to_date('22/12/05','RR/MM/DD'),'FALSE',null);
Insert into LEARN.QUESTION_ANSWER (COMMENT_NO,USER_ID,BOARD_NO,GRADE,CATEGORY_NAME,COMMENT_CONTENT,COMMENT_REGDATE,ANSWER_ADOPT,COMMENT_FILE) values (23,'tester@naver.com',19,'일반회원',null,'<p>ㄱ</p>',to_date('22/12/05','RR/MM/DD'),'FALSE',null);
Insert into LEARN.QUESTION_ANSWER (COMMENT_NO,USER_ID,BOARD_NO,GRADE,CATEGORY_NAME,COMMENT_CONTENT,COMMENT_REGDATE,ANSWER_ADOPT,COMMENT_FILE) values (24,'tester@naver.com',19,'일반회원',null,'<p>ㄴ</p>',to_date('22/12/05','RR/MM/DD'),'FALSE',null);
Insert into LEARN.QUESTION_ANSWER (COMMENT_NO,USER_ID,BOARD_NO,GRADE,CATEGORY_NAME,COMMENT_CONTENT,COMMENT_REGDATE,ANSWER_ADOPT,COMMENT_FILE) values (25,'tester@naver.com',19,'일반회원',null,'<p>ㄹ</p>',to_date('22/12/05','RR/MM/DD'),'FALSE',null);
Insert into LEARN.QUESTION_ANSWER (COMMENT_NO,USER_ID,BOARD_NO,GRADE,CATEGORY_NAME,COMMENT_CONTENT,COMMENT_REGDATE,ANSWER_ADOPT,COMMENT_FILE) values (26,'tester@naver.com',19,'일반회원',null,'<p>ㅎ</p>',to_date('22/12/05','RR/MM/DD'),'FALSE',null);
Insert into LEARN.QUESTION_ANSWER (COMMENT_NO,USER_ID,BOARD_NO,GRADE,CATEGORY_NAME,COMMENT_CONTENT,COMMENT_REGDATE,ANSWER_ADOPT,COMMENT_FILE) values (27,'tester@naver.com',19,'일반회원',null,'<p>ㅗ</p>',to_date('22/12/05','RR/MM/DD'),'FALSE',null);
Insert into LEARN.QUESTION_ANSWER (COMMENT_NO,USER_ID,BOARD_NO,GRADE,CATEGORY_NAME,COMMENT_CONTENT,COMMENT_REGDATE,ANSWER_ADOPT,COMMENT_FILE) values (28,'tester@naver.com',19,'일반회원',null,'<p>ㅁ</p>',to_date('22/12/05','RR/MM/DD'),'FALSE',null);
Insert into LEARN.QUESTION_ANSWER (COMMENT_NO,USER_ID,BOARD_NO,GRADE,CATEGORY_NAME,COMMENT_CONTENT,COMMENT_REGDATE,ANSWER_ADOPT,COMMENT_FILE) values (29,'tester@naver.com',19,'일반회원',null,'<p>ㅇ</p>',to_date('22/12/05','RR/MM/DD'),'FALSE',null);
Insert into LEARN.QUESTION_ANSWER (COMMENT_NO,USER_ID,BOARD_NO,GRADE,CATEGORY_NAME,COMMENT_CONTENT,COMMENT_REGDATE,ANSWER_ADOPT,COMMENT_FILE) values (31,'julie14s2@naver.com',22,'일반회원',null,'<p>dddd</p>',to_date('22/12/05','RR/MM/DD'),'FALSE',null);
Insert into LEARN.QUESTION_ANSWER (COMMENT_NO,USER_ID,BOARD_NO,GRADE,CATEGORY_NAME,COMMENT_CONTENT,COMMENT_REGDATE,ANSWER_ADOPT,COMMENT_FILE) values (35,'tester@naver.com',22,'일반회원',null,'<p>ㅁㅁㅁㅁㅁ</p>',to_date('22/12/05','RR/MM/DD'),'FALSE',null);
Insert into LEARN.QUESTION_ANSWER (COMMENT_NO,USER_ID,BOARD_NO,GRADE,CATEGORY_NAME,COMMENT_CONTENT,COMMENT_REGDATE,ANSWER_ADOPT,COMMENT_FILE) values (36,'tester@naver.com',22,'일반회원',null,'<p>ㅇㅇㅇ</p>',to_date('22/12/05','RR/MM/DD'),'FALSE',null);
Insert into LEARN.QUESTION_ANSWER (COMMENT_NO,USER_ID,BOARD_NO,GRADE,CATEGORY_NAME,COMMENT_CONTENT,COMMENT_REGDATE,ANSWER_ADOPT,COMMENT_FILE) values (39,'julie14s2@naver.com',22,'일반회원',null,'<p>글쓰기</p>',to_date('22/12/05','RR/MM/DD'),'FALSE',null);
Insert into LEARN.QUESTION_ANSWER (COMMENT_NO,USER_ID,BOARD_NO,GRADE,CATEGORY_NAME,COMMENT_CONTENT,COMMENT_REGDATE,ANSWER_ADOPT,COMMENT_FILE) values (40,'julie14s2@naver.com',22,'일반회원',null,'<p>ㄱㄱㄱ글을 입력합니다</p>',to_date('22/12/05','RR/MM/DD'),'FALSE',null);
Insert into LEARN.QUESTION_ANSWER (COMMENT_NO,USER_ID,BOARD_NO,GRADE,CATEGORY_NAME,COMMENT_CONTENT,COMMENT_REGDATE,ANSWER_ADOPT,COMMENT_FILE) values (14,'tester@naver.com',17,'일반회원',null,'<p>dddd</p>',to_date('22/12/02','RR/MM/DD'),'FALSE',null);
Insert into LEARN.QUESTION_ANSWER (COMMENT_NO,USER_ID,BOARD_NO,GRADE,CATEGORY_NAME,COMMENT_CONTENT,COMMENT_REGDATE,ANSWER_ADOPT,COMMENT_FILE) values (19,'tester@naver.com',21,'일반회원',null,'<p>ㄱㄱㄱ</p>',to_date('22/12/05','RR/MM/DD'),'FALSE',null);
REM INSERTING into LEARN.QUESTION_ANSWER_COMMENT
SET DEFINE OFF;
Insert into LEARN.QUESTION_ANSWER_COMMENT (COMMENT2_NO,COMMENT_NO,USER_ID,GRADE,CATEGORY_NAME,COMMENT2_CONTENT,COMMENT2_REGDATE) values (7,41,'julie14s2@naver.com','일반회원',null,'ㅎㅎㅎ',to_date('22/12/05','RR/MM/DD'));
Insert into LEARN.QUESTION_ANSWER_COMMENT (COMMENT2_NO,COMMENT_NO,USER_ID,GRADE,CATEGORY_NAME,COMMENT2_CONTENT,COMMENT2_REGDATE) values (3,31,'tester@naver.com','일반회원',null,'<p>ㅁㅁ</p>',to_date('22/12/05','RR/MM/DD'));
Insert into LEARN.QUESTION_ANSWER_COMMENT (COMMENT2_NO,COMMENT_NO,USER_ID,GRADE,CATEGORY_NAME,COMMENT2_CONTENT,COMMENT2_REGDATE) values (16,41,'tester@naver.com','일반회원',null,'hhh',to_date('22/12/05','RR/MM/DD'));
Insert into LEARN.QUESTION_ANSWER_COMMENT (COMMENT2_NO,COMMENT_NO,USER_ID,GRADE,CATEGORY_NAME,COMMENT2_CONTENT,COMMENT2_REGDATE) values (9,43,'tester@naver.com','일반회원',null,'ggg',to_date('22/12/05','RR/MM/DD'));
Insert into LEARN.QUESTION_ANSWER_COMMENT (COMMENT2_NO,COMMENT_NO,USER_ID,GRADE,CATEGORY_NAME,COMMENT2_CONTENT,COMMENT2_REGDATE) values (10,42,'tester@naver.com','일반회원',null,'aaa',to_date('22/12/05','RR/MM/DD'));
Insert into LEARN.QUESTION_ANSWER_COMMENT (COMMENT2_NO,COMMENT_NO,USER_ID,GRADE,CATEGORY_NAME,COMMENT2_CONTENT,COMMENT2_REGDATE) values (15,41,'tester@naver.com','일반회원',null,'ggg',to_date('22/12/05','RR/MM/DD'));
Insert into LEARN.QUESTION_ANSWER_COMMENT (COMMENT2_NO,COMMENT_NO,USER_ID,GRADE,CATEGORY_NAME,COMMENT2_CONTENT,COMMENT2_REGDATE) values (13,42,'tester@naver.com','일반회원',null,'aaaa',to_date('22/12/05','RR/MM/DD'));
Insert into LEARN.QUESTION_ANSWER_COMMENT (COMMENT2_NO,COMMENT_NO,USER_ID,GRADE,CATEGORY_NAME,COMMENT2_CONTENT,COMMENT2_REGDATE) values (4,31,'julie14s2@naver.com','일반회원',null,'<p>dddd</p>',to_date('22/12/05','RR/MM/DD'));
Insert into LEARN.QUESTION_ANSWER_COMMENT (COMMENT2_NO,COMMENT_NO,USER_ID,GRADE,CATEGORY_NAME,COMMENT2_CONTENT,COMMENT2_REGDATE) values (6,31,'julie14s2@naver.com','일반회원',null,'<p>ddd</p>',to_date('22/12/05','RR/MM/DD'));
Insert into LEARN.QUESTION_ANSWER_COMMENT (COMMENT2_NO,COMMENT_NO,USER_ID,GRADE,CATEGORY_NAME,COMMENT2_CONTENT,COMMENT2_REGDATE) values (5,31,'julie14s2@naver.com','일반회원',null,'<p>ssss</p>',to_date('22/12/05','RR/MM/DD'));
REM INSERTING into LEARN.QUESTION_BOARD
SET DEFINE OFF;
Insert into LEARN.QUESTION_BOARD (QBOARD_NO,LECTURE_NO,USER_ID,GRADE,CATEGORY_NAME,BOARD_TITLE,BOARD_CONTENT,BOARD_REGDATE,BOARD_ADOPT,BOARD_HIT,BOARD_LIKE,BOARD_FILE,COMMENT_CNT) values (7,null,'tester@naver.com','일반회원',null,'ㄴㅇㄹ','<p>ㄴㅇㄹ</p>',to_date('22/11/29','RR/MM/DD'),'FALSE',2,0,null,0);
Insert into LEARN.QUESTION_BOARD (QBOARD_NO,LECTURE_NO,USER_ID,GRADE,CATEGORY_NAME,BOARD_TITLE,BOARD_CONTENT,BOARD_REGDATE,BOARD_ADOPT,BOARD_HIT,BOARD_LIKE,BOARD_FILE,COMMENT_CNT) values (2,null,'tester@naver.com','일반회원',null,'글 확인','<p>확인용</p>',to_date('22/11/29','RR/MM/DD'),'FALSE',1,0,null,0);
Insert into LEARN.QUESTION_BOARD (QBOARD_NO,LECTURE_NO,USER_ID,GRADE,CATEGORY_NAME,BOARD_TITLE,BOARD_CONTENT,BOARD_REGDATE,BOARD_ADOPT,BOARD_HIT,BOARD_LIKE,BOARD_FILE,COMMENT_CNT) values (3,null,'tester@naver.com','일반회원',null,'ffff','<p>ffff</p>',to_date('22/11/29','RR/MM/DD'),'FALSE',1,0,null,0);
Insert into LEARN.QUESTION_BOARD (QBOARD_NO,LECTURE_NO,USER_ID,GRADE,CATEGORY_NAME,BOARD_TITLE,BOARD_CONTENT,BOARD_REGDATE,BOARD_ADOPT,BOARD_HIT,BOARD_LIKE,BOARD_FILE,COMMENT_CNT) values (4,null,'tester@naver.com','일반회원',null,'글쓰기 연습','<p>ㅎㅎㅎㅎ</p>',to_date('22/11/29','RR/MM/DD'),'FALSE',1,0,null,0);
Insert into LEARN.QUESTION_BOARD (QBOARD_NO,LECTURE_NO,USER_ID,GRADE,CATEGORY_NAME,BOARD_TITLE,BOARD_CONTENT,BOARD_REGDATE,BOARD_ADOPT,BOARD_HIT,BOARD_LIKE,BOARD_FILE,COMMENT_CNT) values (8,null,'tester@naver.com','일반회원',null,'ㅀㄹㅇ','<p>ㅀㅇㄹ</p>',to_date('22/11/29','RR/MM/DD'),'FALSE',4,0,null,-1);
Insert into LEARN.QUESTION_BOARD (QBOARD_NO,LECTURE_NO,USER_ID,GRADE,CATEGORY_NAME,BOARD_TITLE,BOARD_CONTENT,BOARD_REGDATE,BOARD_ADOPT,BOARD_HIT,BOARD_LIKE,BOARD_FILE,COMMENT_CNT) values (5,null,'tester@naver.com','일반회원',null,'ㅎㅎㅎ','<p>ㅎㅎㅎ</p>',to_date('22/11/29','RR/MM/DD'),'FALSE',2,1,null,0);
Insert into LEARN.QUESTION_BOARD (QBOARD_NO,LECTURE_NO,USER_ID,GRADE,CATEGORY_NAME,BOARD_TITLE,BOARD_CONTENT,BOARD_REGDATE,BOARD_ADOPT,BOARD_HIT,BOARD_LIKE,BOARD_FILE,COMMENT_CNT) values (6,null,'tester@naver.com','일반회원',null,'ㄴㄴㄴ','<p>ㄴㄴㄴ</p>',to_date('22/11/29','RR/MM/DD'),'TRUE',3,0,null,1);
Insert into LEARN.QUESTION_BOARD (QBOARD_NO,LECTURE_NO,USER_ID,GRADE,CATEGORY_NAME,BOARD_TITLE,BOARD_CONTENT,BOARD_REGDATE,BOARD_ADOPT,BOARD_HIT,BOARD_LIKE,BOARD_FILE,COMMENT_CNT) values (9,null,'tester@naver.com','일반회원',null,'ㅜㅜ','<p>ㅎㅎㅎ</p>',to_date('22/11/29','RR/MM/DD'),'FALSE',1,0,null,0);
Insert into LEARN.QUESTION_BOARD (QBOARD_NO,LECTURE_NO,USER_ID,GRADE,CATEGORY_NAME,BOARD_TITLE,BOARD_CONTENT,BOARD_REGDATE,BOARD_ADOPT,BOARD_HIT,BOARD_LIKE,BOARD_FILE,COMMENT_CNT) values (10,null,'tester@naver.com','일반회원',null,'ㅀㅀ','<p>ㄴㄴㄴ</p>',to_date('22/11/29','RR/MM/DD'),'TRUE',4,0,null,1);
Insert into LEARN.QUESTION_BOARD (QBOARD_NO,LECTURE_NO,USER_ID,GRADE,CATEGORY_NAME,BOARD_TITLE,BOARD_CONTENT,BOARD_REGDATE,BOARD_ADOPT,BOARD_HIT,BOARD_LIKE,BOARD_FILE,COMMENT_CNT) values (11,null,'tester@naver.com','일반회원',null,'ㅗㅗㅗㅗ','<p>ㄴㄴㄴㄴ</p>',to_date('22/11/29','RR/MM/DD'),'FALSE',0,0,null,0);
Insert into LEARN.QUESTION_BOARD (QBOARD_NO,LECTURE_NO,USER_ID,GRADE,CATEGORY_NAME,BOARD_TITLE,BOARD_CONTENT,BOARD_REGDATE,BOARD_ADOPT,BOARD_HIT,BOARD_LIKE,BOARD_FILE,COMMENT_CNT) values (12,null,'tester@naver.com','일반회원',null,'글쓰기','<p>합니다</p>',to_date('22/11/30','RR/MM/DD'),'FALSE',28,0,null,1);
Insert into LEARN.QUESTION_BOARD (QBOARD_NO,LECTURE_NO,USER_ID,GRADE,CATEGORY_NAME,BOARD_TITLE,BOARD_CONTENT,BOARD_REGDATE,BOARD_ADOPT,BOARD_HIT,BOARD_LIKE,BOARD_FILE,COMMENT_CNT) values (17,null,'tester@naver.com','일반회원',null,'ㅇㅇffffff','ㅇㅇffffff',to_date('22/12/02','RR/MM/DD'),'FALSE',38,0,null,1);
Insert into LEARN.QUESTION_BOARD (QBOARD_NO,LECTURE_NO,USER_ID,GRADE,CATEGORY_NAME,BOARD_TITLE,BOARD_CONTENT,BOARD_REGDATE,BOARD_ADOPT,BOARD_HIT,BOARD_LIKE,BOARD_FILE,COMMENT_CNT) values (24,null,'julie14s2@naver.com','일반회원',null,'다시 글 씁니다','<p>ㅎㅎㅎ</p>',to_date('22/12/05','RR/MM/DD'),'FALSE',0,0,null,0);
Insert into LEARN.QUESTION_BOARD (QBOARD_NO,LECTURE_NO,USER_ID,GRADE,CATEGORY_NAME,BOARD_TITLE,BOARD_CONTENT,BOARD_REGDATE,BOARD_ADOPT,BOARD_HIT,BOARD_LIKE,BOARD_FILE,COMMENT_CNT) values (25,null,'julie14s2@naver.com','일반회원',null,'ㅋㅋㅋㅋ','<p>ㅋㅋㅋ</p>',to_date('22/12/05','RR/MM/DD'),'FALSE',0,0,null,0);
Insert into LEARN.QUESTION_BOARD (QBOARD_NO,LECTURE_NO,USER_ID,GRADE,CATEGORY_NAME,BOARD_TITLE,BOARD_CONTENT,BOARD_REGDATE,BOARD_ADOPT,BOARD_HIT,BOARD_LIKE,BOARD_FILE,COMMENT_CNT) values (26,null,'julie14s2@naver.com','일반회원',null,'ㄹㄹㄹ','<p>ㄹㄹㄹㄹ</p>',to_date('22/12/05','RR/MM/DD'),'FALSE',3,0,null,0);
Insert into LEARN.QUESTION_BOARD (QBOARD_NO,LECTURE_NO,USER_ID,GRADE,CATEGORY_NAME,BOARD_TITLE,BOARD_CONTENT,BOARD_REGDATE,BOARD_ADOPT,BOARD_HIT,BOARD_LIKE,BOARD_FILE,COMMENT_CNT) values (27,null,'julie14s2@naver.com','일반회원',null,'fff','<p>ggg</p>',to_date('22/12/05','RR/MM/DD'),'FALSE',3,1,null,0);
Insert into LEARN.QUESTION_BOARD (QBOARD_NO,LECTURE_NO,USER_ID,GRADE,CATEGORY_NAME,BOARD_TITLE,BOARD_CONTENT,BOARD_REGDATE,BOARD_ADOPT,BOARD_HIT,BOARD_LIKE,BOARD_FILE,COMMENT_CNT) values (28,null,'julie14s2@naver.com','일반회원',null,'ㅇㅇ','<p>ㅇㅇㅇ</p>',to_date('22/12/05','RR/MM/DD'),'FALSE',42,-6,null,3);
Insert into LEARN.QUESTION_BOARD (QBOARD_NO,LECTURE_NO,USER_ID,GRADE,CATEGORY_NAME,BOARD_TITLE,BOARD_CONTENT,BOARD_REGDATE,BOARD_ADOPT,BOARD_HIT,BOARD_LIKE,BOARD_FILE,COMMENT_CNT) values (14,null,'tester@naver.com','일반회원',null,'글 겁나 쓰기','글 겁나 쓰기',to_date('22/11/30','RR/MM/DD'),'TRUE',67,1,null,0);
Insert into LEARN.QUESTION_BOARD (QBOARD_NO,LECTURE_NO,USER_ID,GRADE,CATEGORY_NAME,BOARD_TITLE,BOARD_CONTENT,BOARD_REGDATE,BOARD_ADOPT,BOARD_HIT,BOARD_LIKE,BOARD_FILE,COMMENT_CNT) values (15,null,'tester@naver.com','일반회원',null,'ㅇㅇㅇㅇ','<p>ㄹㄹㄹ<img style="width: 200px;" src="/learn/resources/fileupload/eb9c3e1e-074f-459d-90e5-4d2a7008480e.png"></p>',to_date('22/11/30','RR/MM/DD'),'FALSE',53,0,null,-1);
Insert into LEARN.QUESTION_BOARD (QBOARD_NO,LECTURE_NO,USER_ID,GRADE,CATEGORY_NAME,BOARD_TITLE,BOARD_CONTENT,BOARD_REGDATE,BOARD_ADOPT,BOARD_HIT,BOARD_LIKE,BOARD_FILE,COMMENT_CNT) values (13,null,'tester@naver.com','일반회원',null,'ㅇㅇㅇㅇ','<p>ㅇㅇㅇㅇ<img style="width: 200px;" src="/learn/resources/fileupload/500a9db9-9569-4fab-a40d-a3879707707d.png"></p>',to_date('22/11/30','RR/MM/DD'),'FALSE',7,0,null,0);
Insert into LEARN.QUESTION_BOARD (QBOARD_NO,LECTURE_NO,USER_ID,GRADE,CATEGORY_NAME,BOARD_TITLE,BOARD_CONTENT,BOARD_REGDATE,BOARD_ADOPT,BOARD_HIT,BOARD_LIKE,BOARD_FILE,COMMENT_CNT) values (16,null,'tester@naver.com','일반회원',null,'ㄹㄹㄹㄹ','<p>ㄹㄹㄹㄹㄹㄹㄹㄹㄹㄹㄹㄹㄹㄹㄹㄹㄹㄹㄹㄹㄹㄹㄹㄹㄹㄹㄹㄹㄹㄹㄹㄹㄹㄹㄹㄹㄹㄹㄹㄹㄹㄹㄹㄹㄹㄹㄹㄹㄹㄹㄹㄹㄹㄹㄹㄹㄹㄹㄹㄹㄹㄹㄹㄹㄹㄹㄹㄹㄹㄹㄹㄹㄹㄹㄹㄹㄹㄹㄹㄹㄹㄹㄹㄹㄹㄹㄹㄹㄹㄹㄹㄹㄹㄹㄹㄹㄹㄹㄹㄹㄹㄹㄹㄹㄹㄹㄹㄹㄹㄹㄹㄹㄹㄹㄹㄹㄹㄹㄹㄹㄹㄹㄹㄹㄹㄹㄹㄹㄹㄹㄹㄹㄹ</p>',to_date('22/11/18','RR/MM/DD'),'FALSE',249,1,null,0);
Insert into LEARN.QUESTION_BOARD (QBOARD_NO,LECTURE_NO,USER_ID,GRADE,CATEGORY_NAME,BOARD_TITLE,BOARD_CONTENT,BOARD_REGDATE,BOARD_ADOPT,BOARD_HIT,BOARD_LIKE,BOARD_FILE,COMMENT_CNT) values (20,null,'tester@naver.com','일반회원',null,'글쓰기','<p>글을 써봅시다</p>',to_date('22/12/05','RR/MM/DD'),'FALSE',1,0,null,0);
Insert into LEARN.QUESTION_BOARD (QBOARD_NO,LECTURE_NO,USER_ID,GRADE,CATEGORY_NAME,BOARD_TITLE,BOARD_CONTENT,BOARD_REGDATE,BOARD_ADOPT,BOARD_HIT,BOARD_LIKE,BOARD_FILE,COMMENT_CNT) values (21,null,'tester@naver.com','일반회원',null,'다시 글 쓰기','<p>씁니다 글&nbsp;<img style="width: 200px;" src="/learn/resources/fileupload/8a87303d-36f8-45d1-ae82-96bbf9f27f79.png"></p>',to_date('22/12/05','RR/MM/DD'),'FALSE',5,0,null,1);
Insert into LEARN.QUESTION_BOARD (QBOARD_NO,LECTURE_NO,USER_ID,GRADE,CATEGORY_NAME,BOARD_TITLE,BOARD_CONTENT,BOARD_REGDATE,BOARD_ADOPT,BOARD_HIT,BOARD_LIKE,BOARD_FILE,COMMENT_CNT) values (19,null,'tester@naver.com','일반회원',null,'fgdfg','fgdfg',to_date('22/12/02','RR/MM/DD'),'FALSE',11,0,null,7);
Insert into LEARN.QUESTION_BOARD (QBOARD_NO,LECTURE_NO,USER_ID,GRADE,CATEGORY_NAME,BOARD_TITLE,BOARD_CONTENT,BOARD_REGDATE,BOARD_ADOPT,BOARD_HIT,BOARD_LIKE,BOARD_FILE,COMMENT_CNT) values (22,null,'tester@naver.com','일반회원',null,'ㄹㄹㄹ','<p>ㄹㄹㄹ</p>',to_date('22/12/05','RR/MM/DD'),'FALSE',124,0,null,6);
Insert into LEARN.QUESTION_BOARD (QBOARD_NO,LECTURE_NO,USER_ID,GRADE,CATEGORY_NAME,BOARD_TITLE,BOARD_CONTENT,BOARD_REGDATE,BOARD_ADOPT,BOARD_HIT,BOARD_LIKE,BOARD_FILE,COMMENT_CNT) values (23,null,'julie14s2@naver.com','일반회원',null,'글을 써봅니다ㅎㅎㅎㅎ','<p><img style="width: 200px;" src="/learn/resources/fileupload/43555999-f147-4a9b-89c8-8e4b5117d911.png">하하하하ㅎㅎㅎㅎㅎ</p>',to_date('22/12/05','RR/MM/DD'),'FALSE',7,1,null,0);
REM INSERTING into LEARN.REPORT_RESULT
SET DEFINE OFF;
Insert into LEARN.REPORT_RESULT (RESULT_NO,RESULT_ID,RESULT_TITLE,RESULT_CONTENT,RESULT_REGDATE) values (4,'tester@naver.com','신고처리될 예정','<p>신고신고</p>',to_date('22/12/07','RR/MM/DD'));
Insert into LEARN.REPORT_RESULT (RESULT_NO,RESULT_ID,RESULT_TITLE,RESULT_CONTENT,RESULT_REGDATE) values (3,'julie14s2@naver.com','ㄹㄹㄹ 글쓰기 연습 0418','<p>ㅎㅎㅎ</p>',to_date('22/12/05','RR/MM/DD'));
Insert into LEARN.REPORT_RESULT (RESULT_NO,RESULT_ID,RESULT_TITLE,RESULT_CONTENT,RESULT_REGDATE) values (1,'khjz0919@nate.com','제목!!!','!!!!!!',to_date('22/12/02','RR/MM/DD'));
Insert into LEARN.REPORT_RESULT (RESULT_NO,RESULT_ID,RESULT_TITLE,RESULT_CONTENT,RESULT_REGDATE) values (2,'tester@naver.com','ggg','<p>ggggg</p><p>gggg</p>',to_date('22/12/02','RR/MM/DD'));
REM INSERTING into LEARN.RESUME
SET DEFINE OFF;
Insert into LEARN.RESUME (USER_ID,CATEGORY_NAME,USER_NAME,USER_TEL,USER_INTRODUCE,USER_LINK,RESUME_STATUS,REGDATE) values ('dldldlwjdans4@naver.com','테스트','테스트3','010-4444-4444','테스트','http://www.test.com','false',to_date('22/11/01','RR/MM/DD'));
Insert into LEARN.RESUME (USER_ID,CATEGORY_NAME,USER_NAME,USER_TEL,USER_INTRODUCE,USER_LINK,RESUME_STATUS,REGDATE) values ('s2skkim1993@gmail.com','테스트','테스트','010-2222-2222','테스트','http://www.test.com','false',to_date('22/11/15','RR/MM/DD'));
Insert into LEARN.RESUME (USER_ID,CATEGORY_NAME,USER_NAME,USER_TEL,USER_INTRODUCE,USER_LINK,RESUME_STATUS,REGDATE) values ('khjz0919@nate.com','테스트','테스트','010-1111-1111','테스트','http://www.test.com','true',to_date('22/12/01','RR/MM/DD'));
Insert into LEARN.RESUME (USER_ID,CATEGORY_NAME,USER_NAME,USER_TEL,USER_INTRODUCE,USER_LINK,RESUME_STATUS,REGDATE) values ('testMember@test.com','테스트','테스트','010-1234-1234','테스트','http://www.test.com','true',to_date('22/12/01','RR/MM/DD'));
REM INSERTING into LEARN.ROADMAP
SET DEFINE OFF;
Insert into LEARN.ROADMAP (RBOARD_NO,USER_ID,RBOARD_TITLE,RBOARD_CONTENT,LECTURE_LIST,CATEGORY_NAME,RBOARD_COVERIMG,USER_COUNT,USER_NAME) values ('7','dldldlwjdans5@naver.com','주식 퀀트(Quant) 투자로 배워보는 모두를 위한 파이썬(Python)','<pre style="color: rgb(8, 8, 8); font-family: &quot;D2Coding ligature&quot;, monospace; font-size: 13.5pt;"><h3 style="margin: 40px 0px 10px; padding: 0px; font-size: 22px; color: rgb(52, 58, 64); line-height: 1.45; letter-spacing: -0.3px; font-family: Pretendard, -apple-system, BlinkMacSystemFont, system-ui, Roboto, &quot;Helvetica Neue&quot;, &quot;Segoe UI&quot;, &quot;Apple SD Gothic Neo&quot;, &quot;Noto Sans KR&quot;, &quot;Malgun Gothic&quot;, &quot;Apple Color Emoji&quot;, &quot;Segoe UI Emoji&quot;, &quot;Segoe UI Symbol&quot;, sans-serif; white-space: normal; text-align: justify;"><span style="color: inherit; font-weight: bolder;">파이썬 + 퀀트투자 커리큘럼은&nbsp;<br>이렇게 만들어졌습니다.</span></h3><p style="margin-right: 0px; margin-bottom: 8px; margin-left: 0px; padding: 0px; line-height: 1.69; font-size: 16px; letter-spacing: -0.3px; color: rgb(73, 80, 87); font-family: Pretendard, -apple-system, BlinkMacSystemFont, system-ui, Roboto, &quot;Helvetica Neue&quot;, &quot;Segoe UI&quot;, &quot;Apple SD Gothic Neo&quot;, &quot;Noto Sans KR&quot;, &quot;Malgun Gothic&quot;, &quot;Apple Color Emoji&quot;, &quot;Segoe UI Emoji&quot;, &quot;Segoe UI Symbol&quot;, sans-serif; white-space: normal;"><span style="color: inherit; font-weight: bolder; font-size: medium;"><img src="https://cdn.inflearn.com/public/files/posts/4c2d42b2-5d2c-4719-ba0c-3da9eea6b08f/Picture1.png" alt="" width="600" height="396" style="height: auto; max-width: 100%; display: block; margin-left: auto; margin-right: auto;"></span></p><p style="margin-right: 0px; margin-bottom: 8px; margin-left: 0px; padding: 10px 0px 0px; line-height: 1.69; font-size: 16px; letter-spacing: -0.3px; color: rgb(73, 80, 87); font-family: Pretendard, -apple-system, BlinkMacSystemFont, system-ui, Roboto, &quot;Helvetica Neue&quot;, &quot;Segoe UI&quot;, &quot;Apple SD Gothic Neo&quot;, &quot;Noto Sans KR&quot;, &quot;Malgun Gothic&quot;, &quot;Apple Color Emoji&quot;, &quot;Segoe UI Emoji&quot;, &quot;Segoe UI Symbol&quot;, sans-serif; white-space: normal;">시중의 강의들이 입문자들이 프로그래밍에 입문하면서 가려워하는 부분을 긁어주지 못하는 것 같아 직접 커리큘럼을 제작했습니다.</p><ul style="margin-right: 0px; margin-bottom: 18px; margin-left: 18px; padding: 0px 0px 0px 10px; list-style-position: inside; list-style-image: initial; letter-spacing: -0.3px; color: rgb(0, 10, 18); font-family: Pretendard, -apple-system, BlinkMacSystemFont, system-ui, Roboto, &quot;Helvetica Neue&quot;, &quot;Segoe UI&quot;, &quot;Apple SD Gothic Neo&quot;, &quot;Noto Sans KR&quot;, &quot;Malgun Gothic&quot;, &quot;Apple Color Emoji&quot;, &quot;Segoe UI Emoji&quot;, &quot;Segoe UI Symbol&quot;, sans-serif; font-size: 16px; white-space: normal;"><li style="margin: 0px 0px 2px; padding: 0px; line-height: 1.69; color: rgb(73, 80, 87); font-size: 0.95rem; word-break: break-all;">사실 배우는 내용(What) 자체는 어떤 강의나 책을 봐도 크게 차이가 없습니다.</li><li style="margin: 0.25em 0px 2px; padding: 0px; line-height: 1.69; color: rgb(73, 80, 87); font-size: 0.95rem; word-break: break-all;">다만 적어도 프로그래밍을 학습하는 데 있어서는, 우리가 지금까지 기계적으로 암기하며 공부했던 입시와는 다른 관점으로 접근해야 됨을 전달하고 싶었습니다.</li></ul></pre>','1/4/3/6/7/','데이터 사이언스','44427e83-83d9-41c3-aaca-10a5eeb47134',0,'홍기리리동');
Insert into LEARN.ROADMAP (RBOARD_NO,USER_ID,RBOARD_TITLE,RBOARD_CONTENT,LECTURE_LIST,CATEGORY_NAME,RBOARD_COVERIMG,USER_COUNT,USER_NAME) values ('8','dldldlwjdans5@naver.com','R로 정복하는 데이터 분석','<p style="margin-right: 0px; margin-bottom: 8px; margin-left: 0px; padding: 0px; line-height: 1.69; letter-spacing: -0.3px; color: rgb(73, 80, 87); font-family: Pretendard, -apple-system, BlinkMacSystemFont, system-ui, Roboto, &quot;Helvetica Neue&quot;, &quot;Segoe UI&quot;, &quot;Apple SD Gothic Neo&quot;, &quot;Noto Sans KR&quot;, &quot;Malgun Gothic&quot;, &quot;Apple Color Emoji&quot;, &quot;Segoe UI Emoji&quot;, &quot;Segoe UI Symbol&quot;, sans-serif;"><img src="https://cdn.inflearn.com/public/files/posts/8ba90d6d-a3a4-4c45-9bbd-3b0a96bb13c8/Rdata_img_0.png" title="Rdata_img_0.png" width="1350" height="900" style="height: auto; max-width: 100%; display: block; padding-top: 10px;"></p><p style="margin-right: 0px; margin-bottom: 8px; margin-left: 0px; padding: 10px 0px 0px; line-height: 1.69; letter-spacing: -0.3px; color: rgb(73, 80, 87); font-family: Pretendard, -apple-system, BlinkMacSystemFont, system-ui, Roboto, &quot;Helvetica Neue&quot;, &quot;Segoe UI&quot;, &quot;Apple SD Gothic Neo&quot;, &quot;Noto Sans KR&quot;, &quot;Malgun Gothic&quot;, &quot;Apple Color Emoji&quot;, &quot;Segoe UI Emoji&quot;, &quot;Segoe UI Symbol&quot;, sans-serif;"><img src="https://cdn.inflearn.com/public/files/posts/ca206cec-d61d-43c4-b661-9a36d651537e/Rdata_img_1.png" title="Rdata_img_1.png" width="1350" height="900" style="height: auto; max-width: 100%; display: block;"></p><h3 style="margin: 40px 0px 10px; padding: 0px; font-size: 22px; color: rgb(52, 58, 64); line-height: 1.45; letter-spacing: -0.3px; font-family: Pretendard, -apple-system, BlinkMacSystemFont, system-ui, Roboto, &quot;Helvetica Neue&quot;, &quot;Segoe UI&quot;, &quot;Apple SD Gothic Neo&quot;, &quot;Noto Sans KR&quot;, &quot;Malgun Gothic&quot;, &quot;Apple Color Emoji&quot;, &quot;Segoe UI Emoji&quot;, &quot;Segoe UI Symbol&quot;, sans-serif;">데이터 분석은 결국,<br>R을 하게 되어있어요.</h3><p style="margin-right: 0px; margin-bottom: 8px; margin-left: 0px; padding: 0px; line-height: 1.69; letter-spacing: -0.3px; color: rgb(73, 80, 87); font-family: Pretendard, -apple-system, BlinkMacSystemFont, system-ui, Roboto, &quot;Helvetica Neue&quot;, &quot;Segoe UI&quot;, &quot;Apple SD Gothic Neo&quot;, &quot;Noto Sans KR&quot;, &quot;Malgun Gothic&quot;, &quot;Apple Color Emoji&quot;, &quot;Segoe UI Emoji&quot;, &quot;Segoe UI Symbol&quot;, sans-serif;">바야흐로 ‘지능화’라는 말이 유행이죠. 사물인터넷(IoT)과 빅데이터, 인공지능(AI)과 같은 데이터 기반 기술의 중요성이 커지면서 자동화와 정보화에서 한 발짝 더 나아간 시대가 되었다는 얘기인데요, 더 넓은 세상을 이해하기 위해서는&nbsp;<span style="color: inherit; font-weight: bolder;">우리 곁의 수많은 데이터를 파악하는 능력이 필수입니다.</span></p>','3/5/6/','데이터 사이언스','21a442d8-81f2-4f2b-92ff-08924298cf09',0,'홍기리리동');
Insert into LEARN.ROADMAP (RBOARD_NO,USER_ID,RBOARD_TITLE,RBOARD_CONTENT,LECTURE_LIST,CATEGORY_NAME,RBOARD_COVERIMG,USER_COUNT,USER_NAME) values ('1','dldldlwjdans5@naver.com','우아한형제들 최연소 기술이사 김영한의 스프링 완전 정복','<p style="margin-right: 0px; margin-bottom: 8px; margin-left: 0px; padding: 0px; line-height: 1.69; letter-spacing: -0.3px; color: rgb(73, 80, 87); font-family: Pretendard, -apple-system, BlinkMacSystemFont, system-ui, Roboto, "Helvetica Neue", "Segoe UI", "Apple SD Gothic Neo", "Noto Sans KR", "Malgun Gothic", "Apple Color Emoji", "Segoe UI Emoji", "Segoe UI Symbol", sans-serif;"><img src="https://cdn.inflearn.com/public/files/posts/7bee8abe-e504-4eeb-a0c9-37c478d786e7/373-renew-1.jpg" title="373-renew-1.jpg" width="947" height="5010" style="height: auto; max-width: 100%; display: block; margin-left: auto; margin-right: auto;"></p><p style="margin-right: 0px; margin-bottom: 8px; margin-left: 0px; padding: 10px 0px 0px; line-height: 1.69; letter-spacing: -0.3px; color: rgb(73, 80, 87); font-family: Pretendard, -apple-system, BlinkMacSystemFont, system-ui, Roboto, "Helvetica Neue", "Segoe UI", "Apple SD Gothic Neo", "Noto Sans KR", "Malgun Gothic", "Apple Color Emoji", "Segoe UI Emoji", "Segoe UI Symbol", sans-serif;"><img src="https://cdn.inflearn.com/public/files/posts/5aa96577-3805-4407-a6d6-6c81f870263b/373-renew-2.jpg" title="373-renew-2.jpg" width="947" height="5029" style="height: auto; max-width: 100%; display: block; margin-left: auto; margin-right: auto;"></p><p style="margin-right: 0px; margin-bottom: 8px; margin-left: 0px; padding: 10px 0px 0px; line-height: 1.69; letter-spacing: -0.3px; color: rgb(73, 80, 87); font-family: Pretendard, -apple-system, BlinkMacSystemFont, system-ui, Roboto, "Helvetica Neue", "Segoe UI", "Apple SD Gothic Neo", "Noto Sans KR", "Malgun Gothic", "Apple Color Emoji", "Segoe UI Emoji", "Segoe UI Symbol", sans-serif;"><img src="https://cdn.inflearn.com/public/files/posts/acbec01f-3445-4383-98e7-d670fb09d979/373-renew-3.jpg" title="373-renew-3.jpg" width="auto" style="height: auto; max-width: 100%; display: block; margin-left: auto; margin-right: auto;"></p><p style="margin-right: 0px; margin-bottom: 8px; margin-left: 0px; padding: 10px 0px 0px; line-height: 1.69; letter-spacing: -0.3px; color: rgb(73, 80, 87); font-family: Pretendard, -apple-system, BlinkMacSystemFont, system-ui, Roboto, "Helvetica Neue", "Segoe UI", "Apple SD Gothic Neo", "Noto Sans KR", "Malgun Gothic", "Apple Color Emoji", "Segoe UI Emoji", "Segoe UI Symbol", sans-serif;"></p><p style="margin-right: 0px; margin-bottom: 8px; margin-left: 0px; padding: 10px 0px 0px; line-height: 1.69; letter-spacing: -0.3px; color: rgb(73, 80, 87); font-family: Pretendard, -apple-system, BlinkMacSystemFont, system-ui, Roboto, "Helvetica Neue", "Segoe UI", "Apple SD Gothic Neo", "Noto Sans KR", "Malgun Gothic", "Apple Color Emoji", "Segoe UI Emoji", "Segoe UI Symbol", sans-serif;"></p><p style="margin-right: 0px; margin-bottom: 8px; margin-left: 0px; padding: 10px 0px 0px; line-height: 1.69; letter-spacing: -0.3px; color: rgb(73, 80, 87); font-family: Pretendard, -apple-system, BlinkMacSystemFont, system-ui, Roboto, "Helvetica Neue", "Segoe UI", "Apple SD Gothic Neo", "Noto Sans KR", "Malgun Gothic", "Apple Color Emoji", "Segoe UI Emoji", "Segoe UI Symbol", sans-serif;"></p>','1/8/','개발·프로그래밍','23d91f3d-99d0-4477-ae17-f5794f38e8cd',0,'홍기리리동');
Insert into LEARN.ROADMAP (RBOARD_NO,USER_ID,RBOARD_TITLE,RBOARD_CONTENT,LECTURE_LIST,CATEGORY_NAME,RBOARD_COVERIMG,USER_COUNT,USER_NAME) values ('2','dldldlwjdans5@naver.com','기초부터 응용까지, 한 방에 끝내는 파이썬 (Inflearn Original)','<h3 style="margin: 1.3333em 0px 10px; padding: 0px; font-size: 22px; color: rgb(52, 58, 64); line-height: 1.45; letter-spacing: -0.3px; font-family: Pretendard, -apple-system, BlinkMacSystemFont, system-ui, Roboto, &quot;Helvetica Neue&quot;, &quot;Segoe UI&quot;, &quot;Apple SD Gothic Neo&quot;, &quot;Noto Sans KR&quot;, &quot;Malgun Gothic&quot;, &quot;Apple Color Emoji&quot;, &quot;Segoe UI Emoji&quot;, &quot;Segoe UI Symbol&quot;, sans-serif;"><span style="color: inherit; font-weight: bolder;">남녀노소 누구나, 파이썬 마스터!&nbsp;</span><span style="font-weight: bolder;">⏱</span></h3><p style="margin-right: 0px; margin-bottom: 8px; margin-left: 0px; padding: 0px; line-height: 1.69; letter-spacing: -0.3px; color: rgb(73, 80, 87); font-family: Pretendard, -apple-system, BlinkMacSystemFont, system-ui, Roboto, &quot;Helvetica Neue&quot;, &quot;Segoe UI&quot;, &quot;Apple SD Gothic Neo&quot;, &quot;Noto Sans KR&quot;, &quot;Malgun Gothic&quot;, &quot;Apple Color Emoji&quot;, &quot;Segoe UI Emoji&quot;, &quot;Segoe UI Symbol&quot;, sans-serif;"><span style="font-weight: bolder;"><img src="https://cdn.inflearn.com/public/files/posts/6ab2234a-c42a-4b1b-854b-0bf73c469d6e/python_cober.png" alt="" title="python_cober.png" width="1200" height="941" style="height: auto; max-width: 100%; display: block;"></span></p><h4 style="margin: 40px 0px 8px; padding: 0px; font-size: 18px; color: rgb(52, 58, 64); line-height: 1.56; letter-spacing: -0.3px; font-family: Pretendard, -apple-system, BlinkMacSystemFont, system-ui, Roboto, &quot;Helvetica Neue&quot;, &quot;Segoe UI&quot;, &quot;Apple SD Gothic Neo&quot;, &quot;Noto Sans KR&quot;, &quot;Malgun Gothic&quot;, &quot;Apple Color Emoji&quot;, &quot;Segoe UI Emoji&quot;, &quot;Segoe UI Symbol&quot;, sans-serif;">다들 코딩이랑 파이썬 중요하다고 하는데, 어떻게 해야 할 지 모르겠어요!</h4><p style="margin-right: 0px; margin-bottom: 8px; margin-left: 0px; padding: 0px; line-height: 1.69; letter-spacing: -0.3px; color: rgb(73, 80, 87); font-family: Pretendard, -apple-system, BlinkMacSystemFont, system-ui, Roboto, &quot;Helvetica Neue&quot;, &quot;Segoe UI&quot;, &quot;Apple SD Gothic Neo&quot;, &quot;Noto Sans KR&quot;, &quot;Malgun Gothic&quot;, &quot;Apple Color Emoji&quot;, &quot;Segoe UI Emoji&quot;, &quot;Segoe UI Symbol&quot;, sans-serif;">솔직히 코딩 중요하다는 말 너무 많이 들어서 알고 계시잖아요. 파이썬이 진짜 좋은 코딩 툴이라는 거 알고 계시잖아요.&nbsp;<span style="color: inherit; font-weight: bolder;">그런데 어떻게 시작해야 하나요? 뭐부터 배워야 하나요? 라는 질문 앞에선 고민이 깊어지는 건 사실이죠.</span></p><p style="margin-right: 0px; margin-bottom: 8px; margin-left: 0px; padding: 10px 0px 0px; line-height: 1.69; letter-spacing: -0.3px; color: rgb(73, 80, 87); font-family: Pretendard, -apple-system, BlinkMacSystemFont, system-ui, Roboto, &quot;Helvetica Neue&quot;, &quot;Segoe UI&quot;, &quot;Apple SD Gothic Neo&quot;, &quot;Noto Sans KR&quot;, &quot;Malgun Gothic&quot;, &quot;Apple Color Emoji&quot;, &quot;Segoe UI Emoji&quot;, &quot;Segoe UI Symbol&quot;, sans-serif;">&nbsp;</p><p style="margin-right: 0px; margin-bottom: 8px; margin-left: 0px; padding: 10px 0px 0px; line-height: 1.69; letter-spacing: -0.3px; color: rgb(73, 80, 87); font-family: Pretendard, -apple-system, BlinkMacSystemFont, system-ui, Roboto, &quot;Helvetica Neue&quot;, &quot;Segoe UI&quot;, &quot;Apple SD Gothic Neo&quot;, &quot;Noto Sans KR&quot;, &quot;Malgun Gothic&quot;, &quot;Apple Color Emoji&quot;, &quot;Segoe UI Emoji&quot;, &quot;Segoe UI Symbol&quot;, sans-serif;"><span style="color: inherit; font-weight: bolder;"><img src="https://cdn.inflearn.com/public/files/posts/3de59f9c-7767-4153-9de8-548a0b79c455/Artboard%201.png" alt="" title="Artboard 1.png" width="1200" height="900" style="height: auto; max-width: 100%; display: block;"></span></p>','3/1/2/','개발·프로그래밍','c2e3db7a-eda5-4089-9b90-e67ba20cfa0a',0,'홍기리리동');
Insert into LEARN.ROADMAP (RBOARD_NO,USER_ID,RBOARD_TITLE,RBOARD_CONTENT,LECTURE_LIST,CATEGORY_NAME,RBOARD_COVERIMG,USER_COUNT,USER_NAME) values ('3','dldldlwjdans5@naver.com','자바스크립트부터 타입스크립트까지 - 타입스크립트 로드맵','<p style="margin-right: 0px; margin-bottom: 8px; margin-left: 0px; padding: 0px; line-height: 1.69; letter-spacing: -0.3px; color: rgb(73, 80, 87); font-family: Pretendard, -apple-system, BlinkMacSystemFont, system-ui, Roboto, &quot;Helvetica Neue&quot;, &quot;Segoe UI&quot;, &quot;Apple SD Gothic Neo&quot;, &quot;Noto Sans KR&quot;, &quot;Malgun Gothic&quot;, &quot;Apple Color Emoji&quot;, &quot;Segoe UI Emoji&quot;, &quot;Segoe UI Symbol&quot;, sans-serif;"><span style="color: inherit; font-weight: bolder;"><img src="https://cdn.inflearn.com/public/files/posts/773bde01-caef-4209-a98d-f520b729a015/387-1.jpg" width="1000" style="height: auto; max-width: 100%; display: block; margin-left: auto; margin-right: auto;"></span></p><p style="margin: 2rem 0px; padding: 0.8rem; line-height: 1.69; letter-spacing: -0.3px; color: rgb(255, 255, 255); font-family: Pretendard, -apple-system, BlinkMacSystemFont, system-ui, Roboto, &quot;Helvetica Neue&quot;, &quot;Segoe UI&quot;, &quot;Apple SD Gothic Neo&quot;, &quot;Noto Sans KR&quot;, &quot;Malgun Gothic&quot;, &quot;Apple Color Emoji&quot;, &quot;Segoe UI Emoji&quot;, &quot;Segoe UI Symbol&quot;, sans-serif; text-align: center; background-color: rgb(0, 122, 204);"><span style="color: inherit; font-weight: bolder;">타입스크립트, 처음부터 실전까지 완벽 커리큘럼!&nbsp;</span><br>쉽고 재미있게 타입스크립트를 정복해 보세요.</p><h3 style="margin: 40px 0px 10px; padding: 0px; font-size: 22px; color: rgb(52, 58, 64); line-height: 1.45; letter-spacing: -0.3px; font-family: Pretendard, -apple-system, BlinkMacSystemFont, system-ui, Roboto, &quot;Helvetica Neue&quot;, &quot;Segoe UI&quot;, &quot;Apple SD Gothic Neo&quot;, &quot;Noto Sans KR&quot;, &quot;Malgun Gothic&quot;, &quot;Apple Color Emoji&quot;, &quot;Segoe UI Emoji&quot;, &quot;Segoe UI Symbol&quot;, sans-serif;">What is TypeScript?</h3><p style="margin-right: 0px; margin-bottom: 8px; margin-left: 0px; padding: 0px; line-height: 1.69; letter-spacing: -0.3px; color: rgb(73, 80, 87); font-family: Pretendard, -apple-system, BlinkMacSystemFont, system-ui, Roboto, &quot;Helvetica Neue&quot;, &quot;Segoe UI&quot;, &quot;Apple SD Gothic Neo&quot;, &quot;Noto Sans KR&quot;, &quot;Malgun Gothic&quot;, &quot;Apple Color Emoji&quot;, &quot;Segoe UI Emoji&quot;, &quot;Segoe UI Symbol&quot;, sans-serif;">타입스크립트(TypeScript)는 이제 웹 프론트엔드 개발의 필수 역량이 되어가고 있습니다. 에러 발생을 줄여줄 뿐만 아니라, 유지 보수 및 개발 생산성을 높이는 데도 도움이 되죠. 우수한 개발 안정성과 편의성을 누리고 싶은 프론트엔드 개발 실무자라면 꼭 알아둬야 하는 언어입니다.&nbsp;</p><p style="margin-right: 0px; margin-bottom: 8px; margin-left: 0px; padding: 10px 0px 0px; line-height: 1.69; letter-spacing: -0.3px; color: rgb(73, 80, 87); font-family: Pretendard, -apple-system, BlinkMacSystemFont, system-ui, Roboto, &quot;Helvetica Neue&quot;, &quot;Segoe UI&quot;, &quot;Apple SD Gothic Neo&quot;, &quot;Noto Sans KR&quot;, &quot;Malgun Gothic&quot;, &quot;Apple Color Emoji&quot;, &quot;Segoe UI Emoji&quot;, &quot;Segoe UI Symbol&quot;, sans-serif;">자바스크립트 코드에 타입스크립트를 어떻게 적용해야 하는지 궁금하셨나요? 앞서나가는 프론트엔드 개발자로 성장하고 싶으신가요? 그동안 타입스크립트에 입문하기 망설이셨던 분들이라면, 이 로드맵을 통해 타입스크립트 학습에 도전해 보세요.&nbsp;</p>','7/4/6/','개발·프로그래밍','bdec96b8-ce0f-4ffc-9576-f3138f42d2db',0,'홍기리리동');
Insert into LEARN.ROADMAP (RBOARD_NO,USER_ID,RBOARD_TITLE,RBOARD_CONTENT,LECTURE_LIST,CATEGORY_NAME,RBOARD_COVERIMG,USER_COUNT,USER_NAME) values ('4','dldldlwjdans5@naver.com','당장 실무 투입이 가능한 완벽한 플러터 개발자 되는 법!','<p style="margin-right: 0px; margin-bottom: 8px; margin-left: 0px; padding: 0px; line-height: 1.69; letter-spacing: -0.3px; color: rgb(73, 80, 87); font-family: Pretendard, -apple-system, BlinkMacSystemFont, system-ui, Roboto, &quot;Helvetica Neue&quot;, &quot;Segoe UI&quot;, &quot;Apple SD Gothic Neo&quot;, &quot;Noto Sans KR&quot;, &quot;Malgun Gothic&quot;, &quot;Apple Color Emoji&quot;, &quot;Segoe UI Emoji&quot;, &quot;Segoe UI Symbol&quot;, sans-serif;"><img src="https://cdn.inflearn.com/public/files/posts/1c72f654-672d-4152-ae79-d4cb1a0d9256/roadmap-617-1.png" alt="" title="roadmap-617-1.png" width="750" height="865" style="height: auto; max-width: 100%; display: block; padding-top: 10px; margin: 0px auto 12px;"></p><h3 style="margin: 40px 0px 10px; padding: 0px; font-size: 22px; color: rgb(52, 58, 64); line-height: 1.45; letter-spacing: -0.3px; font-family: Pretendard, -apple-system, BlinkMacSystemFont, system-ui, Roboto, &quot;Helvetica Neue&quot;, &quot;Segoe UI&quot;, &quot;Apple SD Gothic Neo&quot;, &quot;Noto Sans KR&quot;, &quot;Malgun Gothic&quot;, &quot;Apple Color Emoji&quot;, &quot;Segoe UI Emoji&quot;, &quot;Segoe UI Symbol&quot;, sans-serif;"><span style="color: inherit; font-weight: bolder;">Flutter 입문부터 실전까지 🔍</span></h3><p style="margin-right: 0px; margin-bottom: 8px; margin-left: 0px; padding: 0px; line-height: 1.69; letter-spacing: -0.3px; color: rgb(73, 80, 87); font-family: Pretendard, -apple-system, BlinkMacSystemFont, system-ui, Roboto, &quot;Helvetica Neue&quot;, &quot;Segoe UI&quot;, &quot;Apple SD Gothic Neo&quot;, &quot;Noto Sans KR&quot;, &quot;Malgun Gothic&quot;, &quot;Apple Color Emoji&quot;, &quot;Segoe UI Emoji&quot;, &quot;Segoe UI Symbol&quot;, sans-serif;">2018년 12월에 플러터 정식 버전 1.0이 공개된 뒤로 전 세계에서 무려 40만 개 이상의 앱이 플러터를 이용해서 출시되었습니다. 해외에서는 이미 플러터가 주목 받고 있지만, 한국에서는 플러터를 다소 천천히 받아들이고 있는 상황입니다. 제가 플러터 강의를 기획한 이유는 우리나라에서도 플러터를 빠르게 흡수하고 실무에 당장 투입할 수 있는 플러터 개발자를 많이 양성하고 싶은 마음 때문입니다.</p>','9/4/','개발·프로그래밍','e2a90fb3-f827-48f9-8071-e0e21cc58936',0,'홍기리리동');
Insert into LEARN.ROADMAP (RBOARD_NO,USER_ID,RBOARD_TITLE,RBOARD_CONTENT,LECTURE_LIST,CATEGORY_NAME,RBOARD_COVERIMG,USER_COUNT,USER_NAME) values ('6','dldldlwjdans5@naver.com','프로그래밍 시작하기 - 파이썬 입문부터 인공지능, 머신러닝까지','<p style="margin-right: 0px; margin-bottom: 8px; margin-left: 0px; padding: 0px; line-height: 1.69; letter-spacing: -0.3px; color: rgb(73, 80, 87); font-family: Pretendard, -apple-system, BlinkMacSystemFont, system-ui, Roboto, &quot;Helvetica Neue&quot;, &quot;Segoe UI&quot;, &quot;Apple SD Gothic Neo&quot;, &quot;Noto Sans KR&quot;, &quot;Malgun Gothic&quot;, &quot;Apple Color Emoji&quot;, &quot;Segoe UI Emoji&quot;, &quot;Segoe UI Symbol&quot;, sans-serif;"><img src="https://cdn.inflearn.com/public/files/posts/7598b29a-2fe8-4ff8-8396-d1b95a0dd6fd/programmingbeginner_img_0.png" title="programmingbeginner_img_0.png" width="1350" height="900" style="height: auto; max-width: 100%; display: block; padding-top: 10px;"><img src="https://cdn.inflearn.com/public/files/posts/74600052-f791-41a0-889f-8540ac5f2c1f/programmingbeginner_img_1.png" title="programmingbeginner_img_1.png" width="1350" height="900" style="height: auto; max-width: 100%; display: block; padding-top: 10px;"></p><h3 style="box-sizing: inherit; margin: 2rem 0px 0.6666em; padding: 0px; font-size: 1.5rem; color: rgb(51, 51, 51); letter-spacing: -0.3px; font-family: Pretendard, -apple-system, BlinkMacSystemFont, system-ui, Roboto, &quot;Helvetica Neue&quot;, &quot;Segoe UI&quot;, &quot;Apple SD Gothic Neo&quot;, &quot;Noto Sans KR&quot;, &quot;Malgun Gothic&quot;, &quot;Apple Color Emoji&quot;, &quot;Segoe UI Emoji&quot;, &quot;Segoe UI Symbol&quot;, sans-serif;">입문자도! 🙋🏻‍<br style="box-sizing: inherit;">문과생도! 🙋🏻‍♂️<br style="box-sizing: inherit;">공대생도! 👩🏻‍💻<br style="box-sizing: inherit;">누구라도! 👫<br style="box-sizing: inherit;">파이썬 입문부터<br style="box-sizing: inherit;">인공지능 머신러닝까지!</h3><p style="margin: unset; padding: 0px 0px 16px; line-height: 1.69; letter-spacing: -0.3px; color: rgb(73, 80, 87); font-family: Pretendard, -apple-system, BlinkMacSystemFont, system-ui, Roboto, &quot;Helvetica Neue&quot;, &quot;Segoe UI&quot;, &quot;Apple SD Gothic Neo&quot;, &quot;Noto Sans KR&quot;, &quot;Malgun Gothic&quot;, &quot;Apple Color Emoji&quot;, &quot;Segoe UI Emoji&quot;, &quot;Segoe UI Symbol&quot;, sans-serif;"></p><p style="margin-right: 0px; margin-bottom: 8px; margin-left: 0px; padding: 10px 0px 0px; line-height: 1.69; letter-spacing: -0.3px; color: rgb(73, 80, 87); font-family: Pretendard, -apple-system, BlinkMacSystemFont, system-ui, Roboto, &quot;Helvetica Neue&quot;, &quot;Segoe UI&quot;, &quot;Apple SD Gothic Neo&quot;, &quot;Noto Sans KR&quot;, &quot;Malgun Gothic&quot;, &quot;Apple Color Emoji&quot;, &quot;Segoe UI Emoji&quot;, &quot;Segoe UI Symbol&quot;, sans-serif;">코딩을 배워야 한다고들 하죠. 최근 삼성전자 입사 면접에서는 비전공자들에게 프로그래밍 언어인 파이썬(Python)을 다룰 줄 아느냐고 묻기도 했고요. 나랑은 상관없는 얘기 같지만,&nbsp;<span style="color: inherit; font-weight: bolder;">프로그래밍은 이제 우리의 윤택한 삶을 위한 필수 스킬로 자리잡았답니다.&nbsp;</span></p>','6/3/','데이터 사이언스','3de49613-1c76-4eb6-92e4-1693ec3629fd',0,'홍기리리동');
Insert into LEARN.ROADMAP (RBOARD_NO,USER_ID,RBOARD_TITLE,RBOARD_CONTENT,LECTURE_LIST,CATEGORY_NAME,RBOARD_COVERIMG,USER_COUNT,USER_NAME) values ('5','dldldlwjdans5@naver.com','SQL 마스터하고, 데이터 분석 전문가로 가장 빠르게 성장하기','<p><img src="https://cdn.inflearn.com/public/files/posts/4b0bebd5-9e5e-427d-b584-e9d906a89b88/568-intro.png" alt="" width="947" height="1142" style="height: auto; max-width: 100%; display: block; padding-top: 10px; color: rgb(73, 80, 87); font-family: Pretendard, -apple-system, BlinkMacSystemFont, system-ui, Roboto, &quot;Helvetica Neue&quot;, &quot;Segoe UI&quot;, &quot;Apple SD Gothic Neo&quot;, &quot;Noto Sans KR&quot;, &quot;Malgun Gothic&quot;, &quot;Apple Color Emoji&quot;, &quot;Segoe UI Emoji&quot;, &quot;Segoe UI Symbol&quot;, sans-serif; letter-spacing: -0.3px; margin-left: auto; margin-right: auto;"></p><p><span style="color: rgb(73, 80, 87); font-family: Pretendard, -apple-system, BlinkMacSystemFont, system-ui, Roboto, &quot;Helvetica Neue&quot;, &quot;Segoe UI&quot;, &quot;Apple SD Gothic Neo&quot;, &quot;Noto Sans KR&quot;, &quot;Malgun Gothic&quot;, &quot;Apple Color Emoji&quot;, &quot;Segoe UI Emoji&quot;, &quot;Segoe UI Symbol&quot;, sans-serif; letter-spacing: -0.3px;">많은 기업에서 데이터 분석가, 데이터 사이언티스트, 데이터 엔지니어의 기본 요건으로 SQL 활용 능력을 요구하고 있습니다. 경쟁력있는 데이터 전문가가 되기 위해서는&nbsp;</span><span style="color: rgb(73, 80, 87); font-weight: bolder; font-family: Pretendard, -apple-system, BlinkMacSystemFont, system-ui, Roboto, &quot;Helvetica Neue&quot;, &quot;Segoe UI&quot;, &quot;Apple SD Gothic Neo&quot;, &quot;Noto Sans KR&quot;, &quot;Malgun Gothic&quot;, &quot;Apple Color Emoji&quot;, &quot;Segoe UI Emoji&quot;, &quot;Segoe UI Symbol&quot;, sans-serif; letter-spacing: -0.3px;">높은 수준의 SQL 활용 능력</span><span style="color: rgb(73, 80, 87); font-family: Pretendard, -apple-system, BlinkMacSystemFont, system-ui, Roboto, &quot;Helvetica Neue&quot;, &quot;Segoe UI&quot;, &quot;Apple SD Gothic Neo&quot;, &quot;Noto Sans KR&quot;, &quot;Malgun Gothic&quot;, &quot;Apple Color Emoji&quot;, &quot;Segoe UI Emoji&quot;, &quot;Segoe UI Symbol&quot;, sans-serif; letter-spacing: -0.3px;">과&nbsp;</span><span style="color: rgb(73, 80, 87); font-weight: bolder; font-family: Pretendard, -apple-system, BlinkMacSystemFont, system-ui, Roboto, &quot;Helvetica Neue&quot;, &quot;Segoe UI&quot;, &quot;Apple SD Gothic Neo&quot;, &quot;Noto Sans KR&quot;, &quot;Malgun Gothic&quot;, &quot;Apple Color Emoji&quot;, &quot;Segoe UI Emoji&quot;, &quot;Segoe UI Symbol&quot;, sans-serif; letter-spacing: -0.3px;">실전에서 사용되는 다양한 분석 사례</span><span style="color: rgb(73, 80, 87); font-family: Pretendard, -apple-system, BlinkMacSystemFont, system-ui, Roboto, &quot;Helvetica Neue&quot;, &quot;Segoe UI&quot;, &quot;Apple SD Gothic Neo&quot;, &quot;Noto Sans KR&quot;, &quot;Malgun Gothic&quot;, &quot;Apple Color Emoji&quot;, &quot;Segoe UI Emoji&quot;, &quot;Segoe UI Symbol&quot;, sans-serif; letter-spacing: -0.3px;">를 체득하는 것이 필수입니다.</span><br></p>','9/7/5/','데이터 사이언스','a8eabb60-e2ae-4a3a-b63a-5a2d35f7a554',0,'홍기리리동');
REM INSERTING into LEARN.USERS
SET DEFINE OFF;
Insert into LEARN.USERS (USER_ID,GRADE,USER_NAME,USER_BIRTH,USER_PWD,USER_REGDATE,POINTS,SOCIAL_TYPE,USER_INTRO) values ('admin23@naverm.com','관리자','홍길동2','19990101','1q2w3e4r',to_date('22/11/21','RR/MM/DD'),0,null,null);
Insert into LEARN.USERS (USER_ID,GRADE,USER_NAME,USER_BIRTH,USER_PWD,USER_REGDATE,POINTS,SOCIAL_TYPE,USER_INTRO) values ('dldldlwjdans@naver.com','관리자','홍길동1','19990101','1q2w3e4r',to_date('22/11/21','RR/MM/DD'),0,'naver',null);
Insert into LEARN.USERS (USER_ID,GRADE,USER_NAME,USER_BIRTH,USER_PWD,USER_REGDATE,POINTS,SOCIAL_TYPE,USER_INTRO) values ('unknown1','탈퇴',null,'20220629',null,null,null,null,null);
Insert into LEARN.USERS (USER_ID,GRADE,USER_NAME,USER_BIRTH,USER_PWD,USER_REGDATE,POINTS,SOCIAL_TYPE,USER_INTRO) values ('test@naver.com','관리자','홍길동3','20220629','test1234',to_date('22/11/21','RR/MM/DD'),0,null,null);
Insert into LEARN.USERS (USER_ID,GRADE,USER_NAME,USER_BIRTH,USER_PWD,USER_REGDATE,POINTS,SOCIAL_TYPE,USER_INTRO) values ('s2skkim1993@gmail.com','일반회원','김수경','19931013','!!123456',to_date('22/11/23','RR/MM/DD'),0,null,'메롱1');
Insert into LEARN.USERS (USER_ID,GRADE,USER_NAME,USER_BIRTH,USER_PWD,USER_REGDATE,POINTS,SOCIAL_TYPE,USER_INTRO) values ('admin@test.com','관리자','홍길동4','20111020','test1234',to_date('11/10/20','RR/MM/DD'),100,null,null);
Insert into LEARN.USERS (USER_ID,GRADE,USER_NAME,USER_BIRTH,USER_PWD,USER_REGDATE,POINTS,SOCIAL_TYPE,USER_INTRO) values ('dldldlwjdans2@naver.com','관리자',null,'19990101','1q2w3e4r5t',to_date('22/11/21','RR/MM/DD'),0,null,null);
Insert into LEARN.USERS (USER_ID,GRADE,USER_NAME,USER_BIRTH,USER_PWD,USER_REGDATE,POINTS,SOCIAL_TYPE,USER_INTRO) values ('julie14s2@naver.com','일반회원','안지수2','19961018','1111qqqq',to_date('22/11/23','RR/MM/DD'),0,null,null);
Insert into LEARN.USERS (USER_ID,GRADE,USER_NAME,USER_BIRTH,USER_PWD,USER_REGDATE,POINTS,SOCIAL_TYPE,USER_INTRO) values ('dldldlwjdans3@naver.com','관리자','홍길동5','19990101','1q2w3e4r5t',to_date('22/11/21','RR/MM/DD'),0,null,null);
Insert into LEARN.USERS (USER_ID,GRADE,USER_NAME,USER_BIRTH,USER_PWD,USER_REGDATE,POINTS,SOCIAL_TYPE,USER_INTRO) values ('dldldlwjdans5@naver.com','강의자','홍기리리동','19990101','123456!!',to_date('22/11/21','RR/MM/DD'),0,null,'<p>수정!!</p>');
Insert into LEARN.USERS (USER_ID,GRADE,USER_NAME,USER_BIRTH,USER_PWD,USER_REGDATE,POINTS,SOCIAL_TYPE,USER_INTRO) values ('unknown5','탈퇴','김수경',null,null,null,null,null,null);
Insert into LEARN.USERS (USER_ID,GRADE,USER_NAME,USER_BIRTH,USER_PWD,USER_REGDATE,POINTS,SOCIAL_TYPE,USER_INTRO) values ('gee1suu@gmail.com','일반회원','안지수1','19961018',null,to_date('22/11/21','RR/MM/DD'),0,'naver',null);
Insert into LEARN.USERS (USER_ID,GRADE,USER_NAME,USER_BIRTH,USER_PWD,USER_REGDATE,POINTS,SOCIAL_TYPE,USER_INTRO) values ('testMember@test.com','강의자','테스터2',null,'1234',to_date('22/12/01','RR/MM/DD'),0,null,null);
Insert into LEARN.USERS (USER_ID,GRADE,USER_NAME,USER_BIRTH,USER_PWD,USER_REGDATE,POINTS,SOCIAL_TYPE,USER_INTRO) values ('khjz0919@nate.com','강의자','김현지',null,'1234',to_date('22/12/01','RR/MM/DD'),0,null,null);
Insert into LEARN.USERS (USER_ID,GRADE,USER_NAME,USER_BIRTH,USER_PWD,USER_REGDATE,POINTS,SOCIAL_TYPE,USER_INTRO) values ('dldldlwjdans4@naver.com','일반회원','홍길동6','19990101','test1234',to_date('22/11/21','RR/MM/DD'),80251,null,null);
Insert into LEARN.USERS (USER_ID,GRADE,USER_NAME,USER_BIRTH,USER_PWD,USER_REGDATE,POINTS,SOCIAL_TYPE,USER_INTRO) values ('admin2@naverm.com','관리자','홍길동7','19990101','1q2w3e4r',to_date('22/11/18','RR/MM/DD'),0,null,null);
Insert into LEARN.USERS (USER_ID,GRADE,USER_NAME,USER_BIRTH,USER_PWD,USER_REGDATE,POINTS,SOCIAL_TYPE,USER_INTRO) values ('tester@naver.com','강의자','테스터1','20221121','test',to_date('22/11/22','RR/MM/DD'),50,'google','<p>내 페이지에만 편집 버튼 출력되게 해 뒀음</p>');
Insert into LEARN.USERS (USER_ID,GRADE,USER_NAME,USER_BIRTH,USER_PWD,USER_REGDATE,POINTS,SOCIAL_TYPE,USER_INTRO) values ('unknown2','탈퇴',null,'20220629',null,null,null,null,null);
Insert into LEARN.USERS (USER_ID,GRADE,USER_NAME,USER_BIRTH,USER_PWD,USER_REGDATE,POINTS,SOCIAL_TYPE,USER_INTRO) values ('outputlearn.manager@gmail.com','탈퇴','홍길동8',null,null,null,null,null,null);
Insert into LEARN.USERS (USER_ID,GRADE,USER_NAME,USER_BIRTH,USER_PWD,USER_REGDATE,POINTS,SOCIAL_TYPE,USER_INTRO) values ('unknown6','탈퇴','홍길동9',null,null,null,null,null,null);
REM INSERTING into LEARN.VOTE
SET DEFINE OFF;
REM INSERTING into LEARN.VOTE_LOG
SET DEFINE OFF;
REM INSERTING into LEARN.ADMIN_REVENUE
SET DEFINE OFF;
Insert into LEARN.ADMIN_REVENUE (ORDER_DETAIL_NO,ORDER_NO,USER_ID,LECTURE_NO,TIMETABLE_NO,ORDER_STATUS,LECTURE_RATE,LECTURE_PRICE,LECTURE_ON_OFF,ORDER_REGDATE) values (5,2,'tester@naver.com',5,null,'0',0,55000,0,to_date('22/11/24','RR/MM/DD'));
Insert into LEARN.ADMIN_REVENUE (ORDER_DETAIL_NO,ORDER_NO,USER_ID,LECTURE_NO,TIMETABLE_NO,ORDER_STATUS,LECTURE_RATE,LECTURE_PRICE,LECTURE_ON_OFF,ORDER_REGDATE) values (16,15,'dldldlwjdans4@naver.com',13,13,'0',0,99000,1,to_date('22/11/29','RR/MM/DD'));
Insert into LEARN.ADMIN_REVENUE (ORDER_DETAIL_NO,ORDER_NO,USER_ID,LECTURE_NO,TIMETABLE_NO,ORDER_STATUS,LECTURE_RATE,LECTURE_PRICE,LECTURE_ON_OFF,ORDER_REGDATE) values (15,15,'dldldlwjdans4@naver.com',13,13,'0',0,99000,1,to_date('22/11/29','RR/MM/DD'));
Insert into LEARN.ADMIN_REVENUE (ORDER_DETAIL_NO,ORDER_NO,USER_ID,LECTURE_NO,TIMETABLE_NO,ORDER_STATUS,LECTURE_RATE,LECTURE_PRICE,LECTURE_ON_OFF,ORDER_REGDATE) values (13,14,'dldldlwjdans4@naver.com',13,13,'0',0,99000,1,to_date('22/11/29','RR/MM/DD'));
Insert into LEARN.ADMIN_REVENUE (ORDER_DETAIL_NO,ORDER_NO,USER_ID,LECTURE_NO,TIMETABLE_NO,ORDER_STATUS,LECTURE_RATE,LECTURE_PRICE,LECTURE_ON_OFF,ORDER_REGDATE) values (14,14,'dldldlwjdans4@naver.com',13,13,'0',0,99000,1,to_date('22/11/29','RR/MM/DD'));
Insert into LEARN.ADMIN_REVENUE (ORDER_DETAIL_NO,ORDER_NO,USER_ID,LECTURE_NO,TIMETABLE_NO,ORDER_STATUS,LECTURE_RATE,LECTURE_PRICE,LECTURE_ON_OFF,ORDER_REGDATE) values (9,13,'dldldlwjdans4@naver.com',13,13,'0',0,99000,1,to_date('22/11/29','RR/MM/DD'));
Insert into LEARN.ADMIN_REVENUE (ORDER_DETAIL_NO,ORDER_NO,USER_ID,LECTURE_NO,TIMETABLE_NO,ORDER_STATUS,LECTURE_RATE,LECTURE_PRICE,LECTURE_ON_OFF,ORDER_REGDATE) values (10,13,'dldldlwjdans4@naver.com',13,13,'0',0,99000,1,to_date('22/11/29','RR/MM/DD'));
Insert into LEARN.ADMIN_REVENUE (ORDER_DETAIL_NO,ORDER_NO,USER_ID,LECTURE_NO,TIMETABLE_NO,ORDER_STATUS,LECTURE_RATE,LECTURE_PRICE,LECTURE_ON_OFF,ORDER_REGDATE) values (11,13,'dldldlwjdans4@naver.com',13,13,'0',0,99000,1,to_date('22/11/29','RR/MM/DD'));
Insert into LEARN.ADMIN_REVENUE (ORDER_DETAIL_NO,ORDER_NO,USER_ID,LECTURE_NO,TIMETABLE_NO,ORDER_STATUS,LECTURE_RATE,LECTURE_PRICE,LECTURE_ON_OFF,ORDER_REGDATE) values (12,13,'dldldlwjdans4@naver.com',13,13,'0',0,99000,1,to_date('22/11/29','RR/MM/DD'));
Insert into LEARN.ADMIN_REVENUE (ORDER_DETAIL_NO,ORDER_NO,USER_ID,LECTURE_NO,TIMETABLE_NO,ORDER_STATUS,LECTURE_RATE,LECTURE_PRICE,LECTURE_ON_OFF,ORDER_REGDATE) values (8,13,'dldldlwjdans4@naver.com',13,13,'0',0,99000,1,to_date('22/11/29','RR/MM/DD'));
Insert into LEARN.ADMIN_REVENUE (ORDER_DETAIL_NO,ORDER_NO,USER_ID,LECTURE_NO,TIMETABLE_NO,ORDER_STATUS,LECTURE_RATE,LECTURE_PRICE,LECTURE_ON_OFF,ORDER_REGDATE) values (1,1,'gee1suu@gmail.com',1,null,'0',0,99000,0,to_date('22/11/24','RR/MM/DD'));
Insert into LEARN.ADMIN_REVENUE (ORDER_DETAIL_NO,ORDER_NO,USER_ID,LECTURE_NO,TIMETABLE_NO,ORDER_STATUS,LECTURE_RATE,LECTURE_PRICE,LECTURE_ON_OFF,ORDER_REGDATE) values (2,2,'tester@naver.com',2,null,'0',0,55000,0,to_date('22/11/24','RR/MM/DD'));
Insert into LEARN.ADMIN_REVENUE (ORDER_DETAIL_NO,ORDER_NO,USER_ID,LECTURE_NO,TIMETABLE_NO,ORDER_STATUS,LECTURE_RATE,LECTURE_PRICE,LECTURE_ON_OFF,ORDER_REGDATE) values (6,2,'gee1suu@gmail.com',2,null,'0',0,55000,0,to_date('22/11/24','RR/MM/DD'));
Insert into LEARN.ADMIN_REVENUE (ORDER_DETAIL_NO,ORDER_NO,USER_ID,LECTURE_NO,TIMETABLE_NO,ORDER_STATUS,LECTURE_RATE,LECTURE_PRICE,LECTURE_ON_OFF,ORDER_REGDATE) values (3,2,'tester@naver.com',3,null,'0',100,33000,0,to_date('22/11/24','RR/MM/DD'));
Insert into LEARN.ADMIN_REVENUE (ORDER_DETAIL_NO,ORDER_NO,USER_ID,LECTURE_NO,TIMETABLE_NO,ORDER_STATUS,LECTURE_RATE,LECTURE_PRICE,LECTURE_ON_OFF,ORDER_REGDATE) values (7,12,'dldldlwjdans4@naver.com',10,5,'0',0,99000,1,to_date('22/11/28','RR/MM/DD'));
Insert into LEARN.ADMIN_REVENUE (ORDER_DETAIL_NO,ORDER_NO,USER_ID,LECTURE_NO,TIMETABLE_NO,ORDER_STATUS,LECTURE_RATE,LECTURE_PRICE,LECTURE_ON_OFF,ORDER_REGDATE) values (4,2,'tester@naver.com',4,null,'0',0,0,0,to_date('22/11/24','RR/MM/DD'));
REM INSERTING into LEARN.ADMIN_REVENUE_DETAIL
SET DEFINE OFF;
Insert into LEARN.ADMIN_REVENUE_DETAIL (ORDER_NO,BUYER,LECTURE_TITLE,TEACHER,LECTURE_ON_OFF,ORDER_REGDATE,LECTURE_PRICE) values (2,'tester@naver.com','CAN 통신 - 자동차 신입이 알아야 할 모든 것','dldldlwjdans5@naver.com',0,to_date('22/11/24','RR/MM/DD'),55000);
Insert into LEARN.ADMIN_REVENUE_DETAIL (ORDER_NO,BUYER,LECTURE_TITLE,TEACHER,LECTURE_ON_OFF,ORDER_REGDATE,LECTURE_PRICE) values (15,'dldldlwjdans4@naver.com','Axure RP 9,10 - 서비스 기획자를 위한 최적의 프로토타이핑 툴','dldldlwjdans5@naver.com',1,to_date('22/11/29','RR/MM/DD'),99000);
Insert into LEARN.ADMIN_REVENUE_DETAIL (ORDER_NO,BUYER,LECTURE_TITLE,TEACHER,LECTURE_ON_OFF,ORDER_REGDATE,LECTURE_PRICE) values (15,'dldldlwjdans4@naver.com','Axure RP 9,10 - 서비스 기획자를 위한 최적의 프로토타이핑 툴','dldldlwjdans5@naver.com',1,to_date('22/11/29','RR/MM/DD'),99000);
Insert into LEARN.ADMIN_REVENUE_DETAIL (ORDER_NO,BUYER,LECTURE_TITLE,TEACHER,LECTURE_ON_OFF,ORDER_REGDATE,LECTURE_PRICE) values (14,'dldldlwjdans4@naver.com','Axure RP 9,10 - 서비스 기획자를 위한 최적의 프로토타이핑 툴','dldldlwjdans5@naver.com',1,to_date('22/11/29','RR/MM/DD'),99000);
Insert into LEARN.ADMIN_REVENUE_DETAIL (ORDER_NO,BUYER,LECTURE_TITLE,TEACHER,LECTURE_ON_OFF,ORDER_REGDATE,LECTURE_PRICE) values (14,'dldldlwjdans4@naver.com','Axure RP 9,10 - 서비스 기획자를 위한 최적의 프로토타이핑 툴','dldldlwjdans5@naver.com',1,to_date('22/11/29','RR/MM/DD'),99000);
Insert into LEARN.ADMIN_REVENUE_DETAIL (ORDER_NO,BUYER,LECTURE_TITLE,TEACHER,LECTURE_ON_OFF,ORDER_REGDATE,LECTURE_PRICE) values (13,'dldldlwjdans4@naver.com','Axure RP 9,10 - 서비스 기획자를 위한 최적의 프로토타이핑 툴','dldldlwjdans5@naver.com',1,to_date('22/11/29','RR/MM/DD'),99000);
Insert into LEARN.ADMIN_REVENUE_DETAIL (ORDER_NO,BUYER,LECTURE_TITLE,TEACHER,LECTURE_ON_OFF,ORDER_REGDATE,LECTURE_PRICE) values (13,'dldldlwjdans4@naver.com','Axure RP 9,10 - 서비스 기획자를 위한 최적의 프로토타이핑 툴','dldldlwjdans5@naver.com',1,to_date('22/11/29','RR/MM/DD'),99000);
Insert into LEARN.ADMIN_REVENUE_DETAIL (ORDER_NO,BUYER,LECTURE_TITLE,TEACHER,LECTURE_ON_OFF,ORDER_REGDATE,LECTURE_PRICE) values (13,'dldldlwjdans4@naver.com','Axure RP 9,10 - 서비스 기획자를 위한 최적의 프로토타이핑 툴','dldldlwjdans5@naver.com',1,to_date('22/11/29','RR/MM/DD'),99000);
Insert into LEARN.ADMIN_REVENUE_DETAIL (ORDER_NO,BUYER,LECTURE_TITLE,TEACHER,LECTURE_ON_OFF,ORDER_REGDATE,LECTURE_PRICE) values (13,'dldldlwjdans4@naver.com','Axure RP 9,10 - 서비스 기획자를 위한 최적의 프로토타이핑 툴','dldldlwjdans5@naver.com',1,to_date('22/11/29','RR/MM/DD'),99000);
Insert into LEARN.ADMIN_REVENUE_DETAIL (ORDER_NO,BUYER,LECTURE_TITLE,TEACHER,LECTURE_ON_OFF,ORDER_REGDATE,LECTURE_PRICE) values (13,'dldldlwjdans4@naver.com','Axure RP 9,10 - 서비스 기획자를 위한 최적의 프로토타이핑 툴','dldldlwjdans5@naver.com',1,to_date('22/11/29','RR/MM/DD'),99000);
Insert into LEARN.ADMIN_REVENUE_DETAIL (ORDER_NO,BUYER,LECTURE_TITLE,TEACHER,LECTURE_ON_OFF,ORDER_REGDATE,LECTURE_PRICE) values (1,'gee1suu@gmail.com','넓고 얕게 외워서 컴공 전공자 되기','dldldlwjdans5@naver.com',0,to_date('22/11/24','RR/MM/DD'),99000);
Insert into LEARN.ADMIN_REVENUE_DETAIL (ORDER_NO,BUYER,LECTURE_TITLE,TEACHER,LECTURE_ON_OFF,ORDER_REGDATE,LECTURE_PRICE) values (2,'tester@naver.com','[입문자를 위한 UE5] Part1. 언리얼 엔진 블루프린트','dldldlwjdans5@naver.com',0,to_date('22/11/24','RR/MM/DD'),55000);
Insert into LEARN.ADMIN_REVENUE_DETAIL (ORDER_NO,BUYER,LECTURE_TITLE,TEACHER,LECTURE_ON_OFF,ORDER_REGDATE,LECTURE_PRICE) values (2,'tester@naver.com','[입문자를 위한 UE5] Part1. 언리얼 엔진 블루프린트','dldldlwjdans5@naver.com',0,to_date('22/11/24','RR/MM/DD'),55000);
Insert into LEARN.ADMIN_REVENUE_DETAIL (ORDER_NO,BUYER,LECTURE_TITLE,TEACHER,LECTURE_ON_OFF,ORDER_REGDATE,LECTURE_PRICE) values (2,'tester@naver.com','스타트업 대표들이 배우는 청중을 사로잡는 발표 방법!','dldldlwjdans5@naver.com',0,to_date('22/11/24','RR/MM/DD'),33000);
Insert into LEARN.ADMIN_REVENUE_DETAIL (ORDER_NO,BUYER,LECTURE_TITLE,TEACHER,LECTURE_ON_OFF,ORDER_REGDATE,LECTURE_PRICE) values (12,'dldldlwjdans4@naver.com','[오프라인] 넓고 얕게 외워서 컴공 전공자 되기','dldldlwjdans5@naver.com',1,to_date('22/11/28','RR/MM/DD'),99000);
Insert into LEARN.ADMIN_REVENUE_DETAIL (ORDER_NO,BUYER,LECTURE_TITLE,TEACHER,LECTURE_ON_OFF,ORDER_REGDATE,LECTURE_PRICE) values (2,'tester@naver.com','파이썬 증권 데이터 수집과 분석으로 신호와 소음 찾기','dldldlwjdans5@naver.com',0,to_date('22/11/24','RR/MM/DD'),0);
REM INSERTING into LEARN.CART_VIEW
SET DEFINE OFF;
Insert into LEARN.CART_VIEW (USER_ID,USER_NAME,POINTS,LECTURE_NO,TEACHER,LECTURE_WRITER,CATEGORY_NAME,LECTURE_TITLE,LECTURE_DUE,LECTURE_LEVEL,LECTURE_SALERATE,LECTURE_SALEDUE,LECTURE_PRICE,LECTURE_REGDATE,LECTURE_COVERIMG,LECTURE_SECTION,LECTURE_ON_OFF,TIMETABLE_NO,TIMETABLE_START,TIMETABLE_END,CART_NO) values ('dldldlwjdans4@naver.com','홍길동6',80251,13,'dldldlwjdans5@naver.com','홍기리리동','직무·마케팅','Axure RP 9,10 - 서비스 기획자를 위한 최적의 프로토타이핑 툴',null,'초급',0,null,99000,to_date('22/11/18','RR/MM/DD'),'https://cdn.inflearn.com/public/courses/326055/cover/f364be4a-3853-4e15-b489-674810209003','수업을 시작하기 전에/개발 배경지식 빠르게 격파하기/쿠팡 웹 서비스를 보면서 사용되는 기술들 맛보기/프론트엔드(웹',1,13,to_date('22/11/23','RR/MM/DD'),to_date('22/11/23','RR/MM/DD'),11);
Insert into LEARN.CART_VIEW (USER_ID,USER_NAME,POINTS,LECTURE_NO,TEACHER,LECTURE_WRITER,CATEGORY_NAME,LECTURE_TITLE,LECTURE_DUE,LECTURE_LEVEL,LECTURE_SALERATE,LECTURE_SALEDUE,LECTURE_PRICE,LECTURE_REGDATE,LECTURE_COVERIMG,LECTURE_SECTION,LECTURE_ON_OFF,TIMETABLE_NO,TIMETABLE_START,TIMETABLE_END,CART_NO) values ('dldldlwjdans4@naver.com','홍길동6',80251,13,'dldldlwjdans5@naver.com','홍기리리동','직무·마케팅','Axure RP 9,10 - 서비스 기획자를 위한 최적의 프로토타이핑 툴',null,'초급',0,null,99000,to_date('22/11/18','RR/MM/DD'),'https://cdn.inflearn.com/public/courses/326055/cover/f364be4a-3853-4e15-b489-674810209003','수업을 시작하기 전에/개발 배경지식 빠르게 격파하기/쿠팡 웹 서비스를 보면서 사용되는 기술들 맛보기/프론트엔드(웹',1,13,to_date('22/11/23','RR/MM/DD'),to_date('22/11/23','RR/MM/DD'),10);
Insert into LEARN.CART_VIEW (USER_ID,USER_NAME,POINTS,LECTURE_NO,TEACHER,LECTURE_WRITER,CATEGORY_NAME,LECTURE_TITLE,LECTURE_DUE,LECTURE_LEVEL,LECTURE_SALERATE,LECTURE_SALEDUE,LECTURE_PRICE,LECTURE_REGDATE,LECTURE_COVERIMG,LECTURE_SECTION,LECTURE_ON_OFF,TIMETABLE_NO,TIMETABLE_START,TIMETABLE_END,CART_NO) values ('dldldlwjdans4@naver.com','홍길동6',80251,13,'dldldlwjdans5@naver.com','홍기리리동','직무·마케팅','Axure RP 9,10 - 서비스 기획자를 위한 최적의 프로토타이핑 툴',null,'초급',0,null,99000,to_date('22/11/18','RR/MM/DD'),'https://cdn.inflearn.com/public/courses/326055/cover/f364be4a-3853-4e15-b489-674810209003','수업을 시작하기 전에/개발 배경지식 빠르게 격파하기/쿠팡 웹 서비스를 보면서 사용되는 기술들 맛보기/프론트엔드(웹',1,13,to_date('22/11/23','RR/MM/DD'),to_date('22/11/23','RR/MM/DD'),9);
Insert into LEARN.CART_VIEW (USER_ID,USER_NAME,POINTS,LECTURE_NO,TEACHER,LECTURE_WRITER,CATEGORY_NAME,LECTURE_TITLE,LECTURE_DUE,LECTURE_LEVEL,LECTURE_SALERATE,LECTURE_SALEDUE,LECTURE_PRICE,LECTURE_REGDATE,LECTURE_COVERIMG,LECTURE_SECTION,LECTURE_ON_OFF,TIMETABLE_NO,TIMETABLE_START,TIMETABLE_END,CART_NO) values ('dldldlwjdans4@naver.com','홍길동6',80251,16,'dldldlwjdans5@naver.com','홍기리리동','보안·네트워크','CAN 통신 - 자동차 신입이 알아야 할 모든 것',null,'초급',0,null,55000,to_date('22/11/19','RR/MM/DD'),'https://cdn.inflearn.com/public/courses/329480/cover/dc203b59-e468-4cda-9368-d72794c1213e/329480-eng.jpg','수업을 시작하기 전에/개발 배경지식 빠르게 격파하기/쿠팡 웹 서비스를 보면서 사용되는 기술들 맛보기/프론트엔드(웹',1,9,to_date('22/11/23','RR/MM/DD'),to_date('22/11/23','RR/MM/DD'),15);
Insert into LEARN.CART_VIEW (USER_ID,USER_NAME,POINTS,LECTURE_NO,TEACHER,LECTURE_WRITER,CATEGORY_NAME,LECTURE_TITLE,LECTURE_DUE,LECTURE_LEVEL,LECTURE_SALERATE,LECTURE_SALEDUE,LECTURE_PRICE,LECTURE_REGDATE,LECTURE_COVERIMG,LECTURE_SECTION,LECTURE_ON_OFF,TIMETABLE_NO,TIMETABLE_START,TIMETABLE_END,CART_NO) values ('dldldlwjdans4@naver.com','홍길동6',80251,18,'dldldlwjdans5@naver.com','홍기리리동','크리에이티브','애플 웹사이트 인터랙션 클론!',null,'입문',0,null,121000,to_date('22/11/16','RR/MM/DD'),'https://cdn.inflearn.com/public/course-325248-cover/4495e5a6-8aaf-4567-aa77-c8a435fd8df8/apple-clone-animation-2-min.gif','강의 소개 및 실습 환경 구축하기/Object Detection의 이해/Object Detection과 Segmentation을 위한 주요 데이터 세트 및 OpenCV 소개/RCNN 계열 Object Detecter(RCNN, SPPNet, Fast RCNN, Faster RCNN)/MMDetection의 이해와 Faster RCNN 적용 실습 - 01/MMDetection의 이해와 Faster RCNN 적용 실습 - 02',1,null,null,null,14);
Insert into LEARN.CART_VIEW (USER_ID,USER_NAME,POINTS,LECTURE_NO,TEACHER,LECTURE_WRITER,CATEGORY_NAME,LECTURE_TITLE,LECTURE_DUE,LECTURE_LEVEL,LECTURE_SALERATE,LECTURE_SALEDUE,LECTURE_PRICE,LECTURE_REGDATE,LECTURE_COVERIMG,LECTURE_SECTION,LECTURE_ON_OFF,TIMETABLE_NO,TIMETABLE_START,TIMETABLE_END,CART_NO) values ('dldldlwjdans4@naver.com','홍길동6',80251,1,'dldldlwjdans5@naver.com','홍기리리동','개발·프로그래밍','넓고 얕게 외워서 컴공 전공자 되기',90,'입문',10,to_date('22/12/19','RR/MM/DD'),99000,to_date('22/11/23','RR/MM/DD'),'https://cdn.inflearn.com/public/courses/329605/cover/7f7d4d9a-e739-482c-8e16-71081b4793b5/329605-eng.jpg','스피치 실력 점검/복식호흡과 발성/신뢰를 높이는 정확한 발음/중저음의 목소리로 진중한 말하기/말투만으로 논리정연하게 표현하기',0,null,null,null,12);
Insert into LEARN.CART_VIEW (USER_ID,USER_NAME,POINTS,LECTURE_NO,TEACHER,LECTURE_WRITER,CATEGORY_NAME,LECTURE_TITLE,LECTURE_DUE,LECTURE_LEVEL,LECTURE_SALERATE,LECTURE_SALEDUE,LECTURE_PRICE,LECTURE_REGDATE,LECTURE_COVERIMG,LECTURE_SECTION,LECTURE_ON_OFF,TIMETABLE_NO,TIMETABLE_START,TIMETABLE_END,CART_NO) values ('tester@naver.com','테스터1',50,3,'dldldlwjdans5@naver.com','홍기리리동','교양','스타트업 대표들이 배우는 청중을 사로잡는 발표 방법!',0,'입문',0,null,33000,to_date('22/11/21','RR/MM/DD'),'https://cdn.inflearn.com/public/courses/328084/cover/421668e7-2bc4-4578-9749-553b253d53f6/328084-eng.png','영문 이메일, 형식이 중요하다/목적을 명확하게!/좀 더 ''있어보이는'' 메일 쓰기/자주 쓰이는 표현 & 자주 틀리는 표현',0,null,null,null,40);
Insert into LEARN.CART_VIEW (USER_ID,USER_NAME,POINTS,LECTURE_NO,TEACHER,LECTURE_WRITER,CATEGORY_NAME,LECTURE_TITLE,LECTURE_DUE,LECTURE_LEVEL,LECTURE_SALERATE,LECTURE_SALEDUE,LECTURE_PRICE,LECTURE_REGDATE,LECTURE_COVERIMG,LECTURE_SECTION,LECTURE_ON_OFF,TIMETABLE_NO,TIMETABLE_START,TIMETABLE_END,CART_NO) values ('tester@naver.com','테스터1',50,10,'dldldlwjdans5@naver.com','홍기리리동','개발·프로그래밍','[오프라인] 넓고 얕게 외워서 컴공 전공자 되기',null,'입문',30,to_date('22/12/26','RR/MM/DD'),99000,to_date('22/11/23','RR/MM/DD'),'https://cdn.inflearn.com/public/courses/329605/cover/7f7d4d9a-e739-482c-8e16-71081b4793b5/329605-eng.jpg','스피치 실력 점검/복식호흡과 발성/신뢰를 높이는 정확한 발음/중저음의 목소리로 진중한 말하기/말투만으로 논리정연하게 표현하기',1,15,to_date('22/12/02','RR/MM/DD'),to_date('22/12/02','RR/MM/DD'),39);
Insert into LEARN.CART_VIEW (USER_ID,USER_NAME,POINTS,LECTURE_NO,TEACHER,LECTURE_WRITER,CATEGORY_NAME,LECTURE_TITLE,LECTURE_DUE,LECTURE_LEVEL,LECTURE_SALERATE,LECTURE_SALEDUE,LECTURE_PRICE,LECTURE_REGDATE,LECTURE_COVERIMG,LECTURE_SECTION,LECTURE_ON_OFF,TIMETABLE_NO,TIMETABLE_START,TIMETABLE_END,CART_NO) values ('tester@naver.com','테스터1',50,10,'dldldlwjdans5@naver.com','홍기리리동','개발·프로그래밍','[오프라인] 넓고 얕게 외워서 컴공 전공자 되기',null,'입문',30,to_date('22/12/26','RR/MM/DD'),99000,to_date('22/11/23','RR/MM/DD'),'https://cdn.inflearn.com/public/courses/329605/cover/7f7d4d9a-e739-482c-8e16-71081b4793b5/329605-eng.jpg','스피치 실력 점검/복식호흡과 발성/신뢰를 높이는 정확한 발음/중저음의 목소리로 진중한 말하기/말투만으로 논리정연하게 표현하기',1,8,to_date('22/11/23','RR/MM/DD'),to_date('22/11/23','RR/MM/DD'),38);
Insert into LEARN.CART_VIEW (USER_ID,USER_NAME,POINTS,LECTURE_NO,TEACHER,LECTURE_WRITER,CATEGORY_NAME,LECTURE_TITLE,LECTURE_DUE,LECTURE_LEVEL,LECTURE_SALERATE,LECTURE_SALEDUE,LECTURE_PRICE,LECTURE_REGDATE,LECTURE_COVERIMG,LECTURE_SECTION,LECTURE_ON_OFF,TIMETABLE_NO,TIMETABLE_START,TIMETABLE_END,CART_NO) values ('unknown6','홍길동9',null,null,null,null,null,null,null,null,null,null,null,null,null,null,null,null,null,null,null);
Insert into LEARN.CART_VIEW (USER_ID,USER_NAME,POINTS,LECTURE_NO,TEACHER,LECTURE_WRITER,CATEGORY_NAME,LECTURE_TITLE,LECTURE_DUE,LECTURE_LEVEL,LECTURE_SALERATE,LECTURE_SALEDUE,LECTURE_PRICE,LECTURE_REGDATE,LECTURE_COVERIMG,LECTURE_SECTION,LECTURE_ON_OFF,TIMETABLE_NO,TIMETABLE_START,TIMETABLE_END,CART_NO) values ('unknown5','김수경',null,null,null,null,null,null,null,null,null,null,null,null,null,null,null,null,null,null,null);
Insert into LEARN.CART_VIEW (USER_ID,USER_NAME,POINTS,LECTURE_NO,TEACHER,LECTURE_WRITER,CATEGORY_NAME,LECTURE_TITLE,LECTURE_DUE,LECTURE_LEVEL,LECTURE_SALERATE,LECTURE_SALEDUE,LECTURE_PRICE,LECTURE_REGDATE,LECTURE_COVERIMG,LECTURE_SECTION,LECTURE_ON_OFF,TIMETABLE_NO,TIMETABLE_START,TIMETABLE_END,CART_NO) values ('unknown2',null,null,null,null,null,null,null,null,null,null,null,null,null,null,null,null,null,null,null,null);
Insert into LEARN.CART_VIEW (USER_ID,USER_NAME,POINTS,LECTURE_NO,TEACHER,LECTURE_WRITER,CATEGORY_NAME,LECTURE_TITLE,LECTURE_DUE,LECTURE_LEVEL,LECTURE_SALERATE,LECTURE_SALEDUE,LECTURE_PRICE,LECTURE_REGDATE,LECTURE_COVERIMG,LECTURE_SECTION,LECTURE_ON_OFF,TIMETABLE_NO,TIMETABLE_START,TIMETABLE_END,CART_NO) values ('unknown1',null,null,null,null,null,null,null,null,null,null,null,null,null,null,null,null,null,null,null,null);
Insert into LEARN.CART_VIEW (USER_ID,USER_NAME,POINTS,LECTURE_NO,TEACHER,LECTURE_WRITER,CATEGORY_NAME,LECTURE_TITLE,LECTURE_DUE,LECTURE_LEVEL,LECTURE_SALERATE,LECTURE_SALEDUE,LECTURE_PRICE,LECTURE_REGDATE,LECTURE_COVERIMG,LECTURE_SECTION,LECTURE_ON_OFF,TIMETABLE_NO,TIMETABLE_START,TIMETABLE_END,CART_NO) values ('testMember@test.com','테스터2',0,null,null,null,null,null,null,null,null,null,null,null,null,null,null,null,null,null,null);
Insert into LEARN.CART_VIEW (USER_ID,USER_NAME,POINTS,LECTURE_NO,TEACHER,LECTURE_WRITER,CATEGORY_NAME,LECTURE_TITLE,LECTURE_DUE,LECTURE_LEVEL,LECTURE_SALERATE,LECTURE_SALEDUE,LECTURE_PRICE,LECTURE_REGDATE,LECTURE_COVERIMG,LECTURE_SECTION,LECTURE_ON_OFF,TIMETABLE_NO,TIMETABLE_START,TIMETABLE_END,CART_NO) values ('test@naver.com','홍길동3',0,null,null,null,null,null,null,null,null,null,null,null,null,null,null,null,null,null,null);
Insert into LEARN.CART_VIEW (USER_ID,USER_NAME,POINTS,LECTURE_NO,TEACHER,LECTURE_WRITER,CATEGORY_NAME,LECTURE_TITLE,LECTURE_DUE,LECTURE_LEVEL,LECTURE_SALERATE,LECTURE_SALEDUE,LECTURE_PRICE,LECTURE_REGDATE,LECTURE_COVERIMG,LECTURE_SECTION,LECTURE_ON_OFF,TIMETABLE_NO,TIMETABLE_START,TIMETABLE_END,CART_NO) values ('s2skkim1993@gmail.com','김수경',0,null,null,null,null,null,null,null,null,null,null,null,null,null,null,null,null,null,null);
Insert into LEARN.CART_VIEW (USER_ID,USER_NAME,POINTS,LECTURE_NO,TEACHER,LECTURE_WRITER,CATEGORY_NAME,LECTURE_TITLE,LECTURE_DUE,LECTURE_LEVEL,LECTURE_SALERATE,LECTURE_SALEDUE,LECTURE_PRICE,LECTURE_REGDATE,LECTURE_COVERIMG,LECTURE_SECTION,LECTURE_ON_OFF,TIMETABLE_NO,TIMETABLE_START,TIMETABLE_END,CART_NO) values ('outputlearn.manager@gmail.com','홍길동8',null,null,null,null,null,null,null,null,null,null,null,null,null,null,null,null,null,null,null);
Insert into LEARN.CART_VIEW (USER_ID,USER_NAME,POINTS,LECTURE_NO,TEACHER,LECTURE_WRITER,CATEGORY_NAME,LECTURE_TITLE,LECTURE_DUE,LECTURE_LEVEL,LECTURE_SALERATE,LECTURE_SALEDUE,LECTURE_PRICE,LECTURE_REGDATE,LECTURE_COVERIMG,LECTURE_SECTION,LECTURE_ON_OFF,TIMETABLE_NO,TIMETABLE_START,TIMETABLE_END,CART_NO) values ('khjz0919@nate.com','김현지',0,null,null,null,null,null,null,null,null,null,null,null,null,null,null,null,null,null,null);
Insert into LEARN.CART_VIEW (USER_ID,USER_NAME,POINTS,LECTURE_NO,TEACHER,LECTURE_WRITER,CATEGORY_NAME,LECTURE_TITLE,LECTURE_DUE,LECTURE_LEVEL,LECTURE_SALERATE,LECTURE_SALEDUE,LECTURE_PRICE,LECTURE_REGDATE,LECTURE_COVERIMG,LECTURE_SECTION,LECTURE_ON_OFF,TIMETABLE_NO,TIMETABLE_START,TIMETABLE_END,CART_NO) values ('julie14s2@naver.com','안지수2',0,null,null,null,null,null,null,null,null,null,null,null,null,null,null,null,null,null,null);
Insert into LEARN.CART_VIEW (USER_ID,USER_NAME,POINTS,LECTURE_NO,TEACHER,LECTURE_WRITER,CATEGORY_NAME,LECTURE_TITLE,LECTURE_DUE,LECTURE_LEVEL,LECTURE_SALERATE,LECTURE_SALEDUE,LECTURE_PRICE,LECTURE_REGDATE,LECTURE_COVERIMG,LECTURE_SECTION,LECTURE_ON_OFF,TIMETABLE_NO,TIMETABLE_START,TIMETABLE_END,CART_NO) values ('gee1suu@gmail.com','안지수1',0,null,null,null,null,null,null,null,null,null,null,null,null,null,null,null,null,null,null);
Insert into LEARN.CART_VIEW (USER_ID,USER_NAME,POINTS,LECTURE_NO,TEACHER,LECTURE_WRITER,CATEGORY_NAME,LECTURE_TITLE,LECTURE_DUE,LECTURE_LEVEL,LECTURE_SALERATE,LECTURE_SALEDUE,LECTURE_PRICE,LECTURE_REGDATE,LECTURE_COVERIMG,LECTURE_SECTION,LECTURE_ON_OFF,TIMETABLE_NO,TIMETABLE_START,TIMETABLE_END,CART_NO) values ('dldldlwjdans@naver.com','홍길동1',0,null,null,null,null,null,null,null,null,null,null,null,null,null,null,null,null,null,null);
Insert into LEARN.CART_VIEW (USER_ID,USER_NAME,POINTS,LECTURE_NO,TEACHER,LECTURE_WRITER,CATEGORY_NAME,LECTURE_TITLE,LECTURE_DUE,LECTURE_LEVEL,LECTURE_SALERATE,LECTURE_SALEDUE,LECTURE_PRICE,LECTURE_REGDATE,LECTURE_COVERIMG,LECTURE_SECTION,LECTURE_ON_OFF,TIMETABLE_NO,TIMETABLE_START,TIMETABLE_END,CART_NO) values ('dldldlwjdans5@naver.com','홍기리리동',0,null,null,null,null,null,null,null,null,null,null,null,null,null,null,null,null,null,null);
Insert into LEARN.CART_VIEW (USER_ID,USER_NAME,POINTS,LECTURE_NO,TEACHER,LECTURE_WRITER,CATEGORY_NAME,LECTURE_TITLE,LECTURE_DUE,LECTURE_LEVEL,LECTURE_SALERATE,LECTURE_SALEDUE,LECTURE_PRICE,LECTURE_REGDATE,LECTURE_COVERIMG,LECTURE_SECTION,LECTURE_ON_OFF,TIMETABLE_NO,TIMETABLE_START,TIMETABLE_END,CART_NO) values ('dldldlwjdans3@naver.com','홍길동5',0,null,null,null,null,null,null,null,null,null,null,null,null,null,null,null,null,null,null);
Insert into LEARN.CART_VIEW (USER_ID,USER_NAME,POINTS,LECTURE_NO,TEACHER,LECTURE_WRITER,CATEGORY_NAME,LECTURE_TITLE,LECTURE_DUE,LECTURE_LEVEL,LECTURE_SALERATE,LECTURE_SALEDUE,LECTURE_PRICE,LECTURE_REGDATE,LECTURE_COVERIMG,LECTURE_SECTION,LECTURE_ON_OFF,TIMETABLE_NO,TIMETABLE_START,TIMETABLE_END,CART_NO) values ('dldldlwjdans2@naver.com',null,0,null,null,null,null,null,null,null,null,null,null,null,null,null,null,null,null,null,null);
Insert into LEARN.CART_VIEW (USER_ID,USER_NAME,POINTS,LECTURE_NO,TEACHER,LECTURE_WRITER,CATEGORY_NAME,LECTURE_TITLE,LECTURE_DUE,LECTURE_LEVEL,LECTURE_SALERATE,LECTURE_SALEDUE,LECTURE_PRICE,LECTURE_REGDATE,LECTURE_COVERIMG,LECTURE_SECTION,LECTURE_ON_OFF,TIMETABLE_NO,TIMETABLE_START,TIMETABLE_END,CART_NO) values ('admin@test.com','홍길동4',100,null,null,null,null,null,null,null,null,null,null,null,null,null,null,null,null,null,null);
Insert into LEARN.CART_VIEW (USER_ID,USER_NAME,POINTS,LECTURE_NO,TEACHER,LECTURE_WRITER,CATEGORY_NAME,LECTURE_TITLE,LECTURE_DUE,LECTURE_LEVEL,LECTURE_SALERATE,LECTURE_SALEDUE,LECTURE_PRICE,LECTURE_REGDATE,LECTURE_COVERIMG,LECTURE_SECTION,LECTURE_ON_OFF,TIMETABLE_NO,TIMETABLE_START,TIMETABLE_END,CART_NO) values ('admin2@naverm.com','홍길동7',0,null,null,null,null,null,null,null,null,null,null,null,null,null,null,null,null,null,null);
Insert into LEARN.CART_VIEW (USER_ID,USER_NAME,POINTS,LECTURE_NO,TEACHER,LECTURE_WRITER,CATEGORY_NAME,LECTURE_TITLE,LECTURE_DUE,LECTURE_LEVEL,LECTURE_SALERATE,LECTURE_SALEDUE,LECTURE_PRICE,LECTURE_REGDATE,LECTURE_COVERIMG,LECTURE_SECTION,LECTURE_ON_OFF,TIMETABLE_NO,TIMETABLE_START,TIMETABLE_END,CART_NO) values ('admin23@naverm.com','홍길동2',0,null,null,null,null,null,null,null,null,null,null,null,null,null,null,null,null,null,null);
REM INSERTING into LEARN.LIKE_VIEW
SET DEFINE OFF;
Insert into LEARN.LIKE_VIEW (LIKE_NO,LECTURE_NO,USER_ID,TEACHER,CATEGORY_NAME,LECTURE_TITLE,LECTURE_WRITER,LECTURE_LEVEL,LECTURE_SUMMARY,LECTURE_SALERATE,LECTURE_PRICE,LECTURE_COVERIMG,STUDENT_COUNT) values (6,5,'dldldlwjdans4@naver.com','dldldlwjdans5@naver.com','보안·네트워크','CAN 통신 - 자동차 신입이 알아야 할 모든 것','홍기리리동','초급','본 강의는 멤버십 구독 개념으로 한 번 구매하면 계속 추가되는 수업도 수강할 수 있습니다😃',0,55000,'https://cdn.inflearn.com/public/courses/329480/cover/dc203b59-e468-4cda-9368-d72794c1213e/329480-eng.jpg',0);
Insert into LEARN.LIKE_VIEW (LIKE_NO,LECTURE_NO,USER_ID,TEACHER,CATEGORY_NAME,LECTURE_TITLE,LECTURE_WRITER,LECTURE_LEVEL,LECTURE_SUMMARY,LECTURE_SALERATE,LECTURE_PRICE,LECTURE_COVERIMG,STUDENT_COUNT) values (192,13,'tester@naver.com','dldldlwjdans5@naver.com','직무·마케팅','Axure RP 9,10 - 서비스 기획자를 위한 최적의 프로토타이핑 툴','홍기리리동','초급','말을 잘하고 싶나요? 발표할 때 자꾸 긴장하나요? 13년차 아나운서 흥버튼에게 체계적으로 스피치를 배워 보세요. 당신의 인생이 달라질 겁니다.',0,99000,'https://cdn.inflearn.com/public/courses/326055/cover/f364be4a-3853-4e15-b489-674810209003',9);
Insert into LEARN.LIKE_VIEW (LIKE_NO,LECTURE_NO,USER_ID,TEACHER,CATEGORY_NAME,LECTURE_TITLE,LECTURE_WRITER,LECTURE_LEVEL,LECTURE_SUMMARY,LECTURE_SALERATE,LECTURE_PRICE,LECTURE_COVERIMG,STUDENT_COUNT) values (252,15,'tester@naver.com','dldldlwjdans5@naver.com','데이터 사이언스','파이썬 증권 데이터 수집과 분석으로 신호와 소음 찾기','홍기리리동','입문','인프런의 첫 오프라인 콘퍼런스',0,0,'https://cdn.inflearn.com/public/courses/326383/cover/4c038b06-8afa-4ae8-b14a-5ed22cfabce0/326383-eng.png',0);
Insert into LEARN.LIKE_VIEW (LIKE_NO,LECTURE_NO,USER_ID,TEACHER,CATEGORY_NAME,LECTURE_TITLE,LECTURE_WRITER,LECTURE_LEVEL,LECTURE_SUMMARY,LECTURE_SALERATE,LECTURE_PRICE,LECTURE_COVERIMG,STUDENT_COUNT) values (250,1,'tester@naver.com','dldldlwjdans5@naver.com','개발·프로그래밍','넓고 얕게 외워서 컴공 전공자 되기','홍기리리동','입문','말을 잘하고 싶나요? 발표할 때 자꾸 긴장하나요? 13년차 아나운서 흥버튼에게 체계적으로 스피치를 배워 보세요. 당신의 인생이 달라질 겁니다.',10,99000,'https://cdn.inflearn.com/public/courses/329605/cover/7f7d4d9a-e739-482c-8e16-71081b4793b5/329605-eng.jpg',1);
Insert into LEARN.LIKE_VIEW (LIKE_NO,LECTURE_NO,USER_ID,TEACHER,CATEGORY_NAME,LECTURE_TITLE,LECTURE_WRITER,LECTURE_LEVEL,LECTURE_SUMMARY,LECTURE_SALERATE,LECTURE_PRICE,LECTURE_COVERIMG,STUDENT_COUNT) values (263,1,'dldldlwjdans4@naver.com','dldldlwjdans5@naver.com','개발·프로그래밍','넓고 얕게 외워서 컴공 전공자 되기','홍기리리동','입문','말을 잘하고 싶나요? 발표할 때 자꾸 긴장하나요? 13년차 아나운서 흥버튼에게 체계적으로 스피치를 배워 보세요. 당신의 인생이 달라질 겁니다.',10,99000,'https://cdn.inflearn.com/public/courses/329605/cover/7f7d4d9a-e739-482c-8e16-71081b4793b5/329605-eng.jpg',1);
Insert into LEARN.LIKE_VIEW (LIKE_NO,LECTURE_NO,USER_ID,TEACHER,CATEGORY_NAME,LECTURE_TITLE,LECTURE_WRITER,LECTURE_LEVEL,LECTURE_SUMMARY,LECTURE_SALERATE,LECTURE_PRICE,LECTURE_COVERIMG,STUDENT_COUNT) values (264,1,'dldldlwjdans5@naver.com','dldldlwjdans5@naver.com','개발·프로그래밍','넓고 얕게 외워서 컴공 전공자 되기','홍기리리동','입문','말을 잘하고 싶나요? 발표할 때 자꾸 긴장하나요? 13년차 아나운서 흥버튼에게 체계적으로 스피치를 배워 보세요. 당신의 인생이 달라질 겁니다.',10,99000,'https://cdn.inflearn.com/public/courses/329605/cover/7f7d4d9a-e739-482c-8e16-71081b4793b5/329605-eng.jpg',1);
Insert into LEARN.LIKE_VIEW (LIKE_NO,LECTURE_NO,USER_ID,TEACHER,CATEGORY_NAME,LECTURE_TITLE,LECTURE_WRITER,LECTURE_LEVEL,LECTURE_SUMMARY,LECTURE_SALERATE,LECTURE_PRICE,LECTURE_COVERIMG,STUDENT_COUNT) values (258,2,'dldldlwjdans5@naver.com','dldldlwjdans5@naver.com','게임 개발','[입문자를 위한 UE5] Part1. 언리얼 엔진 블루프린트','홍기리리동','입문','3dsmax를 처음 접하시는 분들을 위한 막연한 두려움을 해소하고 반드시 알아야할 내용을 선별한 필수 입문강좌!',0,55000,'https://cdn.inflearn.com/public/courses/329214/cover/0d3f339b-06de-40c3-a41a-8633df325ade/329214-eng.jpg',2);
Insert into LEARN.LIKE_VIEW (LIKE_NO,LECTURE_NO,USER_ID,TEACHER,CATEGORY_NAME,LECTURE_TITLE,LECTURE_WRITER,LECTURE_LEVEL,LECTURE_SUMMARY,LECTURE_SALERATE,LECTURE_PRICE,LECTURE_COVERIMG,STUDENT_COUNT) values (257,2,'dldldlwjdans4@naver.com','dldldlwjdans5@naver.com','게임 개발','[입문자를 위한 UE5] Part1. 언리얼 엔진 블루프린트','홍기리리동','입문','3dsmax를 처음 접하시는 분들을 위한 막연한 두려움을 해소하고 반드시 알아야할 내용을 선별한 필수 입문강좌!',0,55000,'https://cdn.inflearn.com/public/courses/329214/cover/0d3f339b-06de-40c3-a41a-8633df325ade/329214-eng.jpg',2);
Insert into LEARN.LIKE_VIEW (LIKE_NO,LECTURE_NO,USER_ID,TEACHER,CATEGORY_NAME,LECTURE_TITLE,LECTURE_WRITER,LECTURE_LEVEL,LECTURE_SUMMARY,LECTURE_SALERATE,LECTURE_PRICE,LECTURE_COVERIMG,STUDENT_COUNT) values (260,3,'dldldlwjdans4@naver.com','dldldlwjdans5@naver.com','교양','스타트업 대표들이 배우는 청중을 사로잡는 발표 방법!','홍기리리동','입문','비즈니스 영어, 특히 이메일 작성에서 어려움을 겪으시는 분들이 빠른 시간 안에 치트키 쓰듯이 바로 바로 효과를 볼 수 있는 ''외국계 무역 기업 현업 8년차'' 영어 이메일 전문가의 노하우가 담긴 강의입니다.',0,33000,'https://cdn.inflearn.com/public/courses/328084/cover/421668e7-2bc4-4578-9749-553b253d53f6/328084-eng.png',1);
Insert into LEARN.LIKE_VIEW (LIKE_NO,LECTURE_NO,USER_ID,TEACHER,CATEGORY_NAME,LECTURE_TITLE,LECTURE_WRITER,LECTURE_LEVEL,LECTURE_SUMMARY,LECTURE_SALERATE,LECTURE_PRICE,LECTURE_COVERIMG,STUDENT_COUNT) values (253,3,'dldldlwjdans5@naver.com','dldldlwjdans5@naver.com','교양','스타트업 대표들이 배우는 청중을 사로잡는 발표 방법!','홍기리리동','입문','비즈니스 영어, 특히 이메일 작성에서 어려움을 겪으시는 분들이 빠른 시간 안에 치트키 쓰듯이 바로 바로 효과를 볼 수 있는 ''외국계 무역 기업 현업 8년차'' 영어 이메일 전문가의 노하우가 담긴 강의입니다.',0,33000,'https://cdn.inflearn.com/public/courses/328084/cover/421668e7-2bc4-4578-9749-553b253d53f6/328084-eng.png',1);
Insert into LEARN.LIKE_VIEW (LIKE_NO,LECTURE_NO,USER_ID,TEACHER,CATEGORY_NAME,LECTURE_TITLE,LECTURE_WRITER,LECTURE_LEVEL,LECTURE_SUMMARY,LECTURE_SALERATE,LECTURE_PRICE,LECTURE_COVERIMG,STUDENT_COUNT) values (251,3,'tester@naver.com','dldldlwjdans5@naver.com','교양','스타트업 대표들이 배우는 청중을 사로잡는 발표 방법!','홍기리리동','입문','비즈니스 영어, 특히 이메일 작성에서 어려움을 겪으시는 분들이 빠른 시간 안에 치트키 쓰듯이 바로 바로 효과를 볼 수 있는 ''외국계 무역 기업 현업 8년차'' 영어 이메일 전문가의 노하우가 담긴 강의입니다.',0,33000,'https://cdn.inflearn.com/public/courses/328084/cover/421668e7-2bc4-4578-9749-553b253d53f6/328084-eng.png',1);
Insert into LEARN.LIKE_VIEW (LIKE_NO,LECTURE_NO,USER_ID,TEACHER,CATEGORY_NAME,LECTURE_TITLE,LECTURE_WRITER,LECTURE_LEVEL,LECTURE_SUMMARY,LECTURE_SALERATE,LECTURE_PRICE,LECTURE_COVERIMG,STUDENT_COUNT) values (7,6,'dldldlwjdans4@naver.com','dldldlwjdans5@naver.com','직무·마케팅','Axure RP 9,10 - 서비스 기획자를 위한 최적의 프로토타이핑 툴','홍기리리동','초급','말을 잘하고 싶나요? 발표할 때 자꾸 긴장하나요? 13년차 아나운서 흥버튼에게 체계적으로 스피치를 배워 보세요. 당신의 인생이 달라질 겁니다.',0,99000,'https://cdn.inflearn.com/public/courses/326055/cover/f364be4a-3853-4e15-b489-674810209003',1);
Insert into LEARN.LIKE_VIEW (LIKE_NO,LECTURE_NO,USER_ID,TEACHER,CATEGORY_NAME,LECTURE_TITLE,LECTURE_WRITER,LECTURE_LEVEL,LECTURE_SUMMARY,LECTURE_SALERATE,LECTURE_PRICE,LECTURE_COVERIMG,STUDENT_COUNT) values (249,10,'tester@naver.com','dldldlwjdans5@naver.com','개발·프로그래밍','[오프라인] 넓고 얕게 외워서 컴공 전공자 되기','홍기리리동','입문','말을 잘하고 싶나요? 발표할 때 자꾸 긴장하나요? 13년차 아나운서 흥버튼에게 체계적으로 스피치를 배워 보세요. 당신의 인생이 달라질 겁니다.',30,99000,'https://cdn.inflearn.com/public/courses/329605/cover/7f7d4d9a-e739-482c-8e16-71081b4793b5/329605-eng.jpg',0);
Insert into LEARN.LIKE_VIEW (LIKE_NO,LECTURE_NO,USER_ID,TEACHER,CATEGORY_NAME,LECTURE_TITLE,LECTURE_WRITER,LECTURE_LEVEL,LECTURE_SUMMARY,LECTURE_SALERATE,LECTURE_PRICE,LECTURE_COVERIMG,STUDENT_COUNT) values (215,4,'dldldlwjdans4@naver.com','dldldlwjdans5@naver.com','데이터 사이언스','파이썬 증권 데이터 수집과 분석으로 신호와 소음 찾기','홍기리리동','입문','인프런의 첫 오프라인 콘퍼런스',0,0,'https://cdn.inflearn.com/public/courses/326383/cover/4c038b06-8afa-4ae8-b14a-5ed22cfabce0/326383-eng.png',0);
REM INSERTING into LEARN.ORDER_VIEW
SET DEFINE OFF;
Insert into LEARN.ORDER_VIEW (USER_ID,GRADE,USER_NAME,POINTS,LECTURE_NO,STUDENT_COUNT,LECTURE_TITLE,LECTURE_SALERATE,LECTURE_PRICE,ORDER_NO,ORDER_PRICE,ORDER_REGDATE,ORDER_PAYMENT,ORDER_DETAIL_NO,TIMETABLE_NO,ORDER_STATUS,LECTURE_RATE,LOG_NUM,USEPOINT_LOG,POINT_DATE) values ('dldldlwjdans4@naver.com','일반회원','홍길동6',80251,13,9,'Axure RP 9,10 - 서비스 기획자를 위한 최적의 프로토타이핑 툴',0,99000,15,185655,to_date('22/11/29','RR/MM/DD'),'카드',16,13,'0',0,'10',12345,to_date('22/11/29','RR/MM/DD'));
Insert into LEARN.ORDER_VIEW (USER_ID,GRADE,USER_NAME,POINTS,LECTURE_NO,STUDENT_COUNT,LECTURE_TITLE,LECTURE_SALERATE,LECTURE_PRICE,ORDER_NO,ORDER_PRICE,ORDER_REGDATE,ORDER_PAYMENT,ORDER_DETAIL_NO,TIMETABLE_NO,ORDER_STATUS,LECTURE_RATE,LOG_NUM,USEPOINT_LOG,POINT_DATE) values ('dldldlwjdans4@naver.com','일반회원','홍길동6',80251,13,9,'Axure RP 9,10 - 서비스 기획자를 위한 최적의 프로토타이핑 툴',0,99000,15,185655,to_date('22/11/29','RR/MM/DD'),'카드',15,13,'0',0,'10',12345,to_date('22/11/29','RR/MM/DD'));
Insert into LEARN.ORDER_VIEW (USER_ID,GRADE,USER_NAME,POINTS,LECTURE_NO,STUDENT_COUNT,LECTURE_TITLE,LECTURE_SALERATE,LECTURE_PRICE,ORDER_NO,ORDER_PRICE,ORDER_REGDATE,ORDER_PAYMENT,ORDER_DETAIL_NO,TIMETABLE_NO,ORDER_STATUS,LECTURE_RATE,LOG_NUM,USEPOINT_LOG,POINT_DATE) values ('dldldlwjdans4@naver.com','일반회원','홍길동6',80251,13,9,'Axure RP 9,10 - 서비스 기획자를 위한 최적의 프로토타이핑 툴',0,99000,13,493766,to_date('22/11/29','RR/MM/DD'),'카드',12,13,'0',0,'9',1234,to_date('22/11/29','RR/MM/DD'));
Insert into LEARN.ORDER_VIEW (USER_ID,GRADE,USER_NAME,POINTS,LECTURE_NO,STUDENT_COUNT,LECTURE_TITLE,LECTURE_SALERATE,LECTURE_PRICE,ORDER_NO,ORDER_PRICE,ORDER_REGDATE,ORDER_PAYMENT,ORDER_DETAIL_NO,TIMETABLE_NO,ORDER_STATUS,LECTURE_RATE,LOG_NUM,USEPOINT_LOG,POINT_DATE) values ('dldldlwjdans4@naver.com','일반회원','홍길동6',80251,13,9,'Axure RP 9,10 - 서비스 기획자를 위한 최적의 프로토타이핑 툴',0,99000,13,493766,to_date('22/11/29','RR/MM/DD'),'카드',11,13,'0',0,'9',1234,to_date('22/11/29','RR/MM/DD'));
Insert into LEARN.ORDER_VIEW (USER_ID,GRADE,USER_NAME,POINTS,LECTURE_NO,STUDENT_COUNT,LECTURE_TITLE,LECTURE_SALERATE,LECTURE_PRICE,ORDER_NO,ORDER_PRICE,ORDER_REGDATE,ORDER_PAYMENT,ORDER_DETAIL_NO,TIMETABLE_NO,ORDER_STATUS,LECTURE_RATE,LOG_NUM,USEPOINT_LOG,POINT_DATE) values ('dldldlwjdans4@naver.com','일반회원','홍길동6',80251,13,9,'Axure RP 9,10 - 서비스 기획자를 위한 최적의 프로토타이핑 툴',0,99000,13,493766,to_date('22/11/29','RR/MM/DD'),'카드',10,13,'0',0,'9',1234,to_date('22/11/29','RR/MM/DD'));
Insert into LEARN.ORDER_VIEW (USER_ID,GRADE,USER_NAME,POINTS,LECTURE_NO,STUDENT_COUNT,LECTURE_TITLE,LECTURE_SALERATE,LECTURE_PRICE,ORDER_NO,ORDER_PRICE,ORDER_REGDATE,ORDER_PAYMENT,ORDER_DETAIL_NO,TIMETABLE_NO,ORDER_STATUS,LECTURE_RATE,LOG_NUM,USEPOINT_LOG,POINT_DATE) values ('dldldlwjdans4@naver.com','일반회원','홍길동6',80251,13,9,'Axure RP 9,10 - 서비스 기획자를 위한 최적의 프로토타이핑 툴',0,99000,13,493766,to_date('22/11/29','RR/MM/DD'),'카드',9,13,'0',0,'9',1234,to_date('22/11/29','RR/MM/DD'));
Insert into LEARN.ORDER_VIEW (USER_ID,GRADE,USER_NAME,POINTS,LECTURE_NO,STUDENT_COUNT,LECTURE_TITLE,LECTURE_SALERATE,LECTURE_PRICE,ORDER_NO,ORDER_PRICE,ORDER_REGDATE,ORDER_PAYMENT,ORDER_DETAIL_NO,TIMETABLE_NO,ORDER_STATUS,LECTURE_RATE,LOG_NUM,USEPOINT_LOG,POINT_DATE) values ('dldldlwjdans4@naver.com','일반회원','홍길동6',80251,13,9,'Axure RP 9,10 - 서비스 기획자를 위한 최적의 프로토타이핑 툴',0,99000,13,493766,to_date('22/11/29','RR/MM/DD'),'카드',8,13,'0',0,'9',1234,to_date('22/11/29','RR/MM/DD'));
Insert into LEARN.ORDER_VIEW (USER_ID,GRADE,USER_NAME,POINTS,LECTURE_NO,STUDENT_COUNT,LECTURE_TITLE,LECTURE_SALERATE,LECTURE_PRICE,ORDER_NO,ORDER_PRICE,ORDER_REGDATE,ORDER_PAYMENT,ORDER_DETAIL_NO,TIMETABLE_NO,ORDER_STATUS,LECTURE_RATE,LOG_NUM,USEPOINT_LOG,POINT_DATE) values ('gee1suu@gmail.com','일반회원','안지수1',0,1,1,'넓고 얕게 외워서 컴공 전공자 되기',10,99000,1,99000,to_date('22/11/24','RR/MM/DD'),'카드',1,null,'0',0,'2',1,to_date('22/11/28','RR/MM/DD'));
Insert into LEARN.ORDER_VIEW (USER_ID,GRADE,USER_NAME,POINTS,LECTURE_NO,STUDENT_COUNT,LECTURE_TITLE,LECTURE_SALERATE,LECTURE_PRICE,ORDER_NO,ORDER_PRICE,ORDER_REGDATE,ORDER_PAYMENT,ORDER_DETAIL_NO,TIMETABLE_NO,ORDER_STATUS,LECTURE_RATE,LOG_NUM,USEPOINT_LOG,POINT_DATE) values ('dldldlwjdans4@naver.com','일반회원','홍길동6',80251,10,0,'[오프라인] 넓고 얕게 외워서 컴공 전공자 되기',30,99000,12,68066,to_date('22/11/28','RR/MM/DD'),'카드',7,5,'0',0,'8',1234,to_date('22/11/28','RR/MM/DD'));
--------------------------------------------------------
--  DDL for Index PK_BOARD_COMMENT
--------------------------------------------------------

  CREATE UNIQUE INDEX "LEARN"."PK_BOARD_COMMENT" ON "LEARN"."BOARD_COMMENT" ("COMMENT_NO") 
  PCTFREE 10 INITRANS 2 MAXTRANS 255 COMPUTE STATISTICS 
  STORAGE(INITIAL 65536 NEXT 1048576 MINEXTENTS 1 MAXEXTENTS 2147483645
  PCTINCREASE 0 FREELISTS 1 FREELIST GROUPS 1 BUFFER_POOL DEFAULT FLASH_CACHE DEFAULT CELL_FLASH_CACHE DEFAULT)
  TABLESPACE "USERS" ;
--------------------------------------------------------
--  DDL for Index PK_BOARD_COMMNET2
--------------------------------------------------------

  CREATE UNIQUE INDEX "LEARN"."PK_BOARD_COMMNET2" ON "LEARN"."BOARD_COMMENT2" ("COMMENT2_NO") 
  PCTFREE 10 INITRANS 2 MAXTRANS 255 COMPUTE STATISTICS 
  STORAGE(INITIAL 65536 NEXT 1048576 MINEXTENTS 1 MAXEXTENTS 2147483645
  PCTINCREASE 0 FREELISTS 1 FREELIST GROUPS 1 BUFFER_POOL DEFAULT FLASH_CACHE DEFAULT CELL_FLASH_CACHE DEFAULT)
  TABLESPACE "USERS" ;
--------------------------------------------------------
--  DDL for Index PK_CALLCENTER_COMMENT
--------------------------------------------------------

  CREATE UNIQUE INDEX "LEARN"."PK_CALLCENTER_COMMENT" ON "LEARN"."CALLCENTER_COMMENT" ("COMMENT_NO") 
  PCTFREE 10 INITRANS 2 MAXTRANS 255 COMPUTE STATISTICS 
  STORAGE(INITIAL 65536 NEXT 1048576 MINEXTENTS 1 MAXEXTENTS 2147483645
  PCTINCREASE 0 FREELISTS 1 FREELIST GROUPS 1 BUFFER_POOL DEFAULT FLASH_CACHE DEFAULT CELL_FLASH_CACHE DEFAULT)
  TABLESPACE "USERS" ;
--------------------------------------------------------
--  DDL for Index PK_CALL_CENTER
--------------------------------------------------------

  CREATE UNIQUE INDEX "LEARN"."PK_CALL_CENTER" ON "LEARN"."CALL_CENTER" ("QNA_NO") 
  PCTFREE 10 INITRANS 2 MAXTRANS 255 COMPUTE STATISTICS 
  STORAGE(INITIAL 65536 NEXT 1048576 MINEXTENTS 1 MAXEXTENTS 2147483645
  PCTINCREASE 0 FREELISTS 1 FREELIST GROUPS 1 BUFFER_POOL DEFAULT FLASH_CACHE DEFAULT CELL_FLASH_CACHE DEFAULT)
  TABLESPACE "USERS" ;
--------------------------------------------------------
--  DDL for Index PK_CART
--------------------------------------------------------

  CREATE UNIQUE INDEX "LEARN"."PK_CART" ON "LEARN"."CART" ("CART_NO") 
  PCTFREE 10 INITRANS 2 MAXTRANS 255 COMPUTE STATISTICS 
  STORAGE(INITIAL 65536 NEXT 1048576 MINEXTENTS 1 MAXEXTENTS 2147483645
  PCTINCREASE 0 FREELISTS 1 FREELIST GROUPS 1 BUFFER_POOL DEFAULT FLASH_CACHE DEFAULT CELL_FLASH_CACHE DEFAULT)
  TABLESPACE "USERS" ;
--------------------------------------------------------
--  DDL for Index PK_CATEGORY
--------------------------------------------------------

  CREATE UNIQUE INDEX "LEARN"."PK_CATEGORY" ON "LEARN"."CATEGORY" ("CATEGORY_NAME") 
  PCTFREE 10 INITRANS 2 MAXTRANS 255 COMPUTE STATISTICS 
  STORAGE(INITIAL 65536 NEXT 1048576 MINEXTENTS 1 MAXEXTENTS 2147483645
  PCTINCREASE 0 FREELISTS 1 FREELIST GROUPS 1 BUFFER_POOL DEFAULT FLASH_CACHE DEFAULT CELL_FLASH_CACHE DEFAULT)
  TABLESPACE "USERS" ;
--------------------------------------------------------
--  DDL for Index PK_CHATTING_LIST
--------------------------------------------------------

  CREATE UNIQUE INDEX "LEARN"."PK_CHATTING_LIST" ON "LEARN"."CHATTING_LIST" ("CHAT_NO") 
  PCTFREE 10 INITRANS 2 MAXTRANS 255 COMPUTE STATISTICS 
  STORAGE(INITIAL 65536 NEXT 1048576 MINEXTENTS 1 MAXEXTENTS 2147483645
  PCTINCREASE 0 FREELISTS 1 FREELIST GROUPS 1 BUFFER_POOL DEFAULT FLASH_CACHE DEFAULT CELL_FLASH_CACHE DEFAULT)
  TABLESPACE "USERS" ;
--------------------------------------------------------
--  DDL for Index PK_CLASS
--------------------------------------------------------

  CREATE UNIQUE INDEX "LEARN"."PK_CLASS" ON "LEARN"."CLASS" ("CLASS_NO") 
  PCTFREE 10 INITRANS 2 MAXTRANS 255 COMPUTE STATISTICS 
  STORAGE(INITIAL 65536 NEXT 1048576 MINEXTENTS 1 MAXEXTENTS 2147483645
  PCTINCREASE 0 FREELISTS 1 FREELIST GROUPS 1 BUFFER_POOL DEFAULT FLASH_CACHE DEFAULT CELL_FLASH_CACHE DEFAULT)
  TABLESPACE "USERS" ;
--------------------------------------------------------
--  DDL for Index PK_FAQ
--------------------------------------------------------

  CREATE UNIQUE INDEX "LEARN"."PK_FAQ" ON "LEARN"."FAQ" ("FAQ_NO") 
  PCTFREE 10 INITRANS 2 MAXTRANS 255 COMPUTE STATISTICS 
  STORAGE(INITIAL 65536 NEXT 1048576 MINEXTENTS 1 MAXEXTENTS 2147483645
  PCTINCREASE 0 FREELISTS 1 FREELIST GROUPS 1 BUFFER_POOL DEFAULT FLASH_CACHE DEFAULT CELL_FLASH_CACHE DEFAULT)
  TABLESPACE "USERS" ;
--------------------------------------------------------
--  DDL for Index PK_FREE_BOARD
--------------------------------------------------------

  CREATE UNIQUE INDEX "LEARN"."PK_FREE_BOARD" ON "LEARN"."FREE_BOARD" ("FBOARD_NO") 
  PCTFREE 10 INITRANS 2 MAXTRANS 255 COMPUTE STATISTICS 
  STORAGE(INITIAL 65536 NEXT 1048576 MINEXTENTS 1 MAXEXTENTS 2147483645
  PCTINCREASE 0 FREELISTS 1 FREELIST GROUPS 1 BUFFER_POOL DEFAULT FLASH_CACHE DEFAULT CELL_FLASH_CACHE DEFAULT)
  TABLESPACE "USERS" ;
--------------------------------------------------------
--  DDL for Index PK_FREE_BOOKMARK
--------------------------------------------------------

  CREATE UNIQUE INDEX "LEARN"."PK_FREE_BOOKMARK" ON "LEARN"."FREE_BOOKMARK" ("BOOKNARK_NO") 
  PCTFREE 10 INITRANS 2 MAXTRANS 255 COMPUTE STATISTICS 
  STORAGE(INITIAL 65536 NEXT 1048576 MINEXTENTS 1 MAXEXTENTS 2147483645
  PCTINCREASE 0 FREELISTS 1 FREELIST GROUPS 1 BUFFER_POOL DEFAULT FLASH_CACHE DEFAULT CELL_FLASH_CACHE DEFAULT)
  TABLESPACE "USERS" ;
--------------------------------------------------------
--  DDL for Index PK_GRADE
--------------------------------------------------------

  CREATE UNIQUE INDEX "LEARN"."PK_GRADE" ON "LEARN"."GRADE" ("GRADE") 
  PCTFREE 10 INITRANS 2 MAXTRANS 255 COMPUTE STATISTICS 
  STORAGE(INITIAL 65536 NEXT 1048576 MINEXTENTS 1 MAXEXTENTS 2147483645
  PCTINCREASE 0 FREELISTS 1 FREELIST GROUPS 1 BUFFER_POOL DEFAULT FLASH_CACHE DEFAULT CELL_FLASH_CACHE DEFAULT)
  TABLESPACE "USERS" ;
--------------------------------------------------------
--  DDL for Index PK_LECTURE
--------------------------------------------------------

  CREATE UNIQUE INDEX "LEARN"."PK_LECTURE" ON "LEARN"."LECTURE" ("LECTURE_NO") 
  PCTFREE 10 INITRANS 2 MAXTRANS 255 COMPUTE STATISTICS 
  STORAGE(INITIAL 65536 NEXT 1048576 MINEXTENTS 1 MAXEXTENTS 2147483645
  PCTINCREASE 0 FREELISTS 1 FREELIST GROUPS 1 BUFFER_POOL DEFAULT FLASH_CACHE DEFAULT CELL_FLASH_CACHE DEFAULT)
  TABLESPACE "USERS" ;
--------------------------------------------------------
--  DDL for Index PK_LECTURE_LIKE
--------------------------------------------------------

  CREATE UNIQUE INDEX "LEARN"."PK_LECTURE_LIKE" ON "LEARN"."LECTURE_LIKE" ("LIKE_NO") 
  PCTFREE 10 INITRANS 2 MAXTRANS 255 COMPUTE STATISTICS 
  STORAGE(INITIAL 65536 NEXT 1048576 MINEXTENTS 1 MAXEXTENTS 2147483645
  PCTINCREASE 0 FREELISTS 1 FREELIST GROUPS 1 BUFFER_POOL DEFAULT FLASH_CACHE DEFAULT CELL_FLASH_CACHE DEFAULT)
  TABLESPACE "USERS" ;
--------------------------------------------------------
--  DDL for Index PK_LECTURE_NEWS
--------------------------------------------------------

  CREATE UNIQUE INDEX "LEARN"."PK_LECTURE_NEWS" ON "LEARN"."LECTURE_NEWS" ("BOARD_NO") 
  PCTFREE 10 INITRANS 2 MAXTRANS 255 COMPUTE STATISTICS 
  STORAGE(INITIAL 65536 NEXT 1048576 MINEXTENTS 1 MAXEXTENTS 2147483645
  PCTINCREASE 0 FREELISTS 1 FREELIST GROUPS 1 BUFFER_POOL DEFAULT FLASH_CACHE DEFAULT CELL_FLASH_CACHE DEFAULT)
  TABLESPACE "USERS" ;
--------------------------------------------------------
--  DDL for Index PK_LECTURE_RIVIEW
--------------------------------------------------------

  CREATE UNIQUE INDEX "LEARN"."PK_LECTURE_RIVIEW" ON "LEARN"."LECTURE_REVIEW" ("BOARD_NO") 
  PCTFREE 10 INITRANS 2 MAXTRANS 255 COMPUTE STATISTICS 
  STORAGE(INITIAL 65536 NEXT 1048576 MINEXTENTS 1 MAXEXTENTS 2147483645
  PCTINCREASE 0 FREELISTS 1 FREELIST GROUPS 1 BUFFER_POOL DEFAULT FLASH_CACHE DEFAULT CELL_FLASH_CACHE DEFAULT)
  TABLESPACE "USERS" ;
--------------------------------------------------------
--  DDL for Index PK_LECTURE_RIVIEW_COMMENT
--------------------------------------------------------

  CREATE UNIQUE INDEX "LEARN"."PK_LECTURE_RIVIEW_COMMENT" ON "LEARN"."LECTURE_REVIEW_COMMENT" ("COMMENT_NO") 
  PCTFREE 10 INITRANS 2 MAXTRANS 255 COMPUTE STATISTICS 
  STORAGE(INITIAL 65536 NEXT 1048576 MINEXTENTS 1 MAXEXTENTS 2147483645
  PCTINCREASE 0 FREELISTS 1 FREELIST GROUPS 1 BUFFER_POOL DEFAULT FLASH_CACHE DEFAULT CELL_FLASH_CACHE DEFAULT)
  TABLESPACE "USERS" ;
--------------------------------------------------------
--  DDL for Index PK_NOTICE_BOARD
--------------------------------------------------------

  CREATE UNIQUE INDEX "LEARN"."PK_NOTICE_BOARD" ON "LEARN"."NOTICE_BOARD" ("BOARD_NO") 
  PCTFREE 10 INITRANS 2 MAXTRANS 255 COMPUTE STATISTICS 
  STORAGE(INITIAL 65536 NEXT 1048576 MINEXTENTS 1 MAXEXTENTS 2147483645
  PCTINCREASE 0 FREELISTS 1 FREELIST GROUPS 1 BUFFER_POOL DEFAULT FLASH_CACHE DEFAULT CELL_FLASH_CACHE DEFAULT)
  TABLESPACE "USERS" ;
--------------------------------------------------------
--  DDL for Index PK_OFF_TIMETABLE
--------------------------------------------------------

  CREATE UNIQUE INDEX "LEARN"."PK_OFF_TIMETABLE" ON "LEARN"."OFF_TIMETABLE" ("TIMETABLE_NO") 
  PCTFREE 10 INITRANS 2 MAXTRANS 255 COMPUTE STATISTICS 
  STORAGE(INITIAL 65536 NEXT 1048576 MINEXTENTS 1 MAXEXTENTS 2147483645
  PCTINCREASE 0 FREELISTS 1 FREELIST GROUPS 1 BUFFER_POOL DEFAULT FLASH_CACHE DEFAULT CELL_FLASH_CACHE DEFAULT)
  TABLESPACE "USERS" ;
--------------------------------------------------------
--  DDL for Index PK_ORDER
--------------------------------------------------------

  CREATE UNIQUE INDEX "LEARN"."PK_ORDER" ON "LEARN"."ORDERS" ("ORDER_NO") 
  PCTFREE 10 INITRANS 2 MAXTRANS 255 COMPUTE STATISTICS 
  STORAGE(INITIAL 65536 NEXT 1048576 MINEXTENTS 1 MAXEXTENTS 2147483645
  PCTINCREASE 0 FREELISTS 1 FREELIST GROUPS 1 BUFFER_POOL DEFAULT FLASH_CACHE DEFAULT CELL_FLASH_CACHE DEFAULT)
  TABLESPACE "USERS" ;
--------------------------------------------------------
--  DDL for Index PK_ORDER_DETAIL
--------------------------------------------------------

  CREATE UNIQUE INDEX "LEARN"."PK_ORDER_DETAIL" ON "LEARN"."ORDER_DETAIL" ("ORDER_DETAIL_NO") 
  PCTFREE 10 INITRANS 2 MAXTRANS 255 COMPUTE STATISTICS 
  STORAGE(INITIAL 65536 NEXT 1048576 MINEXTENTS 1 MAXEXTENTS 2147483645
  PCTINCREASE 0 FREELISTS 1 FREELIST GROUPS 1 BUFFER_POOL DEFAULT FLASH_CACHE DEFAULT CELL_FLASH_CACHE DEFAULT)
  TABLESPACE "USERS" ;
--------------------------------------------------------
--  DDL for Index PK_POINT_LOG
--------------------------------------------------------

  CREATE UNIQUE INDEX "LEARN"."PK_POINT_LOG" ON "LEARN"."POINT_LOG" ("LOG_NUM") 
  PCTFREE 10 INITRANS 2 MAXTRANS 255 COMPUTE STATISTICS 
  STORAGE(INITIAL 65536 NEXT 1048576 MINEXTENTS 1 MAXEXTENTS 2147483645
  PCTINCREASE 0 FREELISTS 1 FREELIST GROUPS 1 BUFFER_POOL DEFAULT FLASH_CACHE DEFAULT CELL_FLASH_CACHE DEFAULT)
  TABLESPACE "USERS" ;
--------------------------------------------------------
--  DDL for Index PK_QNA_BOOKMARK
--------------------------------------------------------

  CREATE UNIQUE INDEX "LEARN"."PK_QNA_BOOKMARK" ON "LEARN"."QNA_BOOKMARK" ("BOOKMARK_NO") 
  PCTFREE 10 INITRANS 2 MAXTRANS 255 COMPUTE STATISTICS 
  STORAGE(INITIAL 65536 NEXT 1048576 MINEXTENTS 1 MAXEXTENTS 2147483645
  PCTINCREASE 0 FREELISTS 1 FREELIST GROUPS 1 BUFFER_POOL DEFAULT FLASH_CACHE DEFAULT CELL_FLASH_CACHE DEFAULT)
  TABLESPACE "USERS" ;
--------------------------------------------------------
--  DDL for Index PK_QUESTION_ANSWER
--------------------------------------------------------

  CREATE UNIQUE INDEX "LEARN"."PK_QUESTION_ANSWER" ON "LEARN"."QUESTION_ANSWER" ("COMMENT_NO") 
  PCTFREE 10 INITRANS 2 MAXTRANS 255 COMPUTE STATISTICS 
  STORAGE(INITIAL 65536 NEXT 1048576 MINEXTENTS 1 MAXEXTENTS 2147483645
  PCTINCREASE 0 FREELISTS 1 FREELIST GROUPS 1 BUFFER_POOL DEFAULT FLASH_CACHE DEFAULT CELL_FLASH_CACHE DEFAULT)
  TABLESPACE "USERS" ;
--------------------------------------------------------
--  DDL for Index PK_QUESTION_ANSWER_COMMNET
--------------------------------------------------------

  CREATE UNIQUE INDEX "LEARN"."PK_QUESTION_ANSWER_COMMNET" ON "LEARN"."QUESTION_ANSWER_COMMENT" ("COMMENT2_NO") 
  PCTFREE 10 INITRANS 2 MAXTRANS 255 COMPUTE STATISTICS 
  STORAGE(INITIAL 65536 NEXT 1048576 MINEXTENTS 1 MAXEXTENTS 2147483645
  PCTINCREASE 0 FREELISTS 1 FREELIST GROUPS 1 BUFFER_POOL DEFAULT FLASH_CACHE DEFAULT CELL_FLASH_CACHE DEFAULT)
  TABLESPACE "USERS" ;
--------------------------------------------------------
--  DDL for Index PK_QUESTION_BOARD
--------------------------------------------------------

  CREATE UNIQUE INDEX "LEARN"."PK_QUESTION_BOARD" ON "LEARN"."QUESTION_BOARD" ("QBOARD_NO") 
  PCTFREE 10 INITRANS 2 MAXTRANS 255 COMPUTE STATISTICS 
  STORAGE(INITIAL 65536 NEXT 1048576 MINEXTENTS 1 MAXEXTENTS 2147483645
  PCTINCREASE 0 FREELISTS 1 FREELIST GROUPS 1 BUFFER_POOL DEFAULT FLASH_CACHE DEFAULT CELL_FLASH_CACHE DEFAULT)
  TABLESPACE "USERS" ;
--------------------------------------------------------
--  DDL for Index PK_RESUME
--------------------------------------------------------

  CREATE UNIQUE INDEX "LEARN"."PK_RESUME" ON "LEARN"."RESUME" ("USER_ID") 
  PCTFREE 10 INITRANS 2 MAXTRANS 255 COMPUTE STATISTICS 
  STORAGE(INITIAL 65536 NEXT 1048576 MINEXTENTS 1 MAXEXTENTS 2147483645
  PCTINCREASE 0 FREELISTS 1 FREELIST GROUPS 1 BUFFER_POOL DEFAULT FLASH_CACHE DEFAULT CELL_FLASH_CACHE DEFAULT)
  TABLESPACE "USERS" ;
--------------------------------------------------------
--  DDL for Index PK_ROADMAP
--------------------------------------------------------

  CREATE UNIQUE INDEX "LEARN"."PK_ROADMAP" ON "LEARN"."ROADMAP" ("RBOARD_NO") 
  PCTFREE 10 INITRANS 2 MAXTRANS 255 COMPUTE STATISTICS 
  STORAGE(INITIAL 65536 NEXT 1048576 MINEXTENTS 1 MAXEXTENTS 2147483645
  PCTINCREASE 0 FREELISTS 1 FREELIST GROUPS 1 BUFFER_POOL DEFAULT FLASH_CACHE DEFAULT CELL_FLASH_CACHE DEFAULT)
  TABLESPACE "USERS" ;
--------------------------------------------------------
--  DDL for Index PK_USER
--------------------------------------------------------

  CREATE UNIQUE INDEX "LEARN"."PK_USER" ON "LEARN"."USERS" ("USER_ID") 
  PCTFREE 10 INITRANS 2 MAXTRANS 255 COMPUTE STATISTICS 
  STORAGE(INITIAL 65536 NEXT 1048576 MINEXTENTS 1 MAXEXTENTS 2147483645
  PCTINCREASE 0 FREELISTS 1 FREELIST GROUPS 1 BUFFER_POOL DEFAULT FLASH_CACHE DEFAULT CELL_FLASH_CACHE DEFAULT)
  TABLESPACE "USERS" ;
--------------------------------------------------------
--  DDL for Index PK_VOTE
--------------------------------------------------------

  CREATE UNIQUE INDEX "LEARN"."PK_VOTE" ON "LEARN"."VOTE" ("VOTE_NO") 
  PCTFREE 10 INITRANS 2 MAXTRANS 255 COMPUTE STATISTICS 
  STORAGE(INITIAL 65536 NEXT 1048576 MINEXTENTS 1 MAXEXTENTS 2147483645
  PCTINCREASE 0 FREELISTS 1 FREELIST GROUPS 1 BUFFER_POOL DEFAULT FLASH_CACHE DEFAULT CELL_FLASH_CACHE DEFAULT)
  TABLESPACE "USERS" ;
--------------------------------------------------------
--  DDL for Index PK_VOTE_LOG
--------------------------------------------------------

  CREATE UNIQUE INDEX "LEARN"."PK_VOTE_LOG" ON "LEARN"."VOTE_LOG" ("VOTE_NO") 
  PCTFREE 10 INITRANS 2 MAXTRANS 255 COMPUTE STATISTICS 
  STORAGE(INITIAL 65536 NEXT 1048576 MINEXTENTS 1 MAXEXTENTS 2147483645
  PCTINCREASE 0 FREELISTS 1 FREELIST GROUPS 1 BUFFER_POOL DEFAULT FLASH_CACHE DEFAULT CELL_FLASH_CACHE DEFAULT)
  TABLESPACE "USERS" ;
--------------------------------------------------------
--  DDL for Index REPORT_RESULT_PK
--------------------------------------------------------

  CREATE UNIQUE INDEX "LEARN"."REPORT_RESULT_PK" ON "LEARN"."REPORT_RESULT" ("RESULT_NO") 
  PCTFREE 10 INITRANS 2 MAXTRANS 255 COMPUTE STATISTICS 
  STORAGE(INITIAL 65536 NEXT 1048576 MINEXTENTS 1 MAXEXTENTS 2147483645
  PCTINCREASE 0 FREELISTS 1 FREELIST GROUPS 1 BUFFER_POOL DEFAULT FLASH_CACHE DEFAULT CELL_FLASH_CACHE DEFAULT)
  TABLESPACE "USERS" ;
--------------------------------------------------------
--  DDL for Index SYS_C007827
--------------------------------------------------------

  CREATE UNIQUE INDEX "LEARN"."SYS_C007827" ON "LEARN"."CHATTING_CONTENTLIST" ("CONTENT_NO") 
  PCTFREE 10 INITRANS 2 MAXTRANS 255 COMPUTE STATISTICS 
  STORAGE(INITIAL 65536 NEXT 1048576 MINEXTENTS 1 MAXEXTENTS 2147483645
  PCTINCREASE 0 FREELISTS 1 FREELIST GROUPS 1 BUFFER_POOL DEFAULT FLASH_CACHE DEFAULT CELL_FLASH_CACHE DEFAULT)
  TABLESPACE "USERS" ;
--------------------------------------------------------
--  DDL for Index SYS_C007856
--------------------------------------------------------

  CREATE UNIQUE INDEX "LEARN"."SYS_C007856" ON "LEARN"."MEMBER_CHAT_ROOM_LIST" ("CHATROOM_NO") 
  PCTFREE 10 INITRANS 2 MAXTRANS 255 COMPUTE STATISTICS 
  STORAGE(INITIAL 65536 NEXT 1048576 MINEXTENTS 1 MAXEXTENTS 2147483645
  PCTINCREASE 0 FREELISTS 1 FREELIST GROUPS 1 BUFFER_POOL DEFAULT FLASH_CACHE DEFAULT CELL_FLASH_CACHE DEFAULT)
  TABLESPACE "USERS" ;
--------------------------------------------------------
--  DDL for Index SYS_C007864
--------------------------------------------------------

  CREATE UNIQUE INDEX "LEARN"."SYS_C007864" ON "LEARN"."ALRAM_LIST" ("A_NO") 
  PCTFREE 10 INITRANS 2 MAXTRANS 255 COMPUTE STATISTICS 
  STORAGE(INITIAL 65536 NEXT 1048576 MINEXTENTS 1 MAXEXTENTS 2147483645
  PCTINCREASE 0 FREELISTS 1 FREELIST GROUPS 1 BUFFER_POOL DEFAULT FLASH_CACHE DEFAULT CELL_FLASH_CACHE DEFAULT)
  TABLESPACE "USERS" ;
--------------------------------------------------------
--  DDL for Index SYS_C007864
--------------------------------------------------------

  CREATE UNIQUE INDEX "LEARN"."SYS_C007864" ON "LEARN"."ALRAM_LIST" ("A_NO") 
  PCTFREE 10 INITRANS 2 MAXTRANS 255 COMPUTE STATISTICS 
  STORAGE(INITIAL 65536 NEXT 1048576 MINEXTENTS 1 MAXEXTENTS 2147483645
  PCTINCREASE 0 FREELISTS 1 FREELIST GROUPS 1 BUFFER_POOL DEFAULT FLASH_CACHE DEFAULT CELL_FLASH_CACHE DEFAULT)
  TABLESPACE "USERS" ;
--------------------------------------------------------
--  DDL for Index PK_BOARD_COMMENT
--------------------------------------------------------

  CREATE UNIQUE INDEX "LEARN"."PK_BOARD_COMMENT" ON "LEARN"."BOARD_COMMENT" ("COMMENT_NO") 
  PCTFREE 10 INITRANS 2 MAXTRANS 255 COMPUTE STATISTICS 
  STORAGE(INITIAL 65536 NEXT 1048576 MINEXTENTS 1 MAXEXTENTS 2147483645
  PCTINCREASE 0 FREELISTS 1 FREELIST GROUPS 1 BUFFER_POOL DEFAULT FLASH_CACHE DEFAULT CELL_FLASH_CACHE DEFAULT)
  TABLESPACE "USERS" ;
--------------------------------------------------------
--  DDL for Index PK_BOARD_COMMNET2
--------------------------------------------------------

  CREATE UNIQUE INDEX "LEARN"."PK_BOARD_COMMNET2" ON "LEARN"."BOARD_COMMENT2" ("COMMENT2_NO") 
  PCTFREE 10 INITRANS 2 MAXTRANS 255 COMPUTE STATISTICS 
  STORAGE(INITIAL 65536 NEXT 1048576 MINEXTENTS 1 MAXEXTENTS 2147483645
  PCTINCREASE 0 FREELISTS 1 FREELIST GROUPS 1 BUFFER_POOL DEFAULT FLASH_CACHE DEFAULT CELL_FLASH_CACHE DEFAULT)
  TABLESPACE "USERS" ;
--------------------------------------------------------
--  DDL for Index PK_CALLCENTER_COMMENT
--------------------------------------------------------

  CREATE UNIQUE INDEX "LEARN"."PK_CALLCENTER_COMMENT" ON "LEARN"."CALLCENTER_COMMENT" ("COMMENT_NO") 
  PCTFREE 10 INITRANS 2 MAXTRANS 255 COMPUTE STATISTICS 
  STORAGE(INITIAL 65536 NEXT 1048576 MINEXTENTS 1 MAXEXTENTS 2147483645
  PCTINCREASE 0 FREELISTS 1 FREELIST GROUPS 1 BUFFER_POOL DEFAULT FLASH_CACHE DEFAULT CELL_FLASH_CACHE DEFAULT)
  TABLESPACE "USERS" ;
--------------------------------------------------------
--  DDL for Index PK_CALL_CENTER
--------------------------------------------------------

  CREATE UNIQUE INDEX "LEARN"."PK_CALL_CENTER" ON "LEARN"."CALL_CENTER" ("QNA_NO") 
  PCTFREE 10 INITRANS 2 MAXTRANS 255 COMPUTE STATISTICS 
  STORAGE(INITIAL 65536 NEXT 1048576 MINEXTENTS 1 MAXEXTENTS 2147483645
  PCTINCREASE 0 FREELISTS 1 FREELIST GROUPS 1 BUFFER_POOL DEFAULT FLASH_CACHE DEFAULT CELL_FLASH_CACHE DEFAULT)
  TABLESPACE "USERS" ;
--------------------------------------------------------
--  DDL for Index PK_CART
--------------------------------------------------------

  CREATE UNIQUE INDEX "LEARN"."PK_CART" ON "LEARN"."CART" ("CART_NO") 
  PCTFREE 10 INITRANS 2 MAXTRANS 255 COMPUTE STATISTICS 
  STORAGE(INITIAL 65536 NEXT 1048576 MINEXTENTS 1 MAXEXTENTS 2147483645
  PCTINCREASE 0 FREELISTS 1 FREELIST GROUPS 1 BUFFER_POOL DEFAULT FLASH_CACHE DEFAULT CELL_FLASH_CACHE DEFAULT)
  TABLESPACE "USERS" ;
--------------------------------------------------------
--  DDL for Index PK_CATEGORY
--------------------------------------------------------

  CREATE UNIQUE INDEX "LEARN"."PK_CATEGORY" ON "LEARN"."CATEGORY" ("CATEGORY_NAME") 
  PCTFREE 10 INITRANS 2 MAXTRANS 255 COMPUTE STATISTICS 
  STORAGE(INITIAL 65536 NEXT 1048576 MINEXTENTS 1 MAXEXTENTS 2147483645
  PCTINCREASE 0 FREELISTS 1 FREELIST GROUPS 1 BUFFER_POOL DEFAULT FLASH_CACHE DEFAULT CELL_FLASH_CACHE DEFAULT)
  TABLESPACE "USERS" ;
--------------------------------------------------------
--  DDL for Index SYS_C007827
--------------------------------------------------------

  CREATE UNIQUE INDEX "LEARN"."SYS_C007827" ON "LEARN"."CHATTING_CONTENTLIST" ("CONTENT_NO") 
  PCTFREE 10 INITRANS 2 MAXTRANS 255 COMPUTE STATISTICS 
  STORAGE(INITIAL 65536 NEXT 1048576 MINEXTENTS 1 MAXEXTENTS 2147483645
  PCTINCREASE 0 FREELISTS 1 FREELIST GROUPS 1 BUFFER_POOL DEFAULT FLASH_CACHE DEFAULT CELL_FLASH_CACHE DEFAULT)
  TABLESPACE "USERS" ;
--------------------------------------------------------
--  DDL for Index PK_CHATTING_LIST
--------------------------------------------------------

  CREATE UNIQUE INDEX "LEARN"."PK_CHATTING_LIST" ON "LEARN"."CHATTING_LIST" ("CHAT_NO") 
  PCTFREE 10 INITRANS 2 MAXTRANS 255 COMPUTE STATISTICS 
  STORAGE(INITIAL 65536 NEXT 1048576 MINEXTENTS 1 MAXEXTENTS 2147483645
  PCTINCREASE 0 FREELISTS 1 FREELIST GROUPS 1 BUFFER_POOL DEFAULT FLASH_CACHE DEFAULT CELL_FLASH_CACHE DEFAULT)
  TABLESPACE "USERS" ;
--------------------------------------------------------
--  DDL for Index PK_CLASS
--------------------------------------------------------

  CREATE UNIQUE INDEX "LEARN"."PK_CLASS" ON "LEARN"."CLASS" ("CLASS_NO") 
  PCTFREE 10 INITRANS 2 MAXTRANS 255 COMPUTE STATISTICS 
  STORAGE(INITIAL 65536 NEXT 1048576 MINEXTENTS 1 MAXEXTENTS 2147483645
  PCTINCREASE 0 FREELISTS 1 FREELIST GROUPS 1 BUFFER_POOL DEFAULT FLASH_CACHE DEFAULT CELL_FLASH_CACHE DEFAULT)
  TABLESPACE "USERS" ;
--------------------------------------------------------
--  DDL for Index PK_FAQ
--------------------------------------------------------

  CREATE UNIQUE INDEX "LEARN"."PK_FAQ" ON "LEARN"."FAQ" ("FAQ_NO") 
  PCTFREE 10 INITRANS 2 MAXTRANS 255 COMPUTE STATISTICS 
  STORAGE(INITIAL 65536 NEXT 1048576 MINEXTENTS 1 MAXEXTENTS 2147483645
  PCTINCREASE 0 FREELISTS 1 FREELIST GROUPS 1 BUFFER_POOL DEFAULT FLASH_CACHE DEFAULT CELL_FLASH_CACHE DEFAULT)
  TABLESPACE "USERS" ;
--------------------------------------------------------
--  DDL for Index PK_FREE_BOARD
--------------------------------------------------------

  CREATE UNIQUE INDEX "LEARN"."PK_FREE_BOARD" ON "LEARN"."FREE_BOARD" ("FBOARD_NO") 
  PCTFREE 10 INITRANS 2 MAXTRANS 255 COMPUTE STATISTICS 
  STORAGE(INITIAL 65536 NEXT 1048576 MINEXTENTS 1 MAXEXTENTS 2147483645
  PCTINCREASE 0 FREELISTS 1 FREELIST GROUPS 1 BUFFER_POOL DEFAULT FLASH_CACHE DEFAULT CELL_FLASH_CACHE DEFAULT)
  TABLESPACE "USERS" ;
--------------------------------------------------------
--  DDL for Index PK_FREE_BOOKMARK
--------------------------------------------------------

  CREATE UNIQUE INDEX "LEARN"."PK_FREE_BOOKMARK" ON "LEARN"."FREE_BOOKMARK" ("BOOKNARK_NO") 
  PCTFREE 10 INITRANS 2 MAXTRANS 255 COMPUTE STATISTICS 
  STORAGE(INITIAL 65536 NEXT 1048576 MINEXTENTS 1 MAXEXTENTS 2147483645
  PCTINCREASE 0 FREELISTS 1 FREELIST GROUPS 1 BUFFER_POOL DEFAULT FLASH_CACHE DEFAULT CELL_FLASH_CACHE DEFAULT)
  TABLESPACE "USERS" ;
--------------------------------------------------------
--  DDL for Index PK_GRADE
--------------------------------------------------------

  CREATE UNIQUE INDEX "LEARN"."PK_GRADE" ON "LEARN"."GRADE" ("GRADE") 
  PCTFREE 10 INITRANS 2 MAXTRANS 255 COMPUTE STATISTICS 
  STORAGE(INITIAL 65536 NEXT 1048576 MINEXTENTS 1 MAXEXTENTS 2147483645
  PCTINCREASE 0 FREELISTS 1 FREELIST GROUPS 1 BUFFER_POOL DEFAULT FLASH_CACHE DEFAULT CELL_FLASH_CACHE DEFAULT)
  TABLESPACE "USERS" ;
--------------------------------------------------------
--  DDL for Index PK_LECTURE
--------------------------------------------------------

  CREATE UNIQUE INDEX "LEARN"."PK_LECTURE" ON "LEARN"."LECTURE" ("LECTURE_NO") 
  PCTFREE 10 INITRANS 2 MAXTRANS 255 COMPUTE STATISTICS 
  STORAGE(INITIAL 65536 NEXT 1048576 MINEXTENTS 1 MAXEXTENTS 2147483645
  PCTINCREASE 0 FREELISTS 1 FREELIST GROUPS 1 BUFFER_POOL DEFAULT FLASH_CACHE DEFAULT CELL_FLASH_CACHE DEFAULT)
  TABLESPACE "USERS" ;
--------------------------------------------------------
--  DDL for Index PK_LECTURE_LIKE
--------------------------------------------------------

  CREATE UNIQUE INDEX "LEARN"."PK_LECTURE_LIKE" ON "LEARN"."LECTURE_LIKE" ("LIKE_NO") 
  PCTFREE 10 INITRANS 2 MAXTRANS 255 COMPUTE STATISTICS 
  STORAGE(INITIAL 65536 NEXT 1048576 MINEXTENTS 1 MAXEXTENTS 2147483645
  PCTINCREASE 0 FREELISTS 1 FREELIST GROUPS 1 BUFFER_POOL DEFAULT FLASH_CACHE DEFAULT CELL_FLASH_CACHE DEFAULT)
  TABLESPACE "USERS" ;
--------------------------------------------------------
--  DDL for Index PK_LECTURE_NEWS
--------------------------------------------------------

  CREATE UNIQUE INDEX "LEARN"."PK_LECTURE_NEWS" ON "LEARN"."LECTURE_NEWS" ("BOARD_NO") 
  PCTFREE 10 INITRANS 2 MAXTRANS 255 COMPUTE STATISTICS 
  STORAGE(INITIAL 65536 NEXT 1048576 MINEXTENTS 1 MAXEXTENTS 2147483645
  PCTINCREASE 0 FREELISTS 1 FREELIST GROUPS 1 BUFFER_POOL DEFAULT FLASH_CACHE DEFAULT CELL_FLASH_CACHE DEFAULT)
  TABLESPACE "USERS" ;
--------------------------------------------------------
--  DDL for Index PK_LECTURE_RIVIEW
--------------------------------------------------------

  CREATE UNIQUE INDEX "LEARN"."PK_LECTURE_RIVIEW" ON "LEARN"."LECTURE_REVIEW" ("BOARD_NO") 
  PCTFREE 10 INITRANS 2 MAXTRANS 255 COMPUTE STATISTICS 
  STORAGE(INITIAL 65536 NEXT 1048576 MINEXTENTS 1 MAXEXTENTS 2147483645
  PCTINCREASE 0 FREELISTS 1 FREELIST GROUPS 1 BUFFER_POOL DEFAULT FLASH_CACHE DEFAULT CELL_FLASH_CACHE DEFAULT)
  TABLESPACE "USERS" ;
--------------------------------------------------------
--  DDL for Index PK_LECTURE_RIVIEW_COMMENT
--------------------------------------------------------

  CREATE UNIQUE INDEX "LEARN"."PK_LECTURE_RIVIEW_COMMENT" ON "LEARN"."LECTURE_REVIEW_COMMENT" ("COMMENT_NO") 
  PCTFREE 10 INITRANS 2 MAXTRANS 255 COMPUTE STATISTICS 
  STORAGE(INITIAL 65536 NEXT 1048576 MINEXTENTS 1 MAXEXTENTS 2147483645
  PCTINCREASE 0 FREELISTS 1 FREELIST GROUPS 1 BUFFER_POOL DEFAULT FLASH_CACHE DEFAULT CELL_FLASH_CACHE DEFAULT)
  TABLESPACE "USERS" ;
--------------------------------------------------------
--  DDL for Index SYS_C007856
--------------------------------------------------------

  CREATE UNIQUE INDEX "LEARN"."SYS_C007856" ON "LEARN"."MEMBER_CHAT_ROOM_LIST" ("CHATROOM_NO") 
  PCTFREE 10 INITRANS 2 MAXTRANS 255 COMPUTE STATISTICS 
  STORAGE(INITIAL 65536 NEXT 1048576 MINEXTENTS 1 MAXEXTENTS 2147483645
  PCTINCREASE 0 FREELISTS 1 FREELIST GROUPS 1 BUFFER_POOL DEFAULT FLASH_CACHE DEFAULT CELL_FLASH_CACHE DEFAULT)
  TABLESPACE "USERS" ;
--------------------------------------------------------
--  DDL for Index PK_NOTICE_BOARD
--------------------------------------------------------

  CREATE UNIQUE INDEX "LEARN"."PK_NOTICE_BOARD" ON "LEARN"."NOTICE_BOARD" ("BOARD_NO") 
  PCTFREE 10 INITRANS 2 MAXTRANS 255 COMPUTE STATISTICS 
  STORAGE(INITIAL 65536 NEXT 1048576 MINEXTENTS 1 MAXEXTENTS 2147483645
  PCTINCREASE 0 FREELISTS 1 FREELIST GROUPS 1 BUFFER_POOL DEFAULT FLASH_CACHE DEFAULT CELL_FLASH_CACHE DEFAULT)
  TABLESPACE "USERS" ;
--------------------------------------------------------
--  DDL for Index PK_OFF_TIMETABLE
--------------------------------------------------------

  CREATE UNIQUE INDEX "LEARN"."PK_OFF_TIMETABLE" ON "LEARN"."OFF_TIMETABLE" ("TIMETABLE_NO") 
  PCTFREE 10 INITRANS 2 MAXTRANS 255 COMPUTE STATISTICS 
  STORAGE(INITIAL 65536 NEXT 1048576 MINEXTENTS 1 MAXEXTENTS 2147483645
  PCTINCREASE 0 FREELISTS 1 FREELIST GROUPS 1 BUFFER_POOL DEFAULT FLASH_CACHE DEFAULT CELL_FLASH_CACHE DEFAULT)
  TABLESPACE "USERS" ;
--------------------------------------------------------
--  DDL for Index PK_ORDER
--------------------------------------------------------

  CREATE UNIQUE INDEX "LEARN"."PK_ORDER" ON "LEARN"."ORDERS" ("ORDER_NO") 
  PCTFREE 10 INITRANS 2 MAXTRANS 255 COMPUTE STATISTICS 
  STORAGE(INITIAL 65536 NEXT 1048576 MINEXTENTS 1 MAXEXTENTS 2147483645
  PCTINCREASE 0 FREELISTS 1 FREELIST GROUPS 1 BUFFER_POOL DEFAULT FLASH_CACHE DEFAULT CELL_FLASH_CACHE DEFAULT)
  TABLESPACE "USERS" ;
--------------------------------------------------------
--  DDL for Index PK_ORDER_DETAIL
--------------------------------------------------------

  CREATE UNIQUE INDEX "LEARN"."PK_ORDER_DETAIL" ON "LEARN"."ORDER_DETAIL" ("ORDER_DETAIL_NO") 
  PCTFREE 10 INITRANS 2 MAXTRANS 255 COMPUTE STATISTICS 
  STORAGE(INITIAL 65536 NEXT 1048576 MINEXTENTS 1 MAXEXTENTS 2147483645
  PCTINCREASE 0 FREELISTS 1 FREELIST GROUPS 1 BUFFER_POOL DEFAULT FLASH_CACHE DEFAULT CELL_FLASH_CACHE DEFAULT)
  TABLESPACE "USERS" ;
--------------------------------------------------------
--  DDL for Index PK_POINT_LOG
--------------------------------------------------------

  CREATE UNIQUE INDEX "LEARN"."PK_POINT_LOG" ON "LEARN"."POINT_LOG" ("LOG_NUM") 
  PCTFREE 10 INITRANS 2 MAXTRANS 255 COMPUTE STATISTICS 
  STORAGE(INITIAL 65536 NEXT 1048576 MINEXTENTS 1 MAXEXTENTS 2147483645
  PCTINCREASE 0 FREELISTS 1 FREELIST GROUPS 1 BUFFER_POOL DEFAULT FLASH_CACHE DEFAULT CELL_FLASH_CACHE DEFAULT)
  TABLESPACE "USERS" ;
--------------------------------------------------------
--  DDL for Index PK_QNA_BOOKMARK
--------------------------------------------------------

  CREATE UNIQUE INDEX "LEARN"."PK_QNA_BOOKMARK" ON "LEARN"."QNA_BOOKMARK" ("BOOKMARK_NO") 
  PCTFREE 10 INITRANS 2 MAXTRANS 255 COMPUTE STATISTICS 
  STORAGE(INITIAL 65536 NEXT 1048576 MINEXTENTS 1 MAXEXTENTS 2147483645
  PCTINCREASE 0 FREELISTS 1 FREELIST GROUPS 1 BUFFER_POOL DEFAULT FLASH_CACHE DEFAULT CELL_FLASH_CACHE DEFAULT)
  TABLESPACE "USERS" ;
--------------------------------------------------------
--  DDL for Index PK_QUESTION_ANSWER
--------------------------------------------------------

  CREATE UNIQUE INDEX "LEARN"."PK_QUESTION_ANSWER" ON "LEARN"."QUESTION_ANSWER" ("COMMENT_NO") 
  PCTFREE 10 INITRANS 2 MAXTRANS 255 COMPUTE STATISTICS 
  STORAGE(INITIAL 65536 NEXT 1048576 MINEXTENTS 1 MAXEXTENTS 2147483645
  PCTINCREASE 0 FREELISTS 1 FREELIST GROUPS 1 BUFFER_POOL DEFAULT FLASH_CACHE DEFAULT CELL_FLASH_CACHE DEFAULT)
  TABLESPACE "USERS" ;
--------------------------------------------------------
--  DDL for Index PK_QUESTION_ANSWER_COMMNET
--------------------------------------------------------

  CREATE UNIQUE INDEX "LEARN"."PK_QUESTION_ANSWER_COMMNET" ON "LEARN"."QUESTION_ANSWER_COMMENT" ("COMMENT2_NO") 
  PCTFREE 10 INITRANS 2 MAXTRANS 255 COMPUTE STATISTICS 
  STORAGE(INITIAL 65536 NEXT 1048576 MINEXTENTS 1 MAXEXTENTS 2147483645
  PCTINCREASE 0 FREELISTS 1 FREELIST GROUPS 1 BUFFER_POOL DEFAULT FLASH_CACHE DEFAULT CELL_FLASH_CACHE DEFAULT)
  TABLESPACE "USERS" ;
--------------------------------------------------------
--  DDL for Index PK_QUESTION_BOARD
--------------------------------------------------------

  CREATE UNIQUE INDEX "LEARN"."PK_QUESTION_BOARD" ON "LEARN"."QUESTION_BOARD" ("QBOARD_NO") 
  PCTFREE 10 INITRANS 2 MAXTRANS 255 COMPUTE STATISTICS 
  STORAGE(INITIAL 65536 NEXT 1048576 MINEXTENTS 1 MAXEXTENTS 2147483645
  PCTINCREASE 0 FREELISTS 1 FREELIST GROUPS 1 BUFFER_POOL DEFAULT FLASH_CACHE DEFAULT CELL_FLASH_CACHE DEFAULT)
  TABLESPACE "USERS" ;
--------------------------------------------------------
--  DDL for Index REPORT_RESULT_PK
--------------------------------------------------------

  CREATE UNIQUE INDEX "LEARN"."REPORT_RESULT_PK" ON "LEARN"."REPORT_RESULT" ("RESULT_NO") 
  PCTFREE 10 INITRANS 2 MAXTRANS 255 COMPUTE STATISTICS 
  STORAGE(INITIAL 65536 NEXT 1048576 MINEXTENTS 1 MAXEXTENTS 2147483645
  PCTINCREASE 0 FREELISTS 1 FREELIST GROUPS 1 BUFFER_POOL DEFAULT FLASH_CACHE DEFAULT CELL_FLASH_CACHE DEFAULT)
  TABLESPACE "USERS" ;
--------------------------------------------------------
--  DDL for Index PK_RESUME
--------------------------------------------------------

  CREATE UNIQUE INDEX "LEARN"."PK_RESUME" ON "LEARN"."RESUME" ("USER_ID") 
  PCTFREE 10 INITRANS 2 MAXTRANS 255 COMPUTE STATISTICS 
  STORAGE(INITIAL 65536 NEXT 1048576 MINEXTENTS 1 MAXEXTENTS 2147483645
  PCTINCREASE 0 FREELISTS 1 FREELIST GROUPS 1 BUFFER_POOL DEFAULT FLASH_CACHE DEFAULT CELL_FLASH_CACHE DEFAULT)
  TABLESPACE "USERS" ;
--------------------------------------------------------
--  DDL for Index PK_ROADMAP
--------------------------------------------------------

  CREATE UNIQUE INDEX "LEARN"."PK_ROADMAP" ON "LEARN"."ROADMAP" ("RBOARD_NO") 
  PCTFREE 10 INITRANS 2 MAXTRANS 255 COMPUTE STATISTICS 
  STORAGE(INITIAL 65536 NEXT 1048576 MINEXTENTS 1 MAXEXTENTS 2147483645
  PCTINCREASE 0 FREELISTS 1 FREELIST GROUPS 1 BUFFER_POOL DEFAULT FLASH_CACHE DEFAULT CELL_FLASH_CACHE DEFAULT)
  TABLESPACE "USERS" ;
--------------------------------------------------------
--  DDL for Index PK_USER
--------------------------------------------------------

  CREATE UNIQUE INDEX "LEARN"."PK_USER" ON "LEARN"."USERS" ("USER_ID") 
  PCTFREE 10 INITRANS 2 MAXTRANS 255 COMPUTE STATISTICS 
  STORAGE(INITIAL 65536 NEXT 1048576 MINEXTENTS 1 MAXEXTENTS 2147483645
  PCTINCREASE 0 FREELISTS 1 FREELIST GROUPS 1 BUFFER_POOL DEFAULT FLASH_CACHE DEFAULT CELL_FLASH_CACHE DEFAULT)
  TABLESPACE "USERS" ;
--------------------------------------------------------
--  DDL for Index PK_VOTE
--------------------------------------------------------

  CREATE UNIQUE INDEX "LEARN"."PK_VOTE" ON "LEARN"."VOTE" ("VOTE_NO") 
  PCTFREE 10 INITRANS 2 MAXTRANS 255 COMPUTE STATISTICS 
  STORAGE(INITIAL 65536 NEXT 1048576 MINEXTENTS 1 MAXEXTENTS 2147483645
  PCTINCREASE 0 FREELISTS 1 FREELIST GROUPS 1 BUFFER_POOL DEFAULT FLASH_CACHE DEFAULT CELL_FLASH_CACHE DEFAULT)
  TABLESPACE "USERS" ;
--------------------------------------------------------
--  DDL for Index PK_VOTE_LOG
--------------------------------------------------------

  CREATE UNIQUE INDEX "LEARN"."PK_VOTE_LOG" ON "LEARN"."VOTE_LOG" ("VOTE_NO") 
  PCTFREE 10 INITRANS 2 MAXTRANS 255 COMPUTE STATISTICS 
  STORAGE(INITIAL 65536 NEXT 1048576 MINEXTENTS 1 MAXEXTENTS 2147483645
  PCTINCREASE 0 FREELISTS 1 FREELIST GROUPS 1 BUFFER_POOL DEFAULT FLASH_CACHE DEFAULT CELL_FLASH_CACHE DEFAULT)
  TABLESPACE "USERS" ;
--------------------------------------------------------
--  DDL for Procedure CHECK_LECTURE_SALE
--------------------------------------------------------
set define off;

  CREATE OR REPLACE PROCEDURE "LEARN"."CHECK_LECTURE_SALE" 
    IS
BEGIN
    UPDATE LECTURE
    SET LECTURE_SALERATE = 0
    WHERE LECTURE_SALEDUE < SYSDATE;END CHECK_LECTURE_SALE;


/
--------------------------------------------------------
--  Constraints for Table ALRAM_LIST
--------------------------------------------------------

  ALTER TABLE "LEARN"."ALRAM_LIST" ADD PRIMARY KEY ("A_NO")
  USING INDEX PCTFREE 10 INITRANS 2 MAXTRANS 255 COMPUTE STATISTICS 
  STORAGE(INITIAL 65536 NEXT 1048576 MINEXTENTS 1 MAXEXTENTS 2147483645
  PCTINCREASE 0 FREELISTS 1 FREELIST GROUPS 1 BUFFER_POOL DEFAULT FLASH_CACHE DEFAULT CELL_FLASH_CACHE DEFAULT)
  TABLESPACE "USERS"  ENABLE;
  ALTER TABLE "LEARN"."ALRAM_LIST" MODIFY ("TO_ID" NOT NULL ENABLE);
--------------------------------------------------------
--  Constraints for Table BOARD_COMMENT
--------------------------------------------------------

  ALTER TABLE "LEARN"."BOARD_COMMENT" MODIFY ("COMMENT_NO" NOT NULL ENABLE);
  ALTER TABLE "LEARN"."BOARD_COMMENT" MODIFY ("BOARD_NO" NOT NULL ENABLE);
  ALTER TABLE "LEARN"."BOARD_COMMENT" MODIFY ("USER_ID" NOT NULL ENABLE);
  ALTER TABLE "LEARN"."BOARD_COMMENT" MODIFY ("GRADE" NOT NULL ENABLE);
  ALTER TABLE "LEARN"."BOARD_COMMENT" ADD CONSTRAINT "PK_BOARD_COMMENT" PRIMARY KEY ("COMMENT_NO")
  USING INDEX PCTFREE 10 INITRANS 2 MAXTRANS 255 COMPUTE STATISTICS 
  STORAGE(INITIAL 65536 NEXT 1048576 MINEXTENTS 1 MAXEXTENTS 2147483645
  PCTINCREASE 0 FREELISTS 1 FREELIST GROUPS 1 BUFFER_POOL DEFAULT FLASH_CACHE DEFAULT CELL_FLASH_CACHE DEFAULT)
  TABLESPACE "USERS"  ENABLE;
--------------------------------------------------------
--  Constraints for Table BOARD_COMMENT2
--------------------------------------------------------

  ALTER TABLE "LEARN"."BOARD_COMMENT2" MODIFY ("COMMENT2_NO" NOT NULL ENABLE);
  ALTER TABLE "LEARN"."BOARD_COMMENT2" MODIFY ("COMMENT_NO" NOT NULL ENABLE);
  ALTER TABLE "LEARN"."BOARD_COMMENT2" MODIFY ("USER_ID" NOT NULL ENABLE);
  ALTER TABLE "LEARN"."BOARD_COMMENT2" MODIFY ("GRADE" NOT NULL ENABLE);
  ALTER TABLE "LEARN"."BOARD_COMMENT2" ADD CONSTRAINT "PK_BOARD_COMMNET2" PRIMARY KEY ("COMMENT2_NO")
  USING INDEX PCTFREE 10 INITRANS 2 MAXTRANS 255 COMPUTE STATISTICS 
  STORAGE(INITIAL 65536 NEXT 1048576 MINEXTENTS 1 MAXEXTENTS 2147483645
  PCTINCREASE 0 FREELISTS 1 FREELIST GROUPS 1 BUFFER_POOL DEFAULT FLASH_CACHE DEFAULT CELL_FLASH_CACHE DEFAULT)
  TABLESPACE "USERS"  ENABLE;
--------------------------------------------------------
--  Constraints for Table CALLCENTER_COMMENT
--------------------------------------------------------

  ALTER TABLE "LEARN"."CALLCENTER_COMMENT" MODIFY ("COMMENT_NO" NOT NULL ENABLE);
  ALTER TABLE "LEARN"."CALLCENTER_COMMENT" MODIFY ("QNA_NO" NOT NULL ENABLE);
  ALTER TABLE "LEARN"."CALLCENTER_COMMENT" MODIFY ("USER_ID" NOT NULL ENABLE);
  ALTER TABLE "LEARN"."CALLCENTER_COMMENT" MODIFY ("GRADE" NOT NULL ENABLE);
  ALTER TABLE "LEARN"."CALLCENTER_COMMENT" ADD CONSTRAINT "PK_CALLCENTER_COMMENT" PRIMARY KEY ("COMMENT_NO")
  USING INDEX PCTFREE 10 INITRANS 2 MAXTRANS 255 COMPUTE STATISTICS 
  STORAGE(INITIAL 65536 NEXT 1048576 MINEXTENTS 1 MAXEXTENTS 2147483645
  PCTINCREASE 0 FREELISTS 1 FREELIST GROUPS 1 BUFFER_POOL DEFAULT FLASH_CACHE DEFAULT CELL_FLASH_CACHE DEFAULT)
  TABLESPACE "USERS"  ENABLE;
--------------------------------------------------------
--  Constraints for Table CALL_CENTER
--------------------------------------------------------

  ALTER TABLE "LEARN"."CALL_CENTER" MODIFY ("QNA_NO" NOT NULL ENABLE);
  ALTER TABLE "LEARN"."CALL_CENTER" MODIFY ("USER_ID" NOT NULL ENABLE);
  ALTER TABLE "LEARN"."CALL_CENTER" MODIFY ("GRADE" NOT NULL ENABLE);
  ALTER TABLE "LEARN"."CALL_CENTER" ADD CONSTRAINT "PK_CALL_CENTER" PRIMARY KEY ("QNA_NO")
  USING INDEX PCTFREE 10 INITRANS 2 MAXTRANS 255 COMPUTE STATISTICS 
  STORAGE(INITIAL 65536 NEXT 1048576 MINEXTENTS 1 MAXEXTENTS 2147483645
  PCTINCREASE 0 FREELISTS 1 FREELIST GROUPS 1 BUFFER_POOL DEFAULT FLASH_CACHE DEFAULT CELL_FLASH_CACHE DEFAULT)
  TABLESPACE "USERS"  ENABLE;
--------------------------------------------------------
--  Constraints for Table CART
--------------------------------------------------------

  ALTER TABLE "LEARN"."CART" MODIFY ("CART_NO" NOT NULL ENABLE);
  ALTER TABLE "LEARN"."CART" MODIFY ("USER_ID" NOT NULL ENABLE);
  ALTER TABLE "LEARN"."CART" MODIFY ("LECTURE_NO" NOT NULL ENABLE);
  ALTER TABLE "LEARN"."CART" ADD CONSTRAINT "PK_CART" PRIMARY KEY ("CART_NO")
  USING INDEX PCTFREE 10 INITRANS 2 MAXTRANS 255 COMPUTE STATISTICS 
  STORAGE(INITIAL 65536 NEXT 1048576 MINEXTENTS 1 MAXEXTENTS 2147483645
  PCTINCREASE 0 FREELISTS 1 FREELIST GROUPS 1 BUFFER_POOL DEFAULT FLASH_CACHE DEFAULT CELL_FLASH_CACHE DEFAULT)
  TABLESPACE "USERS"  ENABLE;
--------------------------------------------------------
--  Constraints for Table CATEGORY
--------------------------------------------------------

  ALTER TABLE "LEARN"."CATEGORY" MODIFY ("CATEGORY_NAME" NOT NULL ENABLE);
  ALTER TABLE "LEARN"."CATEGORY" ADD CONSTRAINT "PK_CATEGORY" PRIMARY KEY ("CATEGORY_NAME")
  USING INDEX PCTFREE 10 INITRANS 2 MAXTRANS 255 COMPUTE STATISTICS 
  STORAGE(INITIAL 65536 NEXT 1048576 MINEXTENTS 1 MAXEXTENTS 2147483645
  PCTINCREASE 0 FREELISTS 1 FREELIST GROUPS 1 BUFFER_POOL DEFAULT FLASH_CACHE DEFAULT CELL_FLASH_CACHE DEFAULT)
  TABLESPACE "USERS"  ENABLE;
  ALTER TABLE "LEARN"."CATEGORY" MODIFY ("CATEGORY_NO" NOT NULL ENABLE);
--------------------------------------------------------
--  Constraints for Table CHATTING_CONTENTLIST
--------------------------------------------------------

  ALTER TABLE "LEARN"."CHATTING_CONTENTLIST" MODIFY ("CHAT_NO" NOT NULL ENABLE);
  ALTER TABLE "LEARN"."CHATTING_CONTENTLIST" ADD PRIMARY KEY ("CONTENT_NO")
  USING INDEX PCTFREE 10 INITRANS 2 MAXTRANS 255 COMPUTE STATISTICS 
  STORAGE(INITIAL 65536 NEXT 1048576 MINEXTENTS 1 MAXEXTENTS 2147483645
  PCTINCREASE 0 FREELISTS 1 FREELIST GROUPS 1 BUFFER_POOL DEFAULT FLASH_CACHE DEFAULT CELL_FLASH_CACHE DEFAULT)
  TABLESPACE "USERS"  ENABLE;
--------------------------------------------------------
--  Constraints for Table CHATTING_LIST
--------------------------------------------------------

  ALTER TABLE "LEARN"."CHATTING_LIST" MODIFY ("CHAT_NO" NOT NULL ENABLE);
  ALTER TABLE "LEARN"."CHATTING_LIST" MODIFY ("USER_ID" NOT NULL ENABLE);
  ALTER TABLE "LEARN"."CHATTING_LIST" ADD CONSTRAINT "PK_CHATTING_LIST" PRIMARY KEY ("CHAT_NO")
  USING INDEX PCTFREE 10 INITRANS 2 MAXTRANS 255 COMPUTE STATISTICS 
  STORAGE(INITIAL 65536 NEXT 1048576 MINEXTENTS 1 MAXEXTENTS 2147483645
  PCTINCREASE 0 FREELISTS 1 FREELIST GROUPS 1 BUFFER_POOL DEFAULT FLASH_CACHE DEFAULT CELL_FLASH_CACHE DEFAULT)
  TABLESPACE "USERS"  ENABLE;
--------------------------------------------------------
--  Constraints for Table CLASS
--------------------------------------------------------

  ALTER TABLE "LEARN"."CLASS" MODIFY ("CLASS_NO" NOT NULL ENABLE);
  ALTER TABLE "LEARN"."CLASS" MODIFY ("LECTURE_NO" NOT NULL ENABLE);
  ALTER TABLE "LEARN"."CLASS" MODIFY ("CATEGORY_NAME" NOT NULL ENABLE);
  ALTER TABLE "LEARN"."CLASS" ADD CONSTRAINT "PK_CLASS" PRIMARY KEY ("CLASS_NO")
  USING INDEX PCTFREE 10 INITRANS 2 MAXTRANS 255 COMPUTE STATISTICS 
  STORAGE(INITIAL 65536 NEXT 1048576 MINEXTENTS 1 MAXEXTENTS 2147483645
  PCTINCREASE 0 FREELISTS 1 FREELIST GROUPS 1 BUFFER_POOL DEFAULT FLASH_CACHE DEFAULT CELL_FLASH_CACHE DEFAULT)
  TABLESPACE "USERS"  ENABLE;
--------------------------------------------------------
--  Constraints for Table FAQ
--------------------------------------------------------

  ALTER TABLE "LEARN"."FAQ" MODIFY ("FAQ_NO" NOT NULL ENABLE);
  ALTER TABLE "LEARN"."FAQ" ADD CONSTRAINT "PK_FAQ" PRIMARY KEY ("FAQ_NO")
  USING INDEX PCTFREE 10 INITRANS 2 MAXTRANS 255 COMPUTE STATISTICS 
  STORAGE(INITIAL 65536 NEXT 1048576 MINEXTENTS 1 MAXEXTENTS 2147483645
  PCTINCREASE 0 FREELISTS 1 FREELIST GROUPS 1 BUFFER_POOL DEFAULT FLASH_CACHE DEFAULT CELL_FLASH_CACHE DEFAULT)
  TABLESPACE "USERS"  ENABLE;
--------------------------------------------------------
--  Constraints for Table FREE_BOARD
--------------------------------------------------------

  ALTER TABLE "LEARN"."FREE_BOARD" MODIFY ("FBOARD_NO" NOT NULL ENABLE);
  ALTER TABLE "LEARN"."FREE_BOARD" MODIFY ("USER_ID" NOT NULL ENABLE);
  ALTER TABLE "LEARN"."FREE_BOARD" MODIFY ("GRADE" NOT NULL ENABLE);
  ALTER TABLE "LEARN"."FREE_BOARD" ADD CONSTRAINT "PK_FREE_BOARD" PRIMARY KEY ("FBOARD_NO")
  USING INDEX PCTFREE 10 INITRANS 2 MAXTRANS 255 COMPUTE STATISTICS 
  STORAGE(INITIAL 65536 NEXT 1048576 MINEXTENTS 1 MAXEXTENTS 2147483645
  PCTINCREASE 0 FREELISTS 1 FREELIST GROUPS 1 BUFFER_POOL DEFAULT FLASH_CACHE DEFAULT CELL_FLASH_CACHE DEFAULT)
  TABLESPACE "USERS"  ENABLE;
--------------------------------------------------------
--  Constraints for Table FREE_BOOKMARK
--------------------------------------------------------

  ALTER TABLE "LEARN"."FREE_BOOKMARK" MODIFY ("BOOKNARK_NO" NOT NULL ENABLE);
  ALTER TABLE "LEARN"."FREE_BOOKMARK" MODIFY ("USER_ID" NOT NULL ENABLE);
  ALTER TABLE "LEARN"."FREE_BOOKMARK" MODIFY ("BOARD_NO" NOT NULL ENABLE);
  ALTER TABLE "LEARN"."FREE_BOOKMARK" MODIFY ("GRADE" NOT NULL ENABLE);
  ALTER TABLE "LEARN"."FREE_BOOKMARK" ADD CONSTRAINT "PK_FREE_BOOKMARK" PRIMARY KEY ("BOOKNARK_NO")
  USING INDEX PCTFREE 10 INITRANS 2 MAXTRANS 255 COMPUTE STATISTICS 
  STORAGE(INITIAL 65536 NEXT 1048576 MINEXTENTS 1 MAXEXTENTS 2147483645
  PCTINCREASE 0 FREELISTS 1 FREELIST GROUPS 1 BUFFER_POOL DEFAULT FLASH_CACHE DEFAULT CELL_FLASH_CACHE DEFAULT)
  TABLESPACE "USERS"  ENABLE;
--------------------------------------------------------
--  Constraints for Table FREE_LIKE
--------------------------------------------------------

  ALTER TABLE "LEARN"."FREE_LIKE" MODIFY ("USER_ID" NOT NULL ENABLE);
  ALTER TABLE "LEARN"."FREE_LIKE" MODIFY ("BOARD_NO" NOT NULL ENABLE);
--------------------------------------------------------
--  Constraints for Table GRADE
--------------------------------------------------------

  ALTER TABLE "LEARN"."GRADE" MODIFY ("GRADE" NOT NULL ENABLE);
  ALTER TABLE "LEARN"."GRADE" ADD CONSTRAINT "PK_GRADE" PRIMARY KEY ("GRADE")
  USING INDEX PCTFREE 10 INITRANS 2 MAXTRANS 255 COMPUTE STATISTICS 
  STORAGE(INITIAL 65536 NEXT 1048576 MINEXTENTS 1 MAXEXTENTS 2147483645
  PCTINCREASE 0 FREELISTS 1 FREELIST GROUPS 1 BUFFER_POOL DEFAULT FLASH_CACHE DEFAULT CELL_FLASH_CACHE DEFAULT)
  TABLESPACE "USERS"  ENABLE;
--------------------------------------------------------
--  Constraints for Table LECTURE
--------------------------------------------------------

  ALTER TABLE "LEARN"."LECTURE" MODIFY ("LECTURE_NO" NOT NULL ENABLE);
  ALTER TABLE "LEARN"."LECTURE" MODIFY ("USER_ID" NOT NULL ENABLE);
  ALTER TABLE "LEARN"."LECTURE" MODIFY ("CATEGORY_NAME" NOT NULL ENABLE);
  ALTER TABLE "LEARN"."LECTURE" ADD CONSTRAINT "PK_LECTURE" PRIMARY KEY ("LECTURE_NO")
  USING INDEX PCTFREE 10 INITRANS 2 MAXTRANS 255 COMPUTE STATISTICS 
  STORAGE(INITIAL 65536 NEXT 1048576 MINEXTENTS 1 MAXEXTENTS 2147483645
  PCTINCREASE 0 FREELISTS 1 FREELIST GROUPS 1 BUFFER_POOL DEFAULT FLASH_CACHE DEFAULT CELL_FLASH_CACHE DEFAULT)
  TABLESPACE "USERS"  ENABLE;
--------------------------------------------------------
--  Constraints for Table LECTURE_LIKE
--------------------------------------------------------

  ALTER TABLE "LEARN"."LECTURE_LIKE" MODIFY ("LIKE_NO" NOT NULL ENABLE);
  ALTER TABLE "LEARN"."LECTURE_LIKE" MODIFY ("LECTURE_NO" NOT NULL ENABLE);
  ALTER TABLE "LEARN"."LECTURE_LIKE" MODIFY ("USER_ID" NOT NULL ENABLE);
  ALTER TABLE "LEARN"."LECTURE_LIKE" ADD CONSTRAINT "PK_LECTURE_LIKE" PRIMARY KEY ("LIKE_NO")
  USING INDEX PCTFREE 10 INITRANS 2 MAXTRANS 255 COMPUTE STATISTICS 
  STORAGE(INITIAL 65536 NEXT 1048576 MINEXTENTS 1 MAXEXTENTS 2147483645
  PCTINCREASE 0 FREELISTS 1 FREELIST GROUPS 1 BUFFER_POOL DEFAULT FLASH_CACHE DEFAULT CELL_FLASH_CACHE DEFAULT)
  TABLESPACE "USERS"  ENABLE;
--------------------------------------------------------
--  Constraints for Table LECTURE_NEWS
--------------------------------------------------------

  ALTER TABLE "LEARN"."LECTURE_NEWS" MODIFY ("BOARD_NO" NOT NULL ENABLE);
  ALTER TABLE "LEARN"."LECTURE_NEWS" MODIFY ("LECTURE_NO" NOT NULL ENABLE);
  ALTER TABLE "LEARN"."LECTURE_NEWS" ADD CONSTRAINT "PK_LECTURE_NEWS" PRIMARY KEY ("BOARD_NO")
  USING INDEX PCTFREE 10 INITRANS 2 MAXTRANS 255 COMPUTE STATISTICS 
  STORAGE(INITIAL 65536 NEXT 1048576 MINEXTENTS 1 MAXEXTENTS 2147483645
  PCTINCREASE 0 FREELISTS 1 FREELIST GROUPS 1 BUFFER_POOL DEFAULT FLASH_CACHE DEFAULT CELL_FLASH_CACHE DEFAULT)
  TABLESPACE "USERS"  ENABLE;
--------------------------------------------------------
--  Constraints for Table LECTURE_REVIEW
--------------------------------------------------------

  ALTER TABLE "LEARN"."LECTURE_REVIEW" MODIFY ("BOARD_NO" NOT NULL ENABLE);
  ALTER TABLE "LEARN"."LECTURE_REVIEW" MODIFY ("LECTURE_NO" NOT NULL ENABLE);
  ALTER TABLE "LEARN"."LECTURE_REVIEW" MODIFY ("USER_ID" NOT NULL ENABLE);
  ALTER TABLE "LEARN"."LECTURE_REVIEW" ADD CONSTRAINT "PK_LECTURE_RIVIEW" PRIMARY KEY ("BOARD_NO")
  USING INDEX PCTFREE 10 INITRANS 2 MAXTRANS 255 COMPUTE STATISTICS 
  STORAGE(INITIAL 65536 NEXT 1048576 MINEXTENTS 1 MAXEXTENTS 2147483645
  PCTINCREASE 0 FREELISTS 1 FREELIST GROUPS 1 BUFFER_POOL DEFAULT FLASH_CACHE DEFAULT CELL_FLASH_CACHE DEFAULT)
  TABLESPACE "USERS"  ENABLE;
--------------------------------------------------------
--  Constraints for Table LECTURE_REVIEW_COMMENT
--------------------------------------------------------

  ALTER TABLE "LEARN"."LECTURE_REVIEW_COMMENT" MODIFY ("COMMENT_NO" NOT NULL ENABLE);
  ALTER TABLE "LEARN"."LECTURE_REVIEW_COMMENT" MODIFY ("BOARD_NO" NOT NULL ENABLE);
  ALTER TABLE "LEARN"."LECTURE_REVIEW_COMMENT" MODIFY ("LECTURE_NO" NOT NULL ENABLE);
  ALTER TABLE "LEARN"."LECTURE_REVIEW_COMMENT" ADD CONSTRAINT "PK_LECTURE_RIVIEW_COMMENT" PRIMARY KEY ("COMMENT_NO")
  USING INDEX PCTFREE 10 INITRANS 2 MAXTRANS 255 COMPUTE STATISTICS 
  STORAGE(INITIAL 65536 NEXT 1048576 MINEXTENTS 1 MAXEXTENTS 2147483645
  PCTINCREASE 0 FREELISTS 1 FREELIST GROUPS 1 BUFFER_POOL DEFAULT FLASH_CACHE DEFAULT CELL_FLASH_CACHE DEFAULT)
  TABLESPACE "USERS"  ENABLE;
--------------------------------------------------------
--  Constraints for Table MEMBER_CHAT_ROOM_LIST
--------------------------------------------------------

  ALTER TABLE "LEARN"."MEMBER_CHAT_ROOM_LIST" ADD PRIMARY KEY ("CHATROOM_NO")
  USING INDEX PCTFREE 10 INITRANS 2 MAXTRANS 255 COMPUTE STATISTICS 
  STORAGE(INITIAL 65536 NEXT 1048576 MINEXTENTS 1 MAXEXTENTS 2147483645
  PCTINCREASE 0 FREELISTS 1 FREELIST GROUPS 1 BUFFER_POOL DEFAULT FLASH_CACHE DEFAULT CELL_FLASH_CACHE DEFAULT)
  TABLESPACE "USERS"  ENABLE;
--------------------------------------------------------
--  Constraints for Table NOTICE_BOARD
--------------------------------------------------------

  ALTER TABLE "LEARN"."NOTICE_BOARD" MODIFY ("BOARD_NO" NOT NULL ENABLE);
  ALTER TABLE "LEARN"."NOTICE_BOARD" MODIFY ("USER_ID" NOT NULL ENABLE);
  ALTER TABLE "LEARN"."NOTICE_BOARD" MODIFY ("GRADE" NOT NULL ENABLE);
  ALTER TABLE "LEARN"."NOTICE_BOARD" ADD CONSTRAINT "PK_NOTICE_BOARD" PRIMARY KEY ("BOARD_NO")
  USING INDEX PCTFREE 10 INITRANS 2 MAXTRANS 255 COMPUTE STATISTICS 
  STORAGE(INITIAL 65536 NEXT 1048576 MINEXTENTS 1 MAXEXTENTS 2147483645
  PCTINCREASE 0 FREELISTS 1 FREELIST GROUPS 1 BUFFER_POOL DEFAULT FLASH_CACHE DEFAULT CELL_FLASH_CACHE DEFAULT)
  TABLESPACE "USERS"  ENABLE;
--------------------------------------------------------
--  Constraints for Table OFF_TIMETABLE
--------------------------------------------------------

  ALTER TABLE "LEARN"."OFF_TIMETABLE" MODIFY ("TIMETABLE_NO" NOT NULL ENABLE);
  ALTER TABLE "LEARN"."OFF_TIMETABLE" MODIFY ("LECTURE_NO" NOT NULL ENABLE);
  ALTER TABLE "LEARN"."OFF_TIMETABLE" ADD CONSTRAINT "PK_OFF_TIMETABLE" PRIMARY KEY ("TIMETABLE_NO")
  USING INDEX PCTFREE 10 INITRANS 2 MAXTRANS 255 COMPUTE STATISTICS 
  STORAGE(INITIAL 65536 NEXT 1048576 MINEXTENTS 1 MAXEXTENTS 2147483645
  PCTINCREASE 0 FREELISTS 1 FREELIST GROUPS 1 BUFFER_POOL DEFAULT FLASH_CACHE DEFAULT CELL_FLASH_CACHE DEFAULT)
  TABLESPACE "USERS"  ENABLE;
--------------------------------------------------------
--  Constraints for Table ORDERS
--------------------------------------------------------

  ALTER TABLE "LEARN"."ORDERS" MODIFY ("ORDER_NO" NOT NULL ENABLE);
  ALTER TABLE "LEARN"."ORDERS" MODIFY ("USER_ID" NOT NULL ENABLE);
  ALTER TABLE "LEARN"."ORDERS" ADD CONSTRAINT "PK_ORDER" PRIMARY KEY ("ORDER_NO")
  USING INDEX PCTFREE 10 INITRANS 2 MAXTRANS 255 COMPUTE STATISTICS 
  STORAGE(INITIAL 65536 NEXT 1048576 MINEXTENTS 1 MAXEXTENTS 2147483645
  PCTINCREASE 0 FREELISTS 1 FREELIST GROUPS 1 BUFFER_POOL DEFAULT FLASH_CACHE DEFAULT CELL_FLASH_CACHE DEFAULT)
  TABLESPACE "USERS"  ENABLE;
--------------------------------------------------------
--  Constraints for Table ORDER_DETAIL
--------------------------------------------------------

  ALTER TABLE "LEARN"."ORDER_DETAIL" MODIFY ("ORDER_DETAIL_NO" NOT NULL ENABLE);
  ALTER TABLE "LEARN"."ORDER_DETAIL" MODIFY ("ORDER_NO" NOT NULL ENABLE);
  ALTER TABLE "LEARN"."ORDER_DETAIL" MODIFY ("USER_ID" NOT NULL ENABLE);
  ALTER TABLE "LEARN"."ORDER_DETAIL" MODIFY ("LECTURE_NO" NOT NULL ENABLE);
  ALTER TABLE "LEARN"."ORDER_DETAIL" ADD CONSTRAINT "PK_ORDER_DETAIL" PRIMARY KEY ("ORDER_DETAIL_NO")
  USING INDEX PCTFREE 10 INITRANS 2 MAXTRANS 255 COMPUTE STATISTICS 
  STORAGE(INITIAL 65536 NEXT 1048576 MINEXTENTS 1 MAXEXTENTS 2147483645
  PCTINCREASE 0 FREELISTS 1 FREELIST GROUPS 1 BUFFER_POOL DEFAULT FLASH_CACHE DEFAULT CELL_FLASH_CACHE DEFAULT)
  TABLESPACE "USERS"  ENABLE;
--------------------------------------------------------
--  Constraints for Table POINT_LOG
--------------------------------------------------------

  ALTER TABLE "LEARN"."POINT_LOG" MODIFY ("LOG_NUM" NOT NULL ENABLE);
  ALTER TABLE "LEARN"."POINT_LOG" MODIFY ("USER_ID" NOT NULL ENABLE);
  ALTER TABLE "LEARN"."POINT_LOG" MODIFY ("ORDER_NO" NOT NULL ENABLE);
  ALTER TABLE "LEARN"."POINT_LOG" ADD CONSTRAINT "PK_POINT_LOG" PRIMARY KEY ("LOG_NUM")
  USING INDEX PCTFREE 10 INITRANS 2 MAXTRANS 255 COMPUTE STATISTICS 
  STORAGE(INITIAL 65536 NEXT 1048576 MINEXTENTS 1 MAXEXTENTS 2147483645
  PCTINCREASE 0 FREELISTS 1 FREELIST GROUPS 1 BUFFER_POOL DEFAULT FLASH_CACHE DEFAULT CELL_FLASH_CACHE DEFAULT)
  TABLESPACE "USERS"  ENABLE;
--------------------------------------------------------
--  Constraints for Table QNA_BOOKMARK
--------------------------------------------------------

  ALTER TABLE "LEARN"."QNA_BOOKMARK" MODIFY ("BOOKMARK_NO" NOT NULL ENABLE);
  ALTER TABLE "LEARN"."QNA_BOOKMARK" MODIFY ("USER_ID" NOT NULL ENABLE);
  ALTER TABLE "LEARN"."QNA_BOOKMARK" MODIFY ("BOARD_NO" NOT NULL ENABLE);
  ALTER TABLE "LEARN"."QNA_BOOKMARK" MODIFY ("LECTURE_NO" NOT NULL ENABLE);
  ALTER TABLE "LEARN"."QNA_BOOKMARK" MODIFY ("GRADE" NOT NULL ENABLE);
  ALTER TABLE "LEARN"."QNA_BOOKMARK" MODIFY ("CATEGORY_NAME" NOT NULL ENABLE);
  ALTER TABLE "LEARN"."QNA_BOOKMARK" ADD CONSTRAINT "PK_QNA_BOOKMARK" PRIMARY KEY ("BOOKMARK_NO")
  USING INDEX PCTFREE 10 INITRANS 2 MAXTRANS 255 COMPUTE STATISTICS 
  STORAGE(INITIAL 65536 NEXT 1048576 MINEXTENTS 1 MAXEXTENTS 2147483645
  PCTINCREASE 0 FREELISTS 1 FREELIST GROUPS 1 BUFFER_POOL DEFAULT FLASH_CACHE DEFAULT CELL_FLASH_CACHE DEFAULT)
  TABLESPACE "USERS"  ENABLE;
--------------------------------------------------------
--  Constraints for Table QNA_LIKE
--------------------------------------------------------

  ALTER TABLE "LEARN"."QNA_LIKE" MODIFY ("USER_ID" NOT NULL ENABLE);
  ALTER TABLE "LEARN"."QNA_LIKE" MODIFY ("BOARD_NO" NOT NULL ENABLE);
--------------------------------------------------------
--  Constraints for Table QUESTION_ANSWER
--------------------------------------------------------

  ALTER TABLE "LEARN"."QUESTION_ANSWER" MODIFY ("COMMENT_NO" NOT NULL ENABLE);
  ALTER TABLE "LEARN"."QUESTION_ANSWER" MODIFY ("USER_ID" NOT NULL ENABLE);
  ALTER TABLE "LEARN"."QUESTION_ANSWER" MODIFY ("BOARD_NO" NOT NULL ENABLE);
  ALTER TABLE "LEARN"."QUESTION_ANSWER" MODIFY ("GRADE" NOT NULL ENABLE);
  ALTER TABLE "LEARN"."QUESTION_ANSWER" ADD CONSTRAINT "PK_QUESTION_ANSWER" PRIMARY KEY ("COMMENT_NO")
  USING INDEX PCTFREE 10 INITRANS 2 MAXTRANS 255 COMPUTE STATISTICS 
  STORAGE(INITIAL 65536 NEXT 1048576 MINEXTENTS 1 MAXEXTENTS 2147483645
  PCTINCREASE 0 FREELISTS 1 FREELIST GROUPS 1 BUFFER_POOL DEFAULT FLASH_CACHE DEFAULT CELL_FLASH_CACHE DEFAULT)
  TABLESPACE "USERS"  ENABLE;
--------------------------------------------------------
--  Constraints for Table QUESTION_ANSWER_COMMENT
--------------------------------------------------------

  ALTER TABLE "LEARN"."QUESTION_ANSWER_COMMENT" MODIFY ("COMMENT2_NO" NOT NULL ENABLE);
  ALTER TABLE "LEARN"."QUESTION_ANSWER_COMMENT" MODIFY ("COMMENT_NO" NOT NULL ENABLE);
  ALTER TABLE "LEARN"."QUESTION_ANSWER_COMMENT" MODIFY ("USER_ID" NOT NULL ENABLE);
  ALTER TABLE "LEARN"."QUESTION_ANSWER_COMMENT" MODIFY ("GRADE" NOT NULL ENABLE);
  ALTER TABLE "LEARN"."QUESTION_ANSWER_COMMENT" ADD CONSTRAINT "PK_QUESTION_ANSWER_COMMNET" PRIMARY KEY ("COMMENT2_NO")
  USING INDEX PCTFREE 10 INITRANS 2 MAXTRANS 255 COMPUTE STATISTICS 
  STORAGE(INITIAL 65536 NEXT 1048576 MINEXTENTS 1 MAXEXTENTS 2147483645
  PCTINCREASE 0 FREELISTS 1 FREELIST GROUPS 1 BUFFER_POOL DEFAULT FLASH_CACHE DEFAULT CELL_FLASH_CACHE DEFAULT)
  TABLESPACE "USERS"  ENABLE;
--------------------------------------------------------
--  Constraints for Table QUESTION_BOARD
--------------------------------------------------------

  ALTER TABLE "LEARN"."QUESTION_BOARD" MODIFY ("QBOARD_NO" NOT NULL ENABLE);
  ALTER TABLE "LEARN"."QUESTION_BOARD" MODIFY ("USER_ID" NOT NULL ENABLE);
  ALTER TABLE "LEARN"."QUESTION_BOARD" MODIFY ("GRADE" NOT NULL ENABLE);
  ALTER TABLE "LEARN"."QUESTION_BOARD" ADD CONSTRAINT "PK_QUESTION_BOARD" PRIMARY KEY ("QBOARD_NO")
  USING INDEX PCTFREE 10 INITRANS 2 MAXTRANS 255 COMPUTE STATISTICS 
  STORAGE(INITIAL 65536 NEXT 1048576 MINEXTENTS 1 MAXEXTENTS 2147483645
  PCTINCREASE 0 FREELISTS 1 FREELIST GROUPS 1 BUFFER_POOL DEFAULT FLASH_CACHE DEFAULT CELL_FLASH_CACHE DEFAULT)
  TABLESPACE "USERS"  ENABLE;
--------------------------------------------------------
--  Constraints for Table REPORT_RESULT
--------------------------------------------------------

  ALTER TABLE "LEARN"."REPORT_RESULT" MODIFY ("RESULT_NO" NOT NULL ENABLE);
  ALTER TABLE "LEARN"."REPORT_RESULT" ADD CONSTRAINT "REPORT_RESULT_PK" PRIMARY KEY ("RESULT_NO")
  USING INDEX PCTFREE 10 INITRANS 2 MAXTRANS 255 COMPUTE STATISTICS 
  STORAGE(INITIAL 65536 NEXT 1048576 MINEXTENTS 1 MAXEXTENTS 2147483645
  PCTINCREASE 0 FREELISTS 1 FREELIST GROUPS 1 BUFFER_POOL DEFAULT FLASH_CACHE DEFAULT CELL_FLASH_CACHE DEFAULT)
  TABLESPACE "USERS"  ENABLE;
--------------------------------------------------------
--  Constraints for Table RESUME
--------------------------------------------------------

  ALTER TABLE "LEARN"."RESUME" MODIFY ("USER_ID" NOT NULL ENABLE);
  ALTER TABLE "LEARN"."RESUME" MODIFY ("CATEGORY_NAME" NOT NULL ENABLE);
  ALTER TABLE "LEARN"."RESUME" ADD CONSTRAINT "PK_RESUME" PRIMARY KEY ("USER_ID")
  USING INDEX PCTFREE 10 INITRANS 2 MAXTRANS 255 COMPUTE STATISTICS 
  STORAGE(INITIAL 65536 NEXT 1048576 MINEXTENTS 1 MAXEXTENTS 2147483645
  PCTINCREASE 0 FREELISTS 1 FREELIST GROUPS 1 BUFFER_POOL DEFAULT FLASH_CACHE DEFAULT CELL_FLASH_CACHE DEFAULT)
  TABLESPACE "USERS"  ENABLE;
--------------------------------------------------------
--  Constraints for Table ROADMAP
--------------------------------------------------------

  ALTER TABLE "LEARN"."ROADMAP" MODIFY ("RBOARD_NO" NOT NULL ENABLE);
  ALTER TABLE "LEARN"."ROADMAP" MODIFY ("USER_ID" NOT NULL ENABLE);
  ALTER TABLE "LEARN"."ROADMAP" ADD CONSTRAINT "PK_ROADMAP" PRIMARY KEY ("RBOARD_NO")
  USING INDEX PCTFREE 10 INITRANS 2 MAXTRANS 255 COMPUTE STATISTICS 
  STORAGE(INITIAL 65536 NEXT 1048576 MINEXTENTS 1 MAXEXTENTS 2147483645
  PCTINCREASE 0 FREELISTS 1 FREELIST GROUPS 1 BUFFER_POOL DEFAULT FLASH_CACHE DEFAULT CELL_FLASH_CACHE DEFAULT)
  TABLESPACE "USERS"  ENABLE;
--------------------------------------------------------
--  Constraints for Table USERS
--------------------------------------------------------

  ALTER TABLE "LEARN"."USERS" MODIFY ("USER_ID" NOT NULL ENABLE);
  ALTER TABLE "LEARN"."USERS" MODIFY ("GRADE" NOT NULL ENABLE);
  ALTER TABLE "LEARN"."USERS" ADD CONSTRAINT "PK_USER" PRIMARY KEY ("USER_ID")
  USING INDEX PCTFREE 10 INITRANS 2 MAXTRANS 255 COMPUTE STATISTICS 
  STORAGE(INITIAL 65536 NEXT 1048576 MINEXTENTS 1 MAXEXTENTS 2147483645
  PCTINCREASE 0 FREELISTS 1 FREELIST GROUPS 1 BUFFER_POOL DEFAULT FLASH_CACHE DEFAULT CELL_FLASH_CACHE DEFAULT)
  TABLESPACE "USERS"  ENABLE;
--------------------------------------------------------
--  Constraints for Table VOTE
--------------------------------------------------------

  ALTER TABLE "LEARN"."VOTE" MODIFY ("VOTE_NO" NOT NULL ENABLE);
  ALTER TABLE "LEARN"."VOTE" ADD CONSTRAINT "PK_VOTE" PRIMARY KEY ("VOTE_NO")
  USING INDEX PCTFREE 10 INITRANS 2 MAXTRANS 255 COMPUTE STATISTICS 
  STORAGE(INITIAL 65536 NEXT 1048576 MINEXTENTS 1 MAXEXTENTS 2147483645
  PCTINCREASE 0 FREELISTS 1 FREELIST GROUPS 1 BUFFER_POOL DEFAULT FLASH_CACHE DEFAULT CELL_FLASH_CACHE DEFAULT)
  TABLESPACE "USERS"  ENABLE;
--------------------------------------------------------
--  Constraints for Table VOTE_LOG
--------------------------------------------------------

  ALTER TABLE "LEARN"."VOTE_LOG" MODIFY ("VOTE_NO" NOT NULL ENABLE);
  ALTER TABLE "LEARN"."VOTE_LOG" MODIFY ("USER_ID" NOT NULL ENABLE);
  ALTER TABLE "LEARN"."VOTE_LOG" ADD CONSTRAINT "PK_VOTE_LOG" PRIMARY KEY ("VOTE_NO")
  USING INDEX PCTFREE 10 INITRANS 2 MAXTRANS 255 COMPUTE STATISTICS 
  STORAGE(INITIAL 65536 NEXT 1048576 MINEXTENTS 1 MAXEXTENTS 2147483645
  PCTINCREASE 0 FREELISTS 1 FREELIST GROUPS 1 BUFFER_POOL DEFAULT FLASH_CACHE DEFAULT CELL_FLASH_CACHE DEFAULT)
  TABLESPACE "USERS"  ENABLE;
--------------------------------------------------------
--  Ref Constraints for Table ALRAM_LIST
--------------------------------------------------------

  ALTER TABLE "LEARN"."ALRAM_LIST" ADD CONSTRAINT "ALRAM_LIST_FK1" FOREIGN KEY ("TO_ID")
	  REFERENCES "LEARN"."USERS" ("USER_ID") ENABLE;
--------------------------------------------------------
--  Ref Constraints for Table BOARD_COMMENT
--------------------------------------------------------

  ALTER TABLE "LEARN"."BOARD_COMMENT" ADD CONSTRAINT "FK_FBOARD_TO_BOARD_COMMENT_1" FOREIGN KEY ("BOARD_NO")
	  REFERENCES "LEARN"."FREE_BOARD" ("FBOARD_NO") ON DELETE CASCADE ENABLE;
  ALTER TABLE "LEARN"."BOARD_COMMENT" ADD CONSTRAINT "FK_USER_TO_BOARD_COMMENT_1" FOREIGN KEY ("USER_ID")
	  REFERENCES "LEARN"."USERS" ("USER_ID") ENABLE;
  ALTER TABLE "LEARN"."BOARD_COMMENT" ADD CONSTRAINT "FK_USER_TO_BOARD_COMMENT_2" FOREIGN KEY ("GRADE")
	  REFERENCES "LEARN"."GRADE" ("GRADE") ENABLE;
--------------------------------------------------------
--  Ref Constraints for Table BOARD_COMMENT2
--------------------------------------------------------

  ALTER TABLE "LEARN"."BOARD_COMMENT2" ADD CONSTRAINT "FBOARD_COM_TO_BOARD_COM2_1" FOREIGN KEY ("COMMENT_NO")
	  REFERENCES "LEARN"."BOARD_COMMENT" ("COMMENT_NO") ON DELETE CASCADE ENABLE;
  ALTER TABLE "LEARN"."BOARD_COMMENT2" ADD CONSTRAINT "FK_USER_TO_BOARD_COMMNET2_1" FOREIGN KEY ("USER_ID")
	  REFERENCES "LEARN"."USERS" ("USER_ID") ENABLE;
  ALTER TABLE "LEARN"."BOARD_COMMENT2" ADD CONSTRAINT "FK_USER_TO_BOARD_COMMNET2_2" FOREIGN KEY ("GRADE")
	  REFERENCES "LEARN"."GRADE" ("GRADE") ENABLE;
--------------------------------------------------------
--  Ref Constraints for Table CALLCENTER_COMMENT
--------------------------------------------------------

  ALTER TABLE "LEARN"."CALLCENTER_COMMENT" ADD CONSTRAINT "FK_CC_TO_CC_COMMENT_1" FOREIGN KEY ("QNA_NO")
	  REFERENCES "LEARN"."CALL_CENTER" ("QNA_NO") ON DELETE CASCADE ENABLE;
  ALTER TABLE "LEARN"."CALLCENTER_COMMENT" ADD CONSTRAINT "FK_USER_TO_CC_COMMENT_1" FOREIGN KEY ("USER_ID")
	  REFERENCES "LEARN"."USERS" ("USER_ID") ENABLE;
  ALTER TABLE "LEARN"."CALLCENTER_COMMENT" ADD CONSTRAINT "FK_USER_TO_CC_COMMENT_2" FOREIGN KEY ("GRADE")
	  REFERENCES "LEARN"."GRADE" ("GRADE") ENABLE;
--------------------------------------------------------
--  Ref Constraints for Table CALL_CENTER
--------------------------------------------------------

  ALTER TABLE "LEARN"."CALL_CENTER" ADD CONSTRAINT "FK_USER_TO_CALL_CENTER_1" FOREIGN KEY ("USER_ID")
	  REFERENCES "LEARN"."USERS" ("USER_ID") ENABLE;
  ALTER TABLE "LEARN"."CALL_CENTER" ADD CONSTRAINT "FK_USER_TO_CALL_CENTER_2" FOREIGN KEY ("GRADE")
	  REFERENCES "LEARN"."GRADE" ("GRADE") ENABLE;
--------------------------------------------------------
--  Ref Constraints for Table CART
--------------------------------------------------------

  ALTER TABLE "LEARN"."CART" ADD CONSTRAINT "FK_LECTURE_TO_CART_1" FOREIGN KEY ("LECTURE_NO")
	  REFERENCES "LEARN"."LECTURE" ("LECTURE_NO") ENABLE;
  ALTER TABLE "LEARN"."CART" ADD CONSTRAINT "FK_USER_TO_CART_1" FOREIGN KEY ("USER_ID")
	  REFERENCES "LEARN"."USERS" ("USER_ID") ENABLE;
--------------------------------------------------------
--  Ref Constraints for Table CHATTING_CONTENTLIST
--------------------------------------------------------

  ALTER TABLE "LEARN"."CHATTING_CONTENTLIST" ADD CONSTRAINT "CHATTING_CONTENTLIST_FK1" FOREIGN KEY ("CHAT_NO")
	  REFERENCES "LEARN"."CHATTING_LIST" ("CHAT_NO") ENABLE;
--------------------------------------------------------
--  Ref Constraints for Table CLASS
--------------------------------------------------------

  ALTER TABLE "LEARN"."CLASS" ADD CONSTRAINT "FK_LECTURE_TO_CLASS_1" FOREIGN KEY ("LECTURE_NO")
	  REFERENCES "LEARN"."LECTURE" ("LECTURE_NO") ENABLE;
  ALTER TABLE "LEARN"."CLASS" ADD CONSTRAINT "FK_LECTURE_TO_CLASS_2" FOREIGN KEY ("CATEGORY_NAME")
	  REFERENCES "LEARN"."CATEGORY" ("CATEGORY_NAME") ENABLE;
--------------------------------------------------------
--  Ref Constraints for Table FREE_BOARD
--------------------------------------------------------

  ALTER TABLE "LEARN"."FREE_BOARD" ADD CONSTRAINT "FK_USER_TO_FREE_BOARD_1" FOREIGN KEY ("USER_ID")
	  REFERENCES "LEARN"."USERS" ("USER_ID") ENABLE;
  ALTER TABLE "LEARN"."FREE_BOARD" ADD CONSTRAINT "FK_USER_TO_FREE_BOARD_2" FOREIGN KEY ("GRADE")
	  REFERENCES "LEARN"."GRADE" ("GRADE") ENABLE;
--------------------------------------------------------
--  Ref Constraints for Table FREE_BOOKMARK
--------------------------------------------------------

  ALTER TABLE "LEARN"."FREE_BOOKMARK" ADD CONSTRAINT "FK_FBOARD_TO_FBOOKMARK_1" FOREIGN KEY ("BOARD_NO")
	  REFERENCES "LEARN"."FREE_BOARD" ("FBOARD_NO") ENABLE;
  ALTER TABLE "LEARN"."FREE_BOOKMARK" ADD CONSTRAINT "FK_USER_TO_FREE_BOOKMARK_1" FOREIGN KEY ("USER_ID")
	  REFERENCES "LEARN"."USERS" ("USER_ID") ENABLE;
  ALTER TABLE "LEARN"."FREE_BOOKMARK" ADD CONSTRAINT "FK_USER_TO_FREE_BOOKMARK_2" FOREIGN KEY ("GRADE")
	  REFERENCES "LEARN"."GRADE" ("GRADE") ENABLE;
--------------------------------------------------------
--  Ref Constraints for Table FREE_LIKE
--------------------------------------------------------

  ALTER TABLE "LEARN"."FREE_LIKE" ADD CONSTRAINT "FK_FREE_BOARD_TO_FREE_LIKE_1" FOREIGN KEY ("BOARD_NO")
	  REFERENCES "LEARN"."FREE_BOARD" ("FBOARD_NO") ENABLE;
  ALTER TABLE "LEARN"."FREE_LIKE" ADD CONSTRAINT "FK_USER_TO_FREE_LIKE_1" FOREIGN KEY ("USER_ID")
	  REFERENCES "LEARN"."USERS" ("USER_ID") ENABLE;
--------------------------------------------------------
--  Ref Constraints for Table LECTURE
--------------------------------------------------------

  ALTER TABLE "LEARN"."LECTURE" ADD CONSTRAINT "FK_CATEGORY_TO_LECTURE_1" FOREIGN KEY ("CATEGORY_NAME")
	  REFERENCES "LEARN"."CATEGORY" ("CATEGORY_NAME") ENABLE;
  ALTER TABLE "LEARN"."LECTURE" ADD CONSTRAINT "FK_USER_TO_LECTURE_1" FOREIGN KEY ("USER_ID")
	  REFERENCES "LEARN"."USERS" ("USER_ID") ENABLE;
--------------------------------------------------------
--  Ref Constraints for Table LECTURE_LIKE
--------------------------------------------------------

  ALTER TABLE "LEARN"."LECTURE_LIKE" ADD CONSTRAINT "FK_LECTURE_TO_LECTURE_LIKE_1" FOREIGN KEY ("LECTURE_NO")
	  REFERENCES "LEARN"."LECTURE" ("LECTURE_NO") DISABLE;
  ALTER TABLE "LEARN"."LECTURE_LIKE" ADD CONSTRAINT "FK_USER_TO_LECTURE_LIKE_1" FOREIGN KEY ("USER_ID")
	  REFERENCES "LEARN"."USERS" ("USER_ID") DISABLE;
--------------------------------------------------------
--  Ref Constraints for Table LECTURE_NEWS
--------------------------------------------------------

  ALTER TABLE "LEARN"."LECTURE_NEWS" ADD CONSTRAINT "FK_LECTURE_TO_LECTURE_NEWS_1" FOREIGN KEY ("LECTURE_NO")
	  REFERENCES "LEARN"."LECTURE" ("LECTURE_NO") ENABLE;
--------------------------------------------------------
--  Ref Constraints for Table LECTURE_REVIEW
--------------------------------------------------------

  ALTER TABLE "LEARN"."LECTURE_REVIEW" ADD CONSTRAINT "FK_LECTURE_TO_LECTURE_RIVIEW_1" FOREIGN KEY ("LECTURE_NO")
	  REFERENCES "LEARN"."LECTURE" ("LECTURE_NO") ENABLE;
  ALTER TABLE "LEARN"."LECTURE_REVIEW" ADD CONSTRAINT "FK_USER_TO_LECTURE_RIVIEW_1" FOREIGN KEY ("USER_ID")
	  REFERENCES "LEARN"."USERS" ("USER_ID") ENABLE;
--------------------------------------------------------
--  Ref Constraints for Table LECTURE_REVIEW_COMMENT
--------------------------------------------------------

  ALTER TABLE "LEARN"."LECTURE_REVIEW_COMMENT" ADD CONSTRAINT "FK_LEC_TO_LR_COMMENT_1" FOREIGN KEY ("LECTURE_NO")
	  REFERENCES "LEARN"."LECTURE" ("LECTURE_NO") ENABLE;
  ALTER TABLE "LEARN"."LECTURE_REVIEW_COMMENT" ADD CONSTRAINT "FK_LR_TO_LR_COMMENT_1" FOREIGN KEY ("BOARD_NO")
	  REFERENCES "LEARN"."LECTURE_REVIEW" ("BOARD_NO") ENABLE;
--------------------------------------------------------
--  Ref Constraints for Table MYROADMAP
--------------------------------------------------------

  ALTER TABLE "LEARN"."MYROADMAP" ADD CONSTRAINT "MYROADMAP_ROADMAP_null_fk" FOREIGN KEY ("RBOARD_NO")
	  REFERENCES "LEARN"."ROADMAP" ("RBOARD_NO") ON DELETE CASCADE ENABLE;
  ALTER TABLE "LEARN"."MYROADMAP" ADD CONSTRAINT "MYROADMAP_USERS_null_fk" FOREIGN KEY ("USER_ID")
	  REFERENCES "LEARN"."USERS" ("USER_ID") ENABLE;
--------------------------------------------------------
--  Ref Constraints for Table NOTICE_BOARD
--------------------------------------------------------

  ALTER TABLE "LEARN"."NOTICE_BOARD" ADD CONSTRAINT "FK_USER_TO_NOTICE_BOARD_1" FOREIGN KEY ("USER_ID")
	  REFERENCES "LEARN"."USERS" ("USER_ID") ENABLE;
  ALTER TABLE "LEARN"."NOTICE_BOARD" ADD CONSTRAINT "FK_USER_TO_NOTICE_BOARD_2" FOREIGN KEY ("GRADE")
	  REFERENCES "LEARN"."GRADE" ("GRADE") ENABLE;
--------------------------------------------------------
--  Ref Constraints for Table OFF_TIMETABLE
--------------------------------------------------------

  ALTER TABLE "LEARN"."OFF_TIMETABLE" ADD CONSTRAINT "FK_LECTURE_TO_OFF_TIMETABLE_1" FOREIGN KEY ("LECTURE_NO")
	  REFERENCES "LEARN"."LECTURE" ("LECTURE_NO") ENABLE;
--------------------------------------------------------
--  Ref Constraints for Table ORDERS
--------------------------------------------------------

  ALTER TABLE "LEARN"."ORDERS" ADD CONSTRAINT "FK_USER_TO_ORDER_1" FOREIGN KEY ("USER_ID")
	  REFERENCES "LEARN"."USERS" ("USER_ID") ENABLE;
--------------------------------------------------------
--  Ref Constraints for Table ORDER_DETAIL
--------------------------------------------------------

  ALTER TABLE "LEARN"."ORDER_DETAIL" ADD CONSTRAINT "FK_LECTURE_TO_ORDER_DETAIL_1" FOREIGN KEY ("LECTURE_NO")
	  REFERENCES "LEARN"."LECTURE" ("LECTURE_NO") ENABLE;
  ALTER TABLE "LEARN"."ORDER_DETAIL" ADD CONSTRAINT "FK_ORDER_TO_ORDER_DETAIL_1" FOREIGN KEY ("ORDER_NO")
	  REFERENCES "LEARN"."ORDERS" ("ORDER_NO") ENABLE;
  ALTER TABLE "LEARN"."ORDER_DETAIL" ADD CONSTRAINT "FK_ORDER_TO_ORDER_DETAIL_2" FOREIGN KEY ("USER_ID")
	  REFERENCES "LEARN"."USERS" ("USER_ID") ENABLE;
--------------------------------------------------------
--  Ref Constraints for Table QNA_BOOKMARK
--------------------------------------------------------

  ALTER TABLE "LEARN"."QNA_BOOKMARK" ADD CONSTRAINT "FK_QBOARD_TO_QBOOKMARK_1" FOREIGN KEY ("BOARD_NO")
	  REFERENCES "LEARN"."QUESTION_BOARD" ("QBOARD_NO") ENABLE;
  ALTER TABLE "LEARN"."QNA_BOOKMARK" ADD CONSTRAINT "FK_QBOARD_TO_QBOOKMARK_2" FOREIGN KEY ("LECTURE_NO")
	  REFERENCES "LEARN"."LECTURE" ("LECTURE_NO") ENABLE;
  ALTER TABLE "LEARN"."QNA_BOOKMARK" ADD CONSTRAINT "FK_QBOARD_TO_QBOOKMARK_4" FOREIGN KEY ("CATEGORY_NAME")
	  REFERENCES "LEARN"."CATEGORY" ("CATEGORY_NAME") ENABLE;
  ALTER TABLE "LEARN"."QNA_BOOKMARK" ADD CONSTRAINT "FK_USER_TO_QNA_BOOKMARK_1" FOREIGN KEY ("USER_ID")
	  REFERENCES "LEARN"."USERS" ("USER_ID") ENABLE;
  ALTER TABLE "LEARN"."QNA_BOOKMARK" ADD CONSTRAINT "FK_USER_TO_QNA_BOOKMARK_2" FOREIGN KEY ("GRADE")
	  REFERENCES "LEARN"."GRADE" ("GRADE") ENABLE;
--------------------------------------------------------
--  Ref Constraints for Table QNA_LIKE
--------------------------------------------------------

  ALTER TABLE "LEARN"."QNA_LIKE" ADD CONSTRAINT "FK_QBOARD_TO_QNA_LIKE_1" FOREIGN KEY ("BOARD_NO")
	  REFERENCES "LEARN"."QUESTION_BOARD" ("QBOARD_NO") ENABLE;
  ALTER TABLE "LEARN"."QNA_LIKE" ADD CONSTRAINT "FK_USER_TO_QNA_LIKE_1" FOREIGN KEY ("USER_ID")
	  REFERENCES "LEARN"."USERS" ("USER_ID") ENABLE;
--------------------------------------------------------
--  Ref Constraints for Table QUESTION_ANSWER
--------------------------------------------------------

  ALTER TABLE "LEARN"."QUESTION_ANSWER" ADD CONSTRAINT "FK_QBOARD_TO_QNA_1" FOREIGN KEY ("BOARD_NO")
	  REFERENCES "LEARN"."QUESTION_BOARD" ("QBOARD_NO") ON DELETE CASCADE ENABLE;
  ALTER TABLE "LEARN"."QUESTION_ANSWER" ADD CONSTRAINT "FK_QBOARD_TO_QNA_2" FOREIGN KEY ("CATEGORY_NAME")
	  REFERENCES "LEARN"."CATEGORY" ("CATEGORY_NAME") ENABLE;
  ALTER TABLE "LEARN"."QUESTION_ANSWER" ADD CONSTRAINT "FK_USER_TO_QUESTION_ANSWER_1" FOREIGN KEY ("USER_ID")
	  REFERENCES "LEARN"."USERS" ("USER_ID") ENABLE;
  ALTER TABLE "LEARN"."QUESTION_ANSWER" ADD CONSTRAINT "FK_USER_TO_QUESTION_ANSWER_2" FOREIGN KEY ("GRADE")
	  REFERENCES "LEARN"."GRADE" ("GRADE") ENABLE;
--------------------------------------------------------
--  Ref Constraints for Table QUESTION_ANSWER_COMMENT
--------------------------------------------------------

  ALTER TABLE "LEARN"."QUESTION_ANSWER_COMMENT" ADD CONSTRAINT "FK_QNA_TO_QNA_COMMNET_1" FOREIGN KEY ("COMMENT_NO")
	  REFERENCES "LEARN"."QUESTION_ANSWER" ("COMMENT_NO") ON DELETE CASCADE ENABLE;
  ALTER TABLE "LEARN"."QUESTION_ANSWER_COMMENT" ADD CONSTRAINT "FK_QNA_TO_QNA_COMMNET_2" FOREIGN KEY ("CATEGORY_NAME")
	  REFERENCES "LEARN"."CATEGORY" ("CATEGORY_NAME") ENABLE;
  ALTER TABLE "LEARN"."QUESTION_ANSWER_COMMENT" ADD CONSTRAINT "FK_USER_TO_QNA_COM_1" FOREIGN KEY ("USER_ID")
	  REFERENCES "LEARN"."USERS" ("USER_ID") ENABLE;
  ALTER TABLE "LEARN"."QUESTION_ANSWER_COMMENT" ADD CONSTRAINT "FK_USER_TO_QNA_COM_2" FOREIGN KEY ("GRADE")
	  REFERENCES "LEARN"."GRADE" ("GRADE") ENABLE;
--------------------------------------------------------
--  Ref Constraints for Table QUESTION_BOARD
--------------------------------------------------------

  ALTER TABLE "LEARN"."QUESTION_BOARD" ADD CONSTRAINT "FK_USER_TO_QUESTION_BOARD_1" FOREIGN KEY ("USER_ID")
	  REFERENCES "LEARN"."USERS" ("USER_ID") ENABLE;
  ALTER TABLE "LEARN"."QUESTION_BOARD" ADD CONSTRAINT "FK_USER_TO_QUESTION_BOARD_2" FOREIGN KEY ("GRADE")
	  REFERENCES "LEARN"."GRADE" ("GRADE") ENABLE;
--------------------------------------------------------
--  Ref Constraints for Table RESUME
--------------------------------------------------------

  ALTER TABLE "LEARN"."RESUME" ADD CONSTRAINT "FK_CATEGORY_TO_RESUME_1" FOREIGN KEY ("CATEGORY_NAME")
	  REFERENCES "LEARN"."CATEGORY" ("CATEGORY_NAME") DISABLE;
  ALTER TABLE "LEARN"."RESUME" ADD CONSTRAINT "FK_USER_TO_RESUME_1" FOREIGN KEY ("USER_ID")
	  REFERENCES "LEARN"."USERS" ("USER_ID") DISABLE;
--------------------------------------------------------
--  Ref Constraints for Table ROADMAP
--------------------------------------------------------

  ALTER TABLE "LEARN"."ROADMAP" ADD CONSTRAINT "FK_USER_TO_ROADMAP_1" FOREIGN KEY ("USER_ID")
	  REFERENCES "LEARN"."USERS" ("USER_ID") ENABLE;
  ALTER TABLE "LEARN"."ROADMAP" ADD CONSTRAINT "FOREIGN_KEY_NAME" FOREIGN KEY ("CATEGORY_NAME")
	  REFERENCES "LEARN"."CATEGORY" ("CATEGORY_NAME") ENABLE;
--------------------------------------------------------
--  Ref Constraints for Table USERS
--------------------------------------------------------

  ALTER TABLE "LEARN"."USERS" ADD CONSTRAINT "FK_GRADE_TO_USER_1" FOREIGN KEY ("GRADE")
	  REFERENCES "LEARN"."GRADE" ("GRADE") ENABLE;
--------------------------------------------------------
--  Ref Constraints for Table VOTE_LOG
--------------------------------------------------------

  ALTER TABLE "LEARN"."VOTE_LOG" ADD CONSTRAINT "FK_USER_TO_VOTE_LOG_1" FOREIGN KEY ("USER_ID")
	  REFERENCES "LEARN"."USERS" ("USER_ID") ENABLE;
  ALTER TABLE "LEARN"."VOTE_LOG" ADD CONSTRAINT "FK_VOTE_TO_VOTE_LOG_1" FOREIGN KEY ("VOTE_NO")
	  REFERENCES "LEARN"."VOTE" ("VOTE_NO") ENABLE;
